x,y,z,u,v,w,p,speed
0,0,0,6.21001e-37,-5.75427e-37,-8.59944e-38,-0.107751,8.50972e-37
0.0769231,0,0,2.92655e-36,-1.2878e-36,-5.90715e-37,-0.103665,3.25147e-36
0.153846,0,0,4.40804e-36,-3.73057e-36,-2.63313e-36,-0.0989376,6.34676e-36
0.230769,0,0,5.46218e-36,-6.90362e-36,-5.38685e-36,-0.104634,1.03205e-35
0.307692,0,0,6.49252e-36,-1.1062e-35,-8.95617e-36,-0.128178,1.5644e-35
0.384615,0,0,7.47769e-36,-1.68773e-35,-1.38433e-35,-0.176692,2.30737e-35
0.461538,0,0,8.07043e-36,-2.51722e-35,-2.06252e-35,-0.260339,3.35286e-35
0.538462,0,0,8.61879e-36,-3.67365e-35,-2.98079e-35,-0.39539,4.80871e-35
0.615385,0,0,8.19774e-37,-6.41116e-35,-5.25598e-35,-0.590814,8.29066e-35
0.692308,0,0,-1.22789e-35,-8.34343e-35,-6.44087e-35,-0.956523,1.06116e-34
0.769231,0,0,4.02517e-36,-1.05553e-34,-8.39712e-35,-1.55047,1.3494e-34
0.846154,0,0,-6.64132e-34,-7.76088e-34,-7.25306e-34,-1.6654,1.25278e-33
0.923077,0,0,-6.63652e-34,2.60396e-34,1.2757e-33,-9.34819,1.46138e-33
1,0,0,-8.52443e-35,9,-2.87803e-34,-8.00839,9
0,0.0769231,0,1.23521e-36,-2.64081e-36,1.45431e-37,-0.111583,2.91904e-36
0.0769231,0.0769231,0,1.16878e-35,-1.04042e-35,-1.06972e-36,-0.10722,1.56843e-35
0.153846,0.0769231,0,3.45736e-35,-1.8252e-35,-4.68032e-36,-0.103956,3.93748e-35
0.230769,0.0769231,0,7.05473e-35,-2.59885e-35,-7.58706e-36,-0.111645,7.55638e-35
0.307692,0.0769231,0,1.20357e-34,-3.51775e-35,-1.02743e-35,-0.137695,1.25812e-34
0.384615,0.0769231,0,1.86422e-34,-4.75682e-35,-1.30625e-35,-0.189735,1.92838e-34
0.461538,0.0769231,0,2.72977e-34,-6.52226e-35,-1.58537e-35,-0.278359,2.81108e-34
0.538462,0.0769231,0,3.85889e-34,-9.10819e-35,-1.95268e-35,-0.418242,3.96973e-34
0.615385,0.0769231,0,5.32486e-34,-1.29982e-34,-2.14135e-35,-0.637141,5.48539e-34
0.692308,0.0769231,0,7.20771e-34,-1.87101e-34,-8.90859e-36,-0.995379,7.44713e-34
0.769231,0.0769231,0,9.31312e-34,-2.41987e-34,-6.07274e-35,-1.47974,9.64152e-34
0.846154,0.0769231,0,1.0839e-33,-1.43668e-34,2.20088e-34,-2.62669,1.11531e-33
0.923077,0.0769231,0,5.66697e-34,-1.86526e-34,4.44434e-34,-4.45535,7.43949e-34
1,0.0769231,0,-3.49719e-34,9,-4.53915e-34,-4.41887,9
0,0.153846,0,3.08772e-36,-3.59512e-36,1.70547e-36,-0.116313,5.03662e-36
0.0769231,0.153846,0,1.72447e-35,-2.94651e-35,1.21107e-36,-0.110636,3.4162e-35
0.153846,0.153846,0,4.80999e-35,-4.83493e-35,-2.07101e-36,-0.107971,6.82316e-35
0.230769,0.153846,0,9.42013e-35,-6.70675e-35,-4.02839e-36,-0.117432,1.15707e-34
0.307692,0.153846,0,1.56107e-34,-8.90025e-35,-5.37262e-36,-0.145082,1.79777e-34
0.384615,0.153846,0,2.35711e-34,-1.17156e-34,-6.28738e-36,-0.197645,2.63296e-34
0.461538,0.153846,0,3.3535e-34,-1.54256e-34,-6.70012e-36,-0.28403,3.69187e-34
0.538462,0.153846,0,4.56123e-34,-2.02717e-34,-6.0619e-36,-0.416945,4.99178e-34
0.615385,0.153846,0,5.94334e-34,-2.63006e-34,-1.96937e-36,-0.616201,6.4993e-34
0.692308,0.153846,0,7.31331e-34,-3.23065e-34,1.99909e-36,-0.90075,7.99512e-34
0.769231,0.153846,0,8.10709e-34,-3.14271e-34,3.02842e-35,-1.31595,8.70019e-34
0.846154,0.153846,0,6.80555e-34,1.26998e-34,8.93415e-35,-1.89417,6.98044e-34
0.923077,0.153846,0,2.54674e-34,5.39958e-34,2.50361e-35,-2.29209,5.97528e-34
1,0.153846,0,9.74745e-35,9,-4.43445e-34,-1.69931,9
0,0.230769,0,4.58537e-36,-3.55402e-36,3.25578e-36,-0.111405,6.65258e-36
0.0769231,0.230769,0,1.80775e-35,-5.40734e-35,2.41914e-36,-0.105485,5.70665e-35
0.153846,0.230769,0,4.93312e-35,-8.49738e-35,-3.25988e-37,-0.102895,9.82559e-35
0.230769,0.230769,0,9.44436e-35,-1.15152e-34,-1.44273e-36,-0.112222,1.48935e-34
0.307692,0.230769,0,1.53186e-34,-1.49805e-34,-1.80811e-36,-0.138024,2.14268e-34
0.384615,0.230769,0,2.26024e-34,-1.92122e-34,-1.59876e-36,-0.185226,2.96648e-34
0.461538,0.230769,0,3.12381e-34,-2.43308e-34,-6.92498e-37,-0.260145,3.95956e-34
0.538462,0.230769,0,4.07983e-34,-3.0109e-34,1.37047e-36,-0.37075,5.07057e-34
0.615385,0.230769,0,5.00108e-34,-3.5445e-34,4.68694e-36,-0.525147,6.12997e-34
0.692308,0.230769,0,5.59953e-34,-3.67048e-34,1.11957e-35,-0.730321,6.69624e-34
0.769231,0.230769,0,5.33499e-34,-2.22625e-34,1.98776e-35,-0.980163,5.78427e-34
0.846154,0.230769,0,3.59735e-34,4.68506e-34,1.08649e-35,-1.21556,5.90783e-34
0.923077,0.230769,0,1.06017e-34,9.32064e-34,-4.05541e-35,-1.28462,9.3895e-34
1,0.230769,0,1.39475e-35,9,-1.52106e-34,-1.08383,9
0,0.307692,0,5.34256e-36,-2.98532e-36,4.31366e-36,-0.0928146,7.4875e-36
0.0769231,0.307692,0,1.48545e-35,-7.79671e-35,2.39965e-36,-0.0877302,7.94058e-35
0.153846,0.307692,0,4.02612e-35,-1.19419e-34,4.17336e-37,-0.0854173,1.26024e-34
0.230769,0.307692,0,7.6126e-35,-1.59022e-34,3.56728e-38,-0.0930132,1.76304e-34
0.307692,0.307692,0,1.21638e-34,-2.03442e-34,3.36303e-37,-0.113662,2.37033e-34
0.384615,0.307692,0,1.7619e-34,-2.55217e-34,1.14232e-36,-0.150457,3.10129e-34
0.461538,0.307692,0,2.37573e-34,-3.12739e-34,2.49159e-36,-0.207076,3.92751e-34
0.538462,0.307692,0,2.9957e-34,-3.67563e-34,4.42866e-36,-0.287167,4.74199e-34
0.615385,0.307692,0,3.48778e-34,-3.97468e-34,6.89784e-36,-0.392684,5.28843e-34
0.692308,0.307692,0,3.61994e-34,-3.49554e-34,9.07885e-36,-0.519969,5.03299e-34
0.769231,0.307692,0,3.10266e-34,-9.61876e-35,6.84083e-36,-0.650674,3.24906e-34
0.846154,0.307692,0,1.84346e-34,7.09315e-34,-7.22932e-36,-0.743477,7.32914e-34
0.923077,0.307692,0,4.96724e-35,1.12618e-33,-2.36852e-35,-0.75462,1.12752e-33
1,0.307692,0,-1.74717e-36,9,-8.15179e-35,-0.649219,9
0,0.384615,0,5.2494e-36,-2.19433e-36,4.67794e-36,-0.0613727,7.36576e-36
0.0769231,0.384615,0,8.8211e-36,-9.5672e-35,1.50372e-36,-0.0579971,9.60896e-35
0.153846,0.384615,0,2.39608e-35,-1.44471e-34,5.05387e-37,-0.0564306,1.46445e-34
0.230769,0.384615,0,4.50505e-35,-1.90254e-34,8.03304e-37,-0.0614277,1.95516e-34
0.307692,0.384615,0,7.13418e-35,-2.40625e-34,1.59382e-36,-0.0747734,2.50983e-34
0.384615,0.384615,0,1.02085e-34,-2.97293e-34,2.73425e-36,-0.0980674,3.14343e-34
0.461538,0.384615,0,1.35348e-34,-3.56072e-34,4.22561e-36,-0.13307,3.80951e-34
0.538462,0.384615,0,1.66593e-34,-4.03734e-34,5.90189e-36,-0.180919,4.36794e-34
0.615385,0.384615,0,1.87309e-34,-4.11053e-34,7.20286e-36,-0.240739,4.51776e-34
0.692308,0.384615,0,1.852e-34,-3.18652e-34,7.1564e-36,-0.30753,3.68632e-34
0.769231,0.384615,0,1.49153e-34,-3.57446e-36,3.50027e-36,-0.368329,1.49237e-34
0.846154,0.384615,0,8.26782e-35,8.4591e-34,-5.23098e-36,-0.403889,8.49957e-34
0.923077,0.384615,0,2.03457e-35,1.22209e-33,-1.41968e-35,-0.400171,1.22234e-33
1,0.384615,0,-1.16701e-35,9,-4.66544e-35,-0.353346,9
0,0.461538,0,4.3562e-36,-1.38526e-36,4.32098e-36,-0.021069,6.29018e-36
0.0769231,0.461538,0,1.29437e-36,-1.03552e-34,1.31131e-37,-0.0199338,1.0356e-34
0.153846,0.461538,0,3.76877e-36,-1.55441e-34,2.48679e-37,-0.0195075,1.55487e-34
0.230769,0.461538,0,7.18264e-36,-2.03753e-34,1.16382e-36,-0.0215244,2.03883e-34
0.307692,0.461538,0,1.13962e-35,-2.56453e-34,2.33582e-36,-0.0264651,2.56716e-34
0.384615,0.461538,0,1.62836e-35,-3.14798e-34,3.73911e-36,-0.0348173,3.15241e-34
0.461538,0.461538,0,2.15025e-35,-3.7339e-34,5.32493e-36,-0.0470373,3.74047e-34
0.538462,0.461538,0,2.623e-35,-4.16919e-34,6.769e-36,-0.0631078,4.17799e-34
0.615385,0.461538,0,2.90702e-35,-4.1343e-34,7.97724e-36,-0.0827262,4.14528e-34
0.692308,0.461538,0,2.81215e-35,-3.02088e-34,8.32957e-36,-0.10372,3.03508e-34
0.769231,0.461538,0,2.17813e-35,3.57851e-35,5.81351e-36,-0.120449,4.22942e-35
0.846154,0.461538,0,1.12707e-35,8.98093e-34,7.3598e-37,-0.128268,8.98164e-34
0.923077,0.461538,0,2.09918e-36,1.25668e-33,-5.17941e-36,-0.124468,1.25669e-33
1,0.461538,0,-1.80575e-35,9,-3.10264e-35,-0.10966,9
0,0.538462,0,2.82698e-36,-7.15369e-37,3.33737e-36,0.0223507,4.43189e-36
0.0769231,0.538462,0,-6.44473e-36,-1.00085e-34,-1.29053e-36,0.0210685,1.00301e-34
0.153846,0.538462,0,-1.7021e-35,-1.50401e-34,-4.17268e-38,0.020214,1.51361e-34
0.230769,0.538462,0,-3.17388e-35,-1.97513e-34,1.40801e-36,0.0212966,2.00052e-34
0.307692,0.538462,0,-5.00302e-35,-2.49172e-34,2.8934e-36,0.0251041,2.54162e-34
0.384615,0.538462,0,-7.12633e-35,-3.0684e-34,4.52619e-36,0.0321383,3.15039e-34
0.461538,0.538462,0,-9.39769e-35,-3.65658e-34,6.28106e-36,0.0429305,3.77594e-34
0.538462,0.538462,0,-1.14844e-34,-4.11185e-34,8.32284e-36,0.0574896,4.27003e-34
0.615385,0.538462,0,-1.27943e-34,-4.12559e-34,1.055e-35,0.0753493,4.32072e-34
0.692308,0.538462,0,-1.25329e-34,-3.09807e-34,1.07354e-35,0.0969814,3.3437e-34
0.769231,0.538462,0,-1.00334e-34,1.79632e-35,9.44572e-36,0.117289,1.02366e-34
0.846154,0.538462,0,-5.5656e-35,8.75545e-34,9.81962e-36,0.126976,8.77367e-34
0.923077,0.538462,0,-1.52218e-35,1.24335e-33,4.40047e-36,0.128358,1.24346e-33
1,0.538462,0,-2.71461e-35,9,-2.14952e-35,0.116325,9
0,0.615385,0,9.32044e-37,-3.25443e-37,1.92633e-36,0.0625793,2.16458e-36
0.0769231,0.615385,0,-1.31259e-35,-8.59156e-35,-2.34449e-36,0.0590587,8.69441e-35
0.153846,0.615385,0,-3.51303e-35,-1.30205e-34,-8.87955e-38,0.0570949,1.34861e-34
0.230769,0.615385,0,-6.60248e-35,-1.72423e-34,1.76479e-36,0.061241,1.8464e-34
0.307692,0.615385,0,-1.0495e-34,-2.19542e-34,3.46734e-36,0.0735631,2.43362e-34
0.384615,0.615385,0,-1.5107e-34,-2.73752e-34,5.3801e-36,0.0955582,3.12716e-34
0.461538,0.615385,0,-2.02035e-34,-3.3234e-34,7.614e-36,0.128925,3.89006e-34
0.538462,0.615385,0,-2.51691e-34,-3.84793e-34,1.04696e-35,0.174645,4.59917e-34
0.615385,0.615385,0,-2.88392e-34,-4.05521e-34,1.24183e-35,0.233902,4.97767e-34
0.692308,0.615385,0,-2.92606e-34,-3.37693e-34,1.57487e-35,0.299479,4.47105e-34
0.769231,0.615385,0,-2.44156e-34,-5.33272e-35,2.40814e-35,0.355546,2.51069e-34
0.846154,0.615385,0,-1.41649e-34,7.75497e-34,2.66856e-35,0.395403,7.88779e-34
0.923077,0.615385,0,-4.03565e-35,1.17491e-33,8.45434e-36,0.411531,1.17563e-33
1,0.615385,0,-3.69026e-35,9,-1.73775e-35,0.366244,9
0,0.692308,0,-9.0196e-37,-2.95357e-37,4.29098e-37,0.0938048,1.04158e-36
0.0769231,0.692308,0,-1.74455e-35,-6.38301e-35,-2.64894e-36,0.0886448,6.62241e-35
0.153846,0.692308,0,-4.72143e-35,-9.84858e-35,3.47991e-37,0.0859967,1.09219e-34
0.230769,0.692308,0,-8.97568e-35,-1.32358e-34,2.42501e-36,0.0929342,1.5994e-34
0.307692,0.692308,0,-1.44601e-34,-1.71097e-34,4.29341e-36,0.112748,2.24058e-34
0.384615,0.692308,0,-2.11657e-34,-2.17701e-34,6.59115e-36,0.148197,3.03704e-34
0.461538,0.692308,0,-2.89598e-34,-2.72462e-34,9.05841e-36,0.203434,3.97724e-34
0.538462,0.692308,0,-3.72529e-34,-3.30854e-34,1.28575e-35,0.28097,4.98405e-34
0.615385,0.692308,0,-4.46839e-34,-3.76738e-34,1.77444e-35,0.383216,5.84732e-34
0.692308,0.692308,0,-4.81552e-34,-3.65165e-34,3.14945e-35,0.498623,6.05169e-34
0.769231,0.692308,0,-4.396e-34,-1.71892e-34,2.94127e-35,0.638865,4.72927e-34
0.846154,0.692308,0,-2.8144e-34,5.73052e-34,2.35263e-35,0.752617,6.38866e-34
0.923077,0.692308,0,-8.72275e-35,1.03301e-33,2.02917e-35,0.770878,1.03689e-33
1,0.692308,0,-9.01934e-35,9,1.16941e-35,0.628531,9
0,0.769231,0,-2.2852e-36,-7.03438e-37,-8.67707e-37,0.112266,2.54359e-36
0.0769231,0.769231,0,-1.81237e-35,-3.86467e-35,-2.02124e-36,0.106292,4.27331e-35
0.153846,0.769231,0,-5.00197e-35,-6.15954e-35,1.30543e-36,0.10347,7.93579e-35
0.230769,0.769231,0,-9.69271e-35,-8.45165e-35,3.41665e-36,0.112457,1.28645e-34
0.307692,0.769231,0,-1.59202e-34,-1.1135e-34,5.43685e-36,0.137696,1.94354e-34
0.384615,0.769231,0,-2.38243e-34,-1.45332e-34,7.89194e-36,0.183873,2.79183e-34
0.461538,0.769231,0,-3.35476e-34,-1.89024e-34,1.04212e-35,0.25795,3.85205e-34
0.538462,0.769231,0,-4.49038e-34,-2.43655e-34,1.64437e-35,0.364161,5.11149e-34
0.615385,0.769231,0,-5.71796e-34,-3.06508e-34,2.07567e-35,0.517523,6.49099e-34
0.692308,0.769231,0,-6.73874e-34,-3.57478e-34,3.24787e-35,0.71472,7.63513e-34
0.769231,0.769231,0,-7.05519e-34,-2.97708e-34,2.38379e-35,0.979094,7.6613e-34
0.846154,0.769231,0,-5.12953e-34,2.83905e-34,1.45969e-34,1.09345,6.04177e-34
0.923077,0.769231,0,-1.8344e-34,7.92451e-34,1.08376e-34,1.2594,8.20594e-34
1,0.769231,0,-1.04972e-34,9,-1.60908e-35,1.15223,9
0,0.846154,0,-2.42461e-36,-1.24122e-36,-1.29156e-36,0.11667,3.01454e-36
0.0769231,0.846154,0,-1.41837e-35,-1.64921e-35,-2.2246e-37,0.111086,2.17536e-35
0.153846,0.846154,0,-4.09946e-35,-2.77955e-35,2.86564e-36,0.108464,4.96121e-35
0.230769,0.846154,0,-8.22268e-35,-3.90588e-35,5.02858e-36,0.11793,9.11708e-35
0.307692,0.846154,0,-1.3872e-34,-5.24542e-35,7.35244e-36,0.145277,1.48488e-34
0.384615,0.846154,0,-2.12996e-34,-7.03112e-35,1.00053e-35,0.197274,2.24524e-34
0.461538,0.846154,0,-3.08972e-34,-9.51749e-35,1.35402e-35,0.282589,3.23582e-34
0.538462,0.846154,0,-4.31426e-34,-1.30586e-34,1.99556e-35,0.41218,4.51197e-34
0.615385,0.846154,0,-5.86896e-34,-1.82136e-34,2.22355e-35,0.612765,6.1491e-34
0.692308,0.846154,0,-7.62777e-34,-2.48919e-34,6.25877e-35,0.865273,8.04802e-34
0.769231,0.846154,0,-9.43295e-34,-3.01831e-34,8.96179e-35,1.25782,9.94454e-34
0.846154,0.846154,0,-8.75825e-34,-8.45327e-35,2.4208e-34,1.65476,9.12589e-34
0.923077,0.846154,0,-4.78007e-34,1.39093e-34,-3.31819e-34,2.74879,5.98282e-34
1,0.846154,0,-9.8341e-35,9,-3.45883e-36,2.02572,9
0,0.923077,0,-8.4542e-37,-7.8662e-37,-4.25017e-37,0.111078,1.23051e-36
0.0769231,0.923077,0,-6.03788e-36,-3.42135e-36,5.55173e-37,0.108178,6.96203e-36
0.153846,0.923077,0,-1.94713e-35,-6.21192e-36,2.563e-36,0.105494,2.05983e-35
0.230769,0.923077,0,-4.13855e-35,-8.93823e-36,4.26721e-36,0.113637,4.25542e-35
0.307692,0.923077,0,-7.21768e-35,-1.22525e-35,5.95348e-36,0.140148,7.3451e-35
0.384615,0.923077,0,-1.13576e-34,-1.69504e-35,7.62016e-36,0.19289,1.15086e-34
0.461538,0.923077,0,-1.68737e-34,-2.40451e-35,9.83986e-36,0.281923,1.70725e-34
0.538462,0.923077,0,-2.43798e-34,-3.54141e-35,1.04567e-35,0.425902,2.46578e-34
0.615385,0.923077,0,-3.47604e-34,-5.51713e-35,1.25514e-35,0.647254,3.52179e-34
0.692308,0.923077,0,-4.79222e-34,-8.61854e-35,4.12211e-35,0.977548,4.88652e-34
0.769231,0.923077,0,-7.52142e-34,-1.68843e-34,-9.67889e-35,1.6954,7.76913e-34
0.846154,0.923077,0,-8.19057e-34,-1.90549e-34,2.33032e-34,2.415,8.72621e-34
0.923077,0.923077,0,-7.96174e-34,-2.07506e-34,7.1973e-34,3.88398,1.09314e-33
1,0.923077,0,-2.73963e-33,9,1.66623e-33,0.720008,9
0,1,0,-6.89859e-37,1.18144e-36,-5.10218e-37,0.111416,1.46015e-36
0.0769231,1,0,-3.83777e-37,1.88771e-37,9.07485e-37,0.104514,1.00322e-36
0.153846,1,0,4.19817e-36,-1.97228e-36,2.02508e-36,0.0977132,5.06117e-36
0.230769,1,0,1.35955e-35,-4.99916e-36,2.24028e-36,0.101258,1.46577e-35
0.307692,1,0,2.74117e-35,-8.64734e-36,1.69121e-36,0.122872,2.8793e-35
0.384615,1,0,4.63988e-35,-1.36694e-35,9.71692e-37,0.168859,4.83802e-35
0.461538,1,0,7.24755e-35,-2.06133e-35,-1.97503e-38,0.248937,7.53499e-35
0.538462,1,0,1.08467e-34,-3.04014e-35,-1.18673e-36,0.377531,1.12654e-34
0.615385,1,0,1.63131e-34,-5.23562e-35,3.15688e-36,0.567816,1.71356e-34
0.692308,1,0,2.53338e-34,-8.72186e-35,3.57713e-36,0.878168,2.67955e-34
0.769231,1,0,3.29006e-34,-2.75336e-35,-5.14537e-35,1.54104,3.34141e-34
0.846154,1,0,9.52255e-34,-1.10849e-33,6.29835e-34,1.12115,1.5913e-33
0.923077,1,0,1.71115e-33,-9.39917e-34,-1.3201e-33,7.978,2.35672e-33
1,1,0,1.06517e-33,9,-2.32271e-33,15.3545,9
0,0,0.0769231,1.11577e-36,-6.84511e-37,-1.31695e-37,-0.108084,1.31561e-36
0.0769231,0,0.0769231,1.11654e-35,-3.71772e-36,-2.24749e-36,-0.102792,1.19807e-35
0.153846,0,0.0769231,3.39845e-35,-9.87661e-36,-5.10074e-36,-0.0955393,3.57562e-35
0.230769,0,0.0769231,7.09866e-35,-1.46688e-35,-8.11508e-36,-0.0994209,7.29392e-35
0.307692,0,0.0769231,1.22772e-34,-2.00661e-35,-1.1095e-35,-0.121122,1.24894e-34
0.384615,0,0.0769231,1.92103e-34,-2.75804e-35,-1.41006e-35,-0.167283,1.94584e-34
0.461538,0,0.0769231,2.84142e-34,-3.8866e-35,-1.72284e-35,-0.247453,2.87305e-34
0.538462,0,0.0769231,4.08753e-34,-5.54696e-35,-2.05022e-35,-0.37693,4.13009e-34
0.615385,0,0.0769231,5.7505e-34,-8.99211e-35,-2.39563e-35,-0.571305,5.82531e-34
0.692308,0,0.0769231,8.05602e-34,-1.35658e-34,-2.80542e-35,-0.913151,8.17425e-34
0.769231,0,0.0769231,1.2169e-33,-1.72208e-34,-2.97835e-35,-1.46756,1.22939e-33
0.846154,0,0.0769231,1.09966e-33,-8.95712e-34,-4.82847e-35,-1.90429,1.41911e-33
0.923077,0,0.0769231,2.26316e-34,-2.22409e-34,-2.85169e-35,-8.04716,3.18588e-34
1,0,0.0769231,-4.5204e-33,9,-2.80723e-34,-16.4042,9
0,0.0769231,0.0769231,4.38315e-36,-9.57369e-36,-7.46159e-37,-0.113346,1.05558e-35
0.0769231,0.0769231,0.0769231,0.00871554,-0.00752889,-0.00145239,-0.107794,0.0116084
0.153846,0.0769231,0.0769231,0.0375444,-0.0170115,-0.00509135,-0.105429,0.0415319
0.230769,0.0769231,0.0769231,0.0874734,-0.0255015,-0.00882715,-0.11437,0.0915415
0.307692,0.0769231,0.0769231,0.158672,-0.0348933,-0.0124705,-0.141565,0.162941
0.384615,0.0769231,0.0769231,0.254336,-0.0472384,-0.0161836,-0.194689,0.259192
0.461538,0.0769231,0.0769231,0.380907,-0.0648192,-0.0201521,-0.284171,0.386908
0.538462,0.0769231,0.0769231,0.549004,-0.0909304,-0.0244916,-0.42505,0.557022
0.615385,0.0769231,0.0769231,0.774649,-0.131198,-0.0291866,-0.645606,0.786223
0.692308,0.0769231,0.0769231,1.07422,-0.198494,-0.035377,-0.993363,1.09298
0.769231,0.0769231,0.0769231,1.51052,-0.300816,-0.0378967,-1.50422,1.54065
0.846154,0.0769231,0.0769231,2.01364,-0.398668,-0.0393374,-2.68237,2.0531
0.923077,0.0769231,0.0769231,1.7386,0.0121025,-0.107789,-4.42666,1.74198
1,0.0769231,0.0769231,1.45583e-33,9,-3.15561e-34,-3.91427,9
0,0.153846,0.0769231,9.52695e-36,-2.78356e-35,5.82117e-37,-0.120708,2.94266e-35
0.0769231,0.153846,0.0769231,0.0170529,-0.0320766,0.000398868,-0.11114,0.03633
0.153846,0.153846,0.0769231,0.0635888,-0.0615897,-0.00333095,-0.109599,0.0885885
0.230769,0.153846,0.0769231,0.137577,-0.089257,-0.00695488,-0.120809,0.164142
0.307692,0.153846,0.0769231,0.239634,-0.119997,-0.0102699,-0.150094,0.268196
0.384615,0.153846,0.0769231,0.373182,-0.158778,-0.0134343,-0.204217,0.405778
0.461538,0.153846,0.0769231,0.543619,-0.210343,-0.0166132,-0.29219,0.583131
0.538462,0.153846,0.0769231,0.756763,-0.279781,-0.0199721,-0.42707,0.807072
0.615385,0.153846,0.0769231,1.01435,-0.372695,-0.02387,-0.627927,1.08092
0.692308,0.153846,0.0769231,1.30606,-0.489074,-0.0287515,-0.917443,1.39492
0.769231,0.153846,0.0769231,1.57058,-0.586264,-0.0355537,-1.35107,1.67681
0.846154,0.153846,0.0769231,1.55413,-0.425879,-0.0587002,-1.92375,1.6125
0.923077,0.153846,0.0769231,0.815925,1.48372,-0.0982432,-2.26556,1.69612
1,0.153846,0.0769231,5.48087e-34,9,-4.71665e-35,-1.82233,9
0,0.230769,0.0769231,1.06763e-35,-5.24353e-35,1.72509e-36,-0.116575,5.35389e-35
0.0769231,0.230769,0.0769231,0.0198924,-0.0689779,0.00212817,-0.105376,0.0718205
0.153846,0.230769,0.0769231,0.0717743,-0.122167,-0.00107141,-0.103553,0.141695
0.230769,0.230769,0.0769231,0.150545,-0.171732,-0.00404827,-0.114385,0.228412
0.307692,0.230769,0.0769231,0.255594,-0.226456,-0.00656468,-0.141508,0.341546
0.384615,0.230769,0.0769231,0.388574,-0.29279,-0.00882067,-0.18996,0.486615
0.461538,0.230769,0.0769231,0.550604,-0.374756,-0.0110265,-0.26621,0.66613
0.538462,0.230769,0.0769231,0.738419,-0.472735,-0.0134574,-0.378384,0.876882
0.615385,0.230769,0.0769231,0.93729,-0.578417,-0.0166153,-0.535249,1.10152
0.692308,0.230769,0.0769231,1.10642,-0.656589,-0.0215956,-0.745123,1.28676
0.769231,0.230769,0.0769231,1.15226,-0.587685,-0.031703,-1.00013,1.29387
0.846154,0.230769,0.0769231,0.917684,0.0375363,-0.0525871,-1.23545,0.919955
0.923077,0.230769,0.0769231,0.380215,2.44525,-0.072137,-1.29268,2.47569
1,0.230769,0.0769231,1.59159e-34,9,-4.74517e-35,-1.14368,9
0,0.307692,0.0769231,9.02299e-36,-7.6603e-35,2.00386e-36,-0.0973906,7.71586e-35
0.0769231,0.307692,0.0769231,0.0177715,-0.107964,0.00270933,-0.0872914,0.109451
0.153846,0.307692,0.0769231,0.0635153,-0.183804,0.000289267,-0.085395,0.194469
0.230769,0.307692,0.0769231,0.131279,-0.252764,-0.00193083,-0.0941436,0.284829
0.307692,0.307692,0.0769231,0.219199,-0.327621,-0.00369613,-0.11575,0.394205
0.384615,0.307692,0.0769231,0.326952,-0.414861,-0.00520174,-0.153454,0.528238
0.461538,0.307692,0.0769231,0.452197,-0.515022,-0.00667255,-0.211062,0.685401
0.538462,0.307692,0.0769231,0.586397,-0.619543,-0.00841293,-0.292418,0.853092
0.615385,0.307692,0.0769231,0.708517,-0.701768,-0.0109686,-0.399856,0.997294
0.692308,0.307692,0.0769231,0.776983,-0.694726,-0.0154905,-0.529811,1.04239
0.769231,0.307692,0.0769231,0.727838,-0.43554,-0.0239602,-0.663806,0.848539
0.846154,0.307692,0.0769231,0.508901,0.465908,-0.0372797,-0.760024,0.690971
0.923077,0.307692,0.0769231,0.184762,2.96946,-0.0467537,-0.764907,2.97557
1,0.307692,0.0769231,6.9983e-35,9,-2.87895e-35,-0.681496,9
0,0.384615,0.0769231,5.55314e-36,-9.45928e-35,1.438e-36,-0.064479,9.47666e-35
0.0769231,0.384615,0.0769231,0.0120502,-0.139599,0.00214053,-0.0575614,0.140135
0.153846,0.384615,0.0769231,0.0429935,-0.232981,0.000640013,-0.0561908,0.236916
0.230769,0.384615,0.0769231,0.0882329,-0.315959,-0.000729723,-0.0619206,0.328048
0.307692,0.384615,0.0769231,0.1458,-0.404412,-0.00178315,-0.0758436,0.429895
0.384615,0.384615,0.0769231,0.214587,-0.504159,-0.0026558,-0.0996942,0.547934
0.461538,0.384615,0.0769231,0.291516,-0.611724,-0.00351944,-0.135284,0.677644
0.538462,0.384615,0.0769231,0.368623,-0.710105,-0.00460295,-0.183899,0.800096
0.615385,0.384615,0.0769231,0.429585,-0.758695,-0.00629366,-0.244896,0.871895
0.692308,0.384615,0.0769231,0.447747,-0.673224,-0.00927432,-0.313231,0.808576
0.769231,0.384615,0.0769231,0.392646,-0.28604,-0.0143571,-0.376154,0.486
0.846154,0.384615,0.0769231,0.254645,0.744075,-0.0215245,-0.41384,0.786737
0.923077,0.384615,0.0769231,0.0859087,3.24313,-0.0258544,-0.406388,3.24437
1,0.384615,0.0769231,3.26183e-35,9,-1.59988e-35,-0.364821,9
0,0.461538,0.0769231,1.12476e-36,-1.02626e-34,3.43754e-37,-0.0222053,1.02633e-34
0.0769231,0.461538,0.0769231,0.00420533,-0.157168,0.000788897,-0.0197421,0.157226
0.153846,0.461538,0.0769231,0.015123,-0.26005,0.000282834,-0.0193884,0.26049
0.230769,0.461538,0.0769231,0.0310036,-0.350289,-0.00015954,-0.0216742,0.351658
0.307692,0.461538,0.0769231,0.0509755,-0.445409,-0.000503145,-0.0267955,0.448317
0.384615,0.461538,0.0769231,0.0745081,-0.550655,-0.000790084,-0.0353194,0.555674
0.461538,0.461538,0.0769231,0.100246,-0.659999,-0.00107995,-0.0477267,0.66757
0.538462,0.461538,0.0769231,0.125042,-0.75162,-0.0014501,-0.0641471,0.761952
0.615385,0.461538,0.0769231,0.14286,-0.778128,-0.00204854,-0.0840783,0.791136
0.692308,0.461538,0.0769231,0.144934,-0.649494,-0.00307123,-0.105219,0.665476
0.769231,0.461538,0.0769231,0.123004,-0.2023,-0.00466502,-0.122747,0.236806
0.846154,0.461538,0.0769231,0.0769764,0.876614,-0.00680054,-0.131231,0.880013
0.923077,0.461538,0.0769231,0.0254683,3.36222,-0.00785114,-0.126093,3.36233
1,0.461538,0.0769231,1.42553e-35,9,-6.56697e-36,-0.114592,9
0,0.538462,0.0769231,-3.48148e-36,-9.91299e-35,-8.53232e-37,0.0233623,9.91947e-35
0.0769231,0.538462,0.0769231,-0.00432919,-0.157243,-0.00083021,0.0209321,0.157305
0.153846,0.538462,0.0769231,-0.0151747,-0.260084,-0.000315481,0.0200924,0.260527
0.230769,0.538462,0.0769231,-0.0309108,-0.350323,0.000197476,0.0213937,0.351684
0.307692,0.538462,0.0769231,-0.0508106,-0.445468,0.000569379,0.0254265,0.448357
0.384615,0.538462,0.0769231,-0.0742554,-0.550741,0.000863828,0.032658,0.555725
0.461538,0.538462,0.0769231,-0.0999086,-0.660092,0.00115182,0.0436177,0.667611
0.538462,0.538462,0.0769231,-0.124737,-0.7517,0.00150514,0.0585359,0.76198
0.615385,0.538462,0.0769231,-0.142983,-0.7781,0.00206025,0.0771477,0.791131
0.692308,0.538462,0.0769231,-0.145719,-0.648981,0.0031529,0.0987305,0.665147
0.769231,0.538462,0.0769231,-0.124394,-0.201418,0.00503166,0.118866,0.236788
0.846154,0.538462,0.0769231,-0.0783937,0.876743,0.00754535,0.131107,0.880273
0.923077,0.538462,0.0769231,-0.0247167,3.36167,0.00929779,0.132256,3.36177
1,0.538462,0.0769231,3.89185e-36,9,1.76207e-36,0.119934,9
0,0.615385,0.0769231,-7.51479e-36,-8.47823e-35,-1.71358e-36,0.0656105,8.5132e-35
0.0769231,0.615385,0.0769231,-0.0121504,-0.139801,-0.0021633,0.0586789,0.140344
0.153846,0.615385,0.0769231,-0.0430466,-0.233061,-0.000646306,0.0568564,0.237004
0.230769,0.615385,0.0769231,-0.0881906,-0.316038,0.000787286,0.0617068,0.328113
0.307692,0.615385,0.0769231,-0.145707,-0.404562,0.00187378,0.0746314,0.430005
0.384615,0.615385,0.0769231,-0.214411,-0.504413,0.0027652,0.0972087,0.548099
0.461538,0.615385,0.0769231,-0.291195,-0.612072,0.00364241,0.131193,0.67782
0.538462,0.615385,0.0769231,-0.368247,-0.710357,0.00471838,0.177861,0.800147
0.615385,0.615385,0.0769231,-0.429094,-0.758339,0.00645768,0.237429,0.871345
0.692308,0.615385,0.0769231,-0.447846,-0.671921,0.00941776,0.304613,0.807547
0.769231,0.615385,0.0769231,-0.394508,-0.285349,0.0143406,0.366645,0.4871
0.846154,0.615385,0.0769231,-0.257,0.742922,0.0219377,0.41067,0.786425
0.923077,0.615385,0.0769231,-0.0842091,3.24247,0.0279805,0.41538,3.24369
1,0.615385,0.0769231,-5.25622e-36,9,1.03782e-35,0.373035,9
0,0.692308,0.0769231,-1.01598e-35,-6.24741e-35,-1.86699e-36,0.0984281,6.33224e-35
0.0769231,0.692308,0.0769231,-0.0178221,-0.108224,-0.00269791,0.0882709,0.109715
0.153846,0.692308,0.0769231,-0.0635681,-0.183873,-0.000248386,0.0860045,0.194551
0.230769,0.692308,0.0769231,-0.131321,-0.252831,0.00202183,0.0941042,0.284908
0.307692,0.692308,0.0769231,-0.219235,-0.32779,0.00382821,0.114891,0.394367
0.384615,0.692308,0.0769231,-0.32698,-0.415215,0.00536952,0.15138,0.528534
0.461538,0.692308,0.0769231,-0.452029,-0.515604,0.00690772,0.207444,0.68573
0.538462,0.692308,0.0769231,-0.585958,-0.620262,0.00868344,0.286401,0.853315
0.615385,0.692308,0.0769231,-0.707062,-0.702529,0.0113024,0.390234,0.9968
0.692308,0.692308,0.0769231,-0.776477,-0.694538,0.0154545,0.513467,1.04189
0.769231,0.692308,0.0769231,-0.728106,-0.431506,0.0241922,0.649732,0.846712
0.846154,0.692308,0.0769231,-0.513638,0.47397,0.0382139,0.759216,0.699951
0.923077,0.692308,0.0769231,-0.182948,2.96719,0.0508554,0.774174,2.97326
1,0.692308,0.0769231,-3.35631e-35,9,2.40148e-35,0.683118,9
0,0.769231,0.0769231,-1.06939e-35,-3.72493e-35,-1.15131e-36,0.117586,3.87711e-35
0.0769231,0.769231,0.0769231,-0.0198554,-0.0691717,-0.00206636,0.106171,0.0719947
0.153846,0.769231,0.0769231,-0.0718243,-0.122151,0.00117327,0.104151,0.141707
0.230769,0.769231,0.0769231,-0.150668,-0.171701,0.0041838,0.114695,0.228472
0.307692,0.769231,0.0769231,-0.255776,-0.226504,0.00675667,0.141267,0.341718
0.384615,0.769231,0.0769231,-0.388862,-0.293017,0.00908318,0.188798,0.486986
0.461538,0.769231,0.0769231,-0.550756,-0.375323,0.0114276,0.263774,0.666581
0.538462,0.769231,0.0769231,-0.738743,-0.474017,0.0139025,0.372678,0.877854
0.615385,0.769231,0.0769231,-0.936009,-0.580369,0.0174185,0.526126,1.10147
0.692308,0.769231,0.0769231,-1.10405,-0.657167,0.0226172,0.727585,1.28503
0.769231,0.769231,0.0769231,-1.14191,-0.581878,0.0338353,0.974048,1.28206
0.846154,0.769231,0.0769231,-0.935211,0.0436737,0.0473116,1.17371,0.937425
0.923077,0.769231,0.0769231,-0.375096,2.42569,0.0761507,1.30834,2.4557
1,0.769231,0.0769231,-6.73788e-35,9,3.86361e-35,1.19823,9
0,0.846154,0.0769231,-8.11311e-36,-1.56545e-35,1.11657e-37,0.121351,1.76323e-35
0.0769231,0.846154,0.0769231,-0.0169435,-0.0322067,-0.000334863,0.111625,0.0363932
0.153846,0.846154,0.0769231,-0.0636396,-0.0615313,0.00343631,0.110375,0.0885884
0.230769,0.846154,0.0769231,-0.13773,-0.089147,0.0070784,0.121702,0.164216
0.307692,0.846154,0.0769231,-0.239888,-0.119897,0.0104549,0.15078,0.268386
0.384615,0.846154,0.0769231,-0.373625,-0.158764,0.013708,0.204483,0.406189
0.461538,0.846154,0.0769231,-0.544295,-0.210603,0.0170318,0.291666,0.583867
0.538462,0.846154,0.0769231,-0.758267,-0.280789,0.0205093,0.424381,0.808846
0.615385,0.846154,0.0769231,-1.01454,-0.375346,0.0249577,0.623772,1.08203
0.692308,0.846154,0.0769231,-1.30634,-0.498145,0.0290319,0.898798,1.3984
0.769231,0.846154,0.0769231,-1.55165,-0.609036,0.0379092,1.29243,1.66732
0.846154,0.846154,0.0769231,-1.5806,-0.40959,0.0518734,1.77937,1.63363
0.923077,0.846154,0.0769231,-0.743776,1.60064,0.12075,2.39469,1.76914
1,0.846154,0.0769231,-1.64201e-34,9,5.71923e-35,1.95439,9
0,0.923077,0.0769231,-2.29815e-36,-2.81965e-36,8.37435e-37,0.113405,3.73273e-36
0.0769231,0.923077,0.0769231,-0.00860749,-0.00732008,0.00153324,0.108902,0.0114028
0.153846,0.923077,0.0769231,-0.0375998,-0.0166433,0.00522594,0.107287,0.0414495
0.230769,0.923077,0.0769231,-0.0876139,-0.0250348,0.00896949,0.116672,0.0915609
0.307692,0.923077,0.0769231,-0.158898,-0.034269,0.0126695,0.144275,0.163044
0.384615,0.923077,0.0769231,-0.254716,-0.0463759,0.0164896,0.197913,0.259428
0.461538,0.923077,0.0769231,-0.381755,-0.0635932,0.0206344,0.287897,0.387565
0.538462,0.923077,0.0769231,-0.550283,-0.0889705,0.0253536,0.430411,0.558006
0.615385,0.923077,0.0769231,-0.776657,-0.129032,0.0309303,0.649879,0.78791
0.692308,0.923077,0.0769231,-1.09186,-0.194783,0.0369832,0.990548,1.10972
0.769231,0.923077,0.0769231,-1.48238,-0.287001,0.048636,1.5847,1.51069
0.846154,0.923077,0.0769231,-2.03184,-0.465665,0.0436991,2.45227,2.08498
0.923077,0.923077,0.0769231,-1.7525,0.00241656,0.0731358,3.86082,1.75403
1,0.923077,0.0769231,-2.16615e-33,9,2.36094e-34,3.29683,9
0,1,0.0769231,3.54535e-37,9.1452e-38,-4.31272e-37,0.108011,5.65734e-37
0.0769231,1,0.0769231,-1.38268e-36,1.42365e-36,3.53486e-37,0.104865,2.01582e-36
0.153846,1,0.0769231,-1.01123e-35,-1.287e-36,1.94722e-36,0.0985181,1.03782e-35
0.230769,1,0.0769231,-2.71324e-35,-2.78089e-36,3.61095e-36,0.103599,2.75126e-35
0.307692,1,0.0769231,-5.2802e-35,-4.22913e-36,5.30976e-36,0.126567,5.32366e-35
0.384615,1,0.0769231,-8.81482e-35,-6.39068e-36,7.11811e-36,0.174373,8.86657e-35
0.461538,1,0.0769231,-1.35711e-34,-1.01538e-35,9.15011e-36,0.256714,1.36398e-34
0.538462,1,0.0769231,-2.00048e-34,-1.64372e-35,1.16469e-35,0.388325,2.0106e-34
0.615385,1,0.0769231,-2.89798e-34,-3.31252e-35,1.49581e-35,0.590151,2.92068e-34
0.692308,1,0.0769231,-4.17617e-34,-5.60453e-35,2.13287e-35,0.93013,4.219e-34
0.769231,1,0.0769231,-6.01352e-34,-1.07377e-34,1.46499e-35,1.44714,6.11039e-34
0.846154,1,0.0769231,-9.97743e-34,-6.31002e-34,1.06642e-34,2.30182,1.18534e-33
0.923077,1,0.0769231,-8.82928e-34,-3.41425e-33,-7.49714e-35,5.98267,3.52736e-33
1,1,0.0769231,3.05324e-33,9,-4.10251e-35,14.3278,9
0,0,0.153846,1.55338e-36,-9.63837e-37,1.68236e-39,-0.107228,1.82811e-36
0.0769231,0,0.153846,1.59315e-35,-6.50344e-36,-4.3589e-36,-0.0979602,1.77512e-35
0.153846,0,0.153846,4.79511e-35,-1.66915e-35,-9.04562e-36,-0.0832072,5.15727e-35
0.230769,0,0.153846,9.91984e-35,-2.45339e-35,-1.41165e-35,-0.0802402,1.03158e-34
0.307692,0,0.153846,1.70123e-34,-3.31945e-35,-1.91731e-35,-0.0950563,1.74388e-34
0.384615,0,0.153846,2.6396e-34,-4.45392e-35,-2.41767e-35,-0.133521,2.68781e-34
0.461538,0,0.153846,3.86609e-34,-6.04531e-35,-2.91819e-35,-0.204619,3.92393e-34
0.538462,0,0.153846,5.48738e-34,-8.19898e-35,-3.42461e-35,-0.323972,5.55885e-34
0.615385,0,0.153846,7.59164e-34,-1.23271e-34,-3.95231e-35,-0.505552,7.70122e-34
0.692308,0,0.153846,1.03663e-33,-1.73939e-34,-4.51199e-35,-0.834526,1.05209e-33
0.769231,0,0.153846,1.49446e-33,-1.82624e-34,-5.25234e-35,-1.4092,1.5065e-33
0.846154,0,0.153846,1.33633e-33,-9.65556e-34,-6.18852e-35,-1.78732,1.64982e-33
0.923077,0,0.153846,4.80124e-34,1.51502e-34,-5.88335e-35,-8.27886,5.06886e-34
1,0,0.153846,-4.25521e-33,9,5.79229e-35,-15.4745,9
0,0.0769231,0.153846,7.14006e-36,-1.44395e-35,-1.61464e-36,-0.116589,1.61891e-35
0.0769231,0.0769231,0.153846,0.0150189,-0.0138466,-0.00398185,-0.107012,0.0208122
0.153846,0.0769231,0.153846,0.0612203,-0.0312865,-0.0112791,-0.101329,0.0696705
0.230769,0.0769231,0.153846,0.138868,-0.047026,-0.01933,-0.107676,0.147883
0.307692,0.0769231,0.153846,0.247967,-0.0638706,-0.0272948,-0.132338,0.257512
0.384615,0.0769231,0.153846,0.392786,-0.0847383,-0.0351677,-0.182806,0.403359
0.461538,0.0769231,0.153846,0.581425,-0.112488,-0.0431,-0.269411,0.593772
0.538462,0.0769231,0.153846,0.826159,-0.150572,-0.051203,-0.407301,0.841328
0.615385,0.0769231,0.153846,1.14373,-0.204103,-0.0596996,-0.62411,1.16334
0.692308,0.0769231,0.153846,1.54657,-0.281706,-0.0686088,-0.970748,1.57351
0.769231,0.0769231,0.153846,2.07877,-0.377154,-0.0785554,-1.48625,2.11416
0.846154,0.0769231,0.153846,2.59771,-0.416787,-0.0992322,-2.65537,2.6328
0.923077,0.0769231,0.153846,2.09062,0.250082,-0.106877,-4.39557,2.10823
1,0.0769231,0.153846,1.82819e-33,9,-2.70108e-35,-3.90772,9
0,0.153846,0.153846,1.55921e-35,-4.13126e-35,2.77386e-37,-0.130281,4.41579e-35
0.0769231,0.153846,0.153846,0.0299845,-0.055176,-0.00107205,-0.113517,0.0628062
0.153846,0.153846,0.153846,0.107319,-0.108578,-0.00890545,-0.109236,0.152924
0.230769,0.153846,0.153846,0.226897,-0.158771,-0.0175135,-0.11922,0.277484
0.307692,0.153846,0.153846,0.389764,-0.212644,-0.0257502,-0.147709,0.444743
0.384615,0.153846,0.153846,0.600541,-0.27712,-0.0336335,-0.201187,0.662251
0.461538,0.153846,0.153846,0.86558,-0.357704,-0.0414605,-0.288592,0.937497
0.538462,0.153846,0.153846,1.18986,-0.458193,-0.0497094,-0.422961,1.276
0.615385,0.153846,0.153846,1.56915,-0.578499,-0.0592736,-0.623482,1.67344
0.692308,0.153846,0.153846,1.97465,-0.701244,-0.0718845,-0.913948,2.0967
0.769231,0.153846,0.153846,2.29743,-0.739034,-0.0920139,-1.34564,2.41512
0.846154,0.153846,0.153846,2.18064,-0.335476,-0.125172,-1.90274,2.20984
0.923077,0.153846,0.153846,1.11425,2.0381,-0.146081,-2.17236,2.32739
1,0.153846,0.153846,9.01079e-34,9,-7.69529e-35,-1.50448,9
0,0.230769,0.153846,1.74202e-35,-7.68417e-35,2.14214e-36,-0.128935,7.88207e-35
0.0769231,0.230769,0.153846,0.0354246,-0.114947,0.00255584,-0.109086,0.120309
0.153846,0.230769,0.153846,0.123264,-0.210238,-0.00400252,-0.104574,0.243742
0.230769,0.230769,0.153846,0.253072,-0.29911,-0.0113106,-0.114563,0.39197
0.307692,0.230769,0.153846,0.424261,-0.393874,-0.0179989,-0.141456,0.579188
0.384615,0.230769,0.153846,0.638846,-0.503249,-0.0241959,-0.189894,0.813615
0.461538,0.230769,0.153846,0.896894,-0.630623,-0.0303785,-0.266225,1.09683
0.538462,0.230769,0.153846,1.19027,-0.770758,-0.0373079,-0.378553,1.41852
0.615385,0.230769,0.153846,1.49132,-0.900099,-0.0463371,-0.535695,1.74252
0.692308,0.230769,0.153846,1.73152,-0.94828,-0.0600169,-0.745326,1.97509
0.769231,0.230769,0.153846,1.7673,-0.719387,-0.0824633,-0.996497,1.90988
0.846154,0.230769,0.153846,1.38323,0.322565,-0.114145,-1.21725,1.42492
0.923077,0.230769,0.153846,0.572364,3.27475,-0.126519,-1.23858,3.3268
1,0.230769,0.153846,3.33027e-34,9,-6.62825e-35,-0.957598,9
0,0.307692,0.153846,1.47776e-35,-1.11364e-34,2.7642e-36,-0.108933,1.12374e-34
0.0769231,0.307692,0.153846,0.0319324,-0.176987,0.00428913,-0.0909918,0.179896
0.153846,0.307692,0.153846,0.110198,-0.312184,-0.000470897,-0.08673,0.331063
0.230769,0.307692,0.153846,0.223064,-0.43532,-0.00595332,-0.0947744,0.489179
0.307692,0.307692,0.153846,0.368049,-0.564409,-0.0107932,-0.116297,0.673895
0.384615,0.307692,0.153846,0.544236,-0.707895,-0.0151586,-0.154137,0.89305
0.461538,0.307692,0.153846,0.746758,-0.863109,-0.0195755,-0.211954,1.14149
0.538462,0.307692,0.153846,0.960235,-1.01012,-0.0248379,-0.293571,1.39392
0.615385,0.307692,0.153846,1.14923,-1.09701,-0.0322596,-0.401201,1.58909
0.692308,0.307692,0.153846,1.24722,-1.00741,-0.0439468,-0.530747,1.60385
0.769231,0.307692,0.153846,1.15732,-0.492966,-0.0621477,-0.662413,1.25947
0.846154,0.307692,0.153846,0.807021,0.928914,-0.0847642,-0.750871,1.23343
0.923077,0.307692,0.153846,0.29597,3.97289,-0.0900651,-0.731743,3.98492
1,0.307692,0.153846,1.71756e-34,9,-4.89514e-35,-0.556462,9
0,0.384615,0.153846,9.11736e-36,-1.36881e-34,2.04537e-36,-0.0724457,1.372e-34
0.0769231,0.384615,0.153846,0.0217853,-0.226951,0.00371905,-0.0601848,0.228024
0.153846,0.384615,0.153846,0.0750553,-0.393034,0.000865336,-0.0572268,0.400137
0.230769,0.384615,0.153846,0.150834,-0.541048,-0.00253352,-0.0624492,0.561685
0.307692,0.384615,0.153846,0.246403,-0.693471,-0.00547158,-0.0763112,0.735967
0.384615,0.384615,0.153846,0.359758,-0.857526,-0.00807588,-0.100262,0.929969
0.461538,0.384615,0.153846,0.485355,-1.02396,-0.0107466,-0.135998,1.13321
0.538462,0.384615,0.153846,0.609576,-1.15945,-0.0140618,-0.18478,1.31
0.615385,0.384615,0.153846,0.705591,-1.19095,-0.018905,-0.245864,1.3844
0.692308,0.384615,0.153846,0.731094,-0.978218,-0.0264929,-0.313972,1.22152
0.769231,0.384615,0.153846,0.639349,-0.272228,-0.0377597,-0.375704,0.695917
0.846154,0.384615,0.153846,0.417035,1.32929,-0.0507783,-0.40878,1.3941
0.923077,0.384615,0.153846,0.143236,4.35043,-0.0526113,-0.386962,4.35311
1,0.384615,0.153846,8.4323e-35,9,-3.03265e-35,-0.299361,9
0,0.461538,0.153846,1.8092e-36,-1.48177e-34,4.56487e-37,-0.0249007,1.48189e-34
0.0769231,0.461538,0.153846,0.00764639,-0.254578,0.00147055,-0.0206376,0.254697
0.153846,0.461538,0.153846,0.0265176,-0.437411,0.000519539,-0.0198198,0.438215
0.230769,0.461538,0.153846,0.0531471,-0.598372,-0.000629519,-0.0218893,0.600728
0.307692,0.461538,0.153846,0.0863967,-0.762311,-0.00161803,-0.026961,0.767193
0.384615,0.461538,0.153846,0.125311,-0.935479,-0.00248892,-0.0355055,0.943838
0.461538,0.461538,0.153846,0.167518,-1.10451,-0.00339261,-0.0479489,1.11715
0.538462,0.461538,0.153846,0.207711,-1.22856,-0.00453838,-0.0643932,1.246
0.615385,0.461538,0.153846,0.236075,-1.22438,-0.00622283,-0.084292,1.24695
0.692308,0.461538,0.153846,0.238707,-0.944158,-0.0088053,-0.105345,0.973906
0.769231,0.461538,0.153846,0.202746,-0.147754,-0.0125158,-0.122438,0.251184
0.846154,0.461538,0.153846,0.128262,1.52289,-0.0166415,-0.129022,1.52837
0.923077,0.461538,0.153846,0.0432075,4.51775,-0.016961,-0.11871,4.51799
1,0.461538,0.153846,3.68007e-35,9,-1.274e-35,-0.0909955,9
0,0.538462,0.153846,-5.82442e-36,-1.43098e-34,-1.29789e-36,0.0264873,1.43222e-34
0.0769231,0.538462,0.153846,-0.00780348,-0.254626,-0.00138184,0.0219805,0.254749
0.153846,0.538462,0.153846,-0.0264772,-0.437446,-0.000437215,0.020376,0.438247
0.230769,0.538462,0.153846,-0.0529909,-0.598416,0.000725466,0.0215621,0.600758
0.307692,0.538462,0.153846,-0.0861442,-0.762385,0.00171348,0.0256247,0.767239
0.384615,0.538462,0.153846,-0.124945,-0.935578,0.00257991,0.0329216,0.943887
0.461538,0.538462,0.153846,-0.167084,-1.1046,0.00346492,0.0439776,1.11717
0.538462,0.538462,0.153846,-0.207407,-1.22859,0.00457394,0.0590273,1.24598
0.615385,0.538462,0.153846,-0.236428,-1.22424,0.00622634,0.0777189,1.24687
0.692308,0.538462,0.153846,-0.239968,-0.943489,0.00884957,0.0993396,0.973568
0.769231,0.538462,0.153846,-0.204699,-0.146807,0.012733,0.119556,0.252222
0.846154,0.538462,0.153846,-0.12981,1.52289,0.0172131,0.131049,1.52851
0.923077,0.538462,0.153846,-0.0422304,4.51708,0.0178275,0.128714,4.51732
1,0.538462,0.153846,3.95135e-36,9,4.52728e-36,0.107209,9
0,0.615385,0.153846,-1.24886e-35,-1.2261e-34,-2.47944e-36,0.0739511,1.2327e-34
0.0769231,0.615385,0.153846,-0.0219116,-0.227076,-0.00364214,0.0614508,0.22816
0.153846,0.615385,0.153846,-0.0750342,-0.393114,-0.000786077,0.0577983,0.400211
0.230769,0.615385,0.153846,-0.150748,-0.541154,0.00262927,0.0622395,0.561765
0.307692,0.615385,0.153846,-0.246243,-0.693663,0.00557595,0.0751757,0.736095
0.384615,0.615385,0.153846,-0.359483,-0.857826,0.00819106,0.0979014,0.93014
0.461538,0.615385,0.153846,-0.484907,-1.02431,0.0108642,0.132097,1.13334
0.538462,0.615385,0.153846,-0.609089,-1.15959,0.0141662,0.178979,1.3099
0.615385,0.615385,0.153846,-0.705087,-1.19021,0.0189675,0.238791,1.38351
0.692308,0.615385,0.153846,-0.731501,-0.976382,0.026486,0.306324,1.22029
0.769231,0.615385,0.153846,-0.641953,-0.271469,0.037826,0.367419,0.698019
0.846154,0.615385,0.153846,-0.419449,1.32727,0.0513907,0.406855,1.39292
0.923077,0.615385,0.153846,-0.140851,4.34939,0.0537813,0.39985,4.352
1,0.615385,0.153846,-2.75816e-35,9,2.24577e-35,0.322049,9
0,0.692308,0.153846,-1.68015e-35,-9.07543e-35,-2.49598e-36,0.110219,9.23302e-35
0.0769231,0.692308,0.153846,-0.0319932,-0.177133,-0.00423652,0.0921057,0.180049
0.153846,0.692308,0.153846,-0.110213,-0.312247,0.000536767,0.0873598,0.331127
0.230769,0.692308,0.153846,-0.223097,-0.43542,0.00603651,0.0948531,0.489285
0.307692,0.692308,0.153846,-0.368062,-0.56464,0.010898,0.115629,0.674097
0.384615,0.692308,0.153846,-0.544211,-0.70834,0.0153002,0.152295,0.89339
0.461538,0.692308,0.153846,-0.746459,-0.863771,0.0197619,0.208615,1.14179
0.538462,0.692308,0.153846,-0.959572,-1.01083,0.0250634,0.287868,1.39398
0.615385,0.692308,0.153846,-1.14739,-1.09744,0.0324676,0.392174,1.58806
0.692308,0.692308,0.153846,-1.24659,-1.00653,0.0440306,0.514957,1.60281
0.769231,0.692308,0.153846,-1.1579,-0.48809,0.0620145,0.648829,1.2581
0.846154,0.692308,0.153846,-0.811243,0.935998,0.0849541,0.754047,1.24154
0.923077,0.692308,0.153846,-0.292331,3.97155,0.0916051,0.748231,3.98335
1,0.692308,0.153846,-8.63783e-35,9,4.19689e-35,0.581432,9
0,0.769231,0.153846,-1.75104e-35,-5.45539e-35,-1.16244e-36,0.129988,5.7307e-35
0.0769231,0.769231,0.153846,-0.0353668,-0.115012,-0.00254007,0.109986,0.120354
0.153846,0.769231,0.153846,-0.123333,-0.210203,0.00403059,0.105413,0.243747
0.230769,0.769231,0.153846,-0.253224,-0.299104,0.0113463,0.115221,0.392064
0.307692,0.769231,0.153846,-0.424479,-0.393978,0.0180625,0.141666,0.57942
0.384615,0.769231,0.153846,-0.63917,-0.503577,0.0243159,0.189258,0.814075
0.461538,0.769231,0.153846,-0.897011,-0.631338,0.0305818,0.264443,1.09734
0.538462,0.769231,0.153846,-1.19044,-0.772243,0.0376291,0.373527,1.41948
0.615385,0.769231,0.153846,-1.48927,-0.902077,0.0467863,0.527283,1.74179
0.692308,0.769231,0.153846,-1.72809,-0.947853,0.0604857,0.728013,1.9719
0.769231,0.769231,0.153846,-1.75615,-0.710047,0.0819715,0.976036,1.89603
0.846154,0.769231,0.153846,-1.40252,0.327267,0.11317,1.16483,1.44463
0.923077,0.769231,0.153846,-0.559031,3.24791,0.128953,1.24337,3.29819
1,0.769231,0.153846,-2.03729e-34,9,6.08163e-35,0.990056,9
0,0.846154,0.153846,-1.31121e-35,-2.31712e-35,8.62741e-37,0.130655,2.66379e-35
0.0769231,0.846154,0.153846,-0.0298027,-0.055294,0.00103274,0.113987,0.0628228
0.153846,0.846154,0.153846,-0.10745,-0.108553,0.00886557,0.110544,0.152996
0.230769,0.846154,0.153846,-0.227097,-0.158716,0.0174657,0.120774,0.277612
0.307692,0.846154,0.153846,-0.390101,-0.212632,0.0257242,0.149204,0.445031
0.384615,0.846154,0.153846,-0.601102,-0.277248,0.033657,0.202416,0.662814
0.461538,0.846154,0.153846,-0.866372,-0.358215,0.0415785,0.289198,0.938428
0.538462,0.846154,0.153846,-1.19153,-0.459593,0.0500217,0.421203,1.27807
0.615385,0.846154,0.153846,-1.56877,-0.581643,0.0598299,0.620849,1.67419
0.692308,0.846154,0.153846,-1.9745,-0.711769,0.0729037,0.894085,2.10014
0.769231,0.846154,0.153846,-2.2744,-0.761227,0.0924822,1.28648,2.40019
0.846154,0.846154,0.153846,-2.20712,-0.313419,0.124844,1.7468,2.23275
0.923077,0.846154,0.153846,-1.02837,2.15938,0.143483,2.33144,2.39605
1,0.846154,0.153846,-3.43636e-34,9,7.57568e-35,1.72862,9
0,0.923077,0.153846,-3.40388e-36,-3.92526e-36,1.52878e-36,0.116229,5.41583e-36
0.0769231,0.923077,0.153846,-0.0148105,-0.0135093,0.00391312,0.108529,0.0204246
0.153846,0.923077,0.153846,-0.0613628,-0.0308025,0.0111582,0.10437,0.0695607
0.230769,0.923077,0.153846,-0.138997,-0.0464751,0.0191623,0.11124,0.147808
0.307692,0.923077,0.153846,-0.248208,-0.0631678,0.027092,0.136566,0.257548
0.384615,0.923077,0.153846,-0.393196,-0.0837895,0.0349271,0.187927,0.403539
0.461538,0.923077,0.153846,-0.582314,-0.111181,0.0428369,0.275353,0.594378
0.538462,0.923077,0.153846,-0.827644,-0.148553,0.0509783,0.414949,0.842414
0.615385,0.923077,0.153846,-1.14494,-0.201968,0.0594114,0.633102,1.16413
0.692308,0.923077,0.153846,-1.56522,-0.278429,0.0688844,0.964027,1.59128
0.769231,0.923077,0.153846,-2.04605,-0.365851,0.0779363,1.56998,2.07996
0.846154,0.923077,0.153846,-2.61641,-0.481401,0.0948205,2.42299,2.66202
0.923077,0.923077,0.153846,-2.10347,0.193195,0.106671,3.79292,2.11501
1,0.923077,0.153846,-2.7473e-33,9,5.05201e-35,2.90523,9
0,1,0.153846,-5.72765e-37,1.2323e-36,-6.76859e-37,0.109158,1.51815e-36
0.0769231,1,0.153846,-3.4768e-36,4.7565e-37,1.42798e-36,0.100535,3.7886e-36
0.153846,1,0.153846,-2.09913e-35,-6.44143e-36,4.6271e-36,0.086914,2.24396e-35
0.230769,1,0.153846,-5.4176e-35,-1.22063e-35,8.43623e-36,0.0845214,5.61712e-35
0.307692,1,0.153846,-1.03596e-34,-1.77874e-35,1.23216e-35,0.100192,1.05832e-34
0.384615,1,0.153846,-1.70911e-34,-2.47821e-35,1.61762e-35,0.139932,1.73455e-34
0.461538,1,0.153846,-2.60316e-34,-3.49967e-35,2.00423e-35,0.212592,2.63422e-34
0.538462,1,0.153846,-3.78938e-34,-4.99646e-35,2.3962e-35,0.332855,3.82968e-34
0.615385,1,0.153846,-5.38955e-34,-7.72814e-35,2.80043e-35,0.522571,5.45187e-34
0.692308,1,0.153846,-7.5761e-34,-1.29927e-34,3.12847e-35,0.836031,7.69307e-34
0.769231,1,0.153846,-1.0641e-33,-1.64431e-34,3.65753e-35,1.38753,1.07735e-33
0.846154,1,0.153846,-1.55049e-33,-8.10491e-34,3.83298e-35,2.19463,1.74996e-33
0.923077,1,0.153846,-1.60796e-33,-3.27217e-33,5.91136e-35,6.0974,3.64638e-33
1,1,0.153846,3.00603e-33,9,-3.97146e-37,14.4373,9
0,0,0.230769,1.682e-36,-1.19704e-36,1.26356e-37,-0.105132,2.06834e-36
0.0769231,0,0.230769,1.79183e-35,-7.73961e-36,-5.02221e-36,-0.0933533,2.01542e-35
0.153846,0,0.230769,5.478e-35,-2.02938e-35,-9.7812e-36,-0.0720905,5.92314e-35
0.230769,0,0.230769,1.13899e-34,-2.9597e-35,-1.49981e-35,-0.0626924,1.18633e-34
0.307692,0,0.230769,1.95252e-34,-3.96242e-35,-2.01961e-35,-0.0713405,2.00253e-34
0.384615,0,0.230769,3.01899e-34,-5.22306e-35,-2.51794e-35,-0.103756,3.07417e-34
0.461538,0,0.230769,4.39533e-34,-6.90454e-35,-2.98985e-35,-0.169092,4.45926e-34
0.538462,0,0.230769,6.18056e-34,-9.07349e-35,-3.43845e-35,-0.283467,6.25626e-34
0.615385,0,0.230769,8.44232e-34,-1.3023e-34,-3.88245e-35,-0.462314,8.55099e-34
0.692308,0,0.230769,1.1326e-33,-1.74299e-34,-4.37804e-35,-0.7945,1.14677e-33
0.769231,0,0.230769,1.58513e-33,-1.76343e-34,-5.0001e-35,-1.37504,1.59569e-33
0.846154,0,0.230769,1.40368e-33,-9.27149e-34,-5.51196e-35,-1.78102,1.68314e-33
0.923077,0,0.230769,4.63486e-34,1.18914e-34,-3.77496e-35,-8.20943,4.79984e-34
1,0,0.230769,-4.36315e-33,9,1.98079e-35,-15.636,9
0,0.0769231,0.230769,7.78093e-36,-1.71711e-35,-2.48565e-36,-0.117001,1.90149e-35
0.0769231,0.0769231,0.230769,0.0177068,-0.0173814,-0.0056908,-0.105102,0.0254564
0.153846,0.0769231,0.230769,0.0733771,-0.0402456,-0.013629,-0.0958428,0.0847919
0.230769,0.0769231,0.230769,0.166924,-0.0608602,-0.0227359,-0.0987741,0.179122
0.307692,0.0769231,0.230769,0.29738,-0.0822879,-0.0318896,-0.120107,0.310198
0.384615,0.0769231,0.230769,0.468913,-0.107664,-0.0407226,-0.167401,0.482835
0.461538,0.0769231,0.230769,0.689498,-0.139702,-0.0491758,-0.251032,0.705225
0.538462,0.0769231,0.230769,0.970514,-0.181117,-0.0573134,-0.38628,0.988931
0.615385,0.0769231,0.230769,1.32569,-0.235245,-0.0653791,-0.601406,1.34798
0.692308,0.0769231,0.230769,1.7597,-0.307271,-0.0741755,-0.947951,1.78787
0.769231,0.0769231,0.230769,2.29939,-0.385293,-0.0859496,-1.46176,2.33303
0.846154,0.0769231,0.230769,2.77079,-0.38984,-0.10005,-2.62946,2.79987
0.923077,0.0769231,0.230769,2.1511,0.296822,-0.101135,-4.32255,2.17384
1,0.0769231,0.230769,1.95983e-33,9,-4.3171e-35,-3.64649,9
0,0.153846,0.230769,1.81086e-35,-4.95679e-35,-9.22177e-37,-0.135922,5.27802e-35
0.0769231,0.153846,0.230769,0.0370493,-0.0696229,-0.00361556,-0.114753,0.0789498
0.153846,0.153846,0.230769,0.132905,-0.139731,-0.0125992,-0.107493,0.193254
0.230769,0.153846,0.230769,0.280028,-0.205633,-0.0230806,-0.115292,0.348186
0.307692,0.153846,0.230769,0.478736,-0.274489,-0.0335117,-0.141976,0.552861
0.384615,0.153846,0.230769,0.733414,-0.353557,-0.0435476,-0.193887,0.81535
0.461538,0.153846,0.230769,1.0495,-0.447537,-0.053386,-0.279857,1.14219
0.538462,0.153846,0.230769,1.42908,-0.557416,-0.0636055,-0.412907,1.53527
0.615385,0.153846,0.230769,1.86077,-0.677042,-0.0753554,-0.612227,1.98155
0.692308,0.153846,0.230769,2.30088,-0.777919,-0.0907692,-0.900735,2.43052
0.769231,0.153846,0.230769,2.61381,-0.755843,-0.11245,-1.32727,2.72322
0.846154,0.153846,0.230769,2.4122,-0.249428,-0.137008,-1.86815,2.42893
0.923077,0.153846,0.230769,1.19948,2.18685,-0.133193,-2.09013,2.49776
1,0.153846,0.230769,9.82481e-34,9,-7.24162e-35,-1.34477,9
0,0.230769,0.230769,2.02184e-35,-9.23634e-35,9.98708e-37,-0.137542,9.45557e-35
0.0769231,0.230769,0.230769,0.044587,-0.144842,0.000278695,-0.112115,0.15155
0.153846,0.230769,0.230769,0.155227,-0.269588,-0.00723436,-0.104873,0.311168
0.230769,0.230769,0.230769,0.317147,-0.386074,-0.0163882,-0.113264,0.499903
0.307692,0.230769,0.230769,0.528861,-0.507202,-0.0253324,-0.139152,0.733205
0.384615,0.230769,0.230769,0.791745,-0.641675,-0.0338666,-0.186841,1.01968
0.461538,0.230769,0.230769,1.104,-0.790609,-0.0424507,-0.262527,1.35856
0.538462,0.230769,0.230769,1.45274,-0.942748,-0.0520305,-0.374207,1.73261
0.615385,0.230769,0.230769,1.80044,-1.06288,-0.0642324,-0.530402,2.09175
0.692308,0.230769,0.230769,2.06129,-1.06147,-0.0814654,-0.73783,2.31997
0.769231,0.230769,0.230769,2.06785,-0.719721,-0.105475,-0.983068,2.19206
0.846154,0.230769,0.230769,1.5882,0.489856,-0.130365,-1.18872,1.66714
0.923077,0.230769,0.230769,0.646126,3.52043,-0.123658,-1.17422,3.58136
1,0.230769,0.230769,3.71072e-34,9,-7.90514e-35,-0.861479,9
0,0.307692,0.230769,1.7023e-35,-1.33838e-34,1.90996e-36,-0.117532,1.34929e-34
0.0769231,0.307692,0.230769,0.0405949,-0.22246,0.00273531,-0.0943857,0.22615
0.153846,0.307692,0.230769,0.140109,-0.399027,-0.00258454,-0.0878195,0.422918
0.230769,0.307692,0.230769,0.282109,-0.560293,-0.00947699,-0.094632,0.627378
0.307692,0.307692,0.230769,0.463013,-0.725387,-0.0161109,-0.115547,0.860713
0.384615,0.307692,0.230769,0.680906,-0.902139,-0.0223852,-0.153013,1.13048
0.461538,0.307692,0.230769,0.928588,-1.08374,-0.0288432,-0.210535,1.42744
0.538462,0.307692,0.230769,1.18547,-1.24075,-0.0364641,-0.291795,1.71643
0.615385,0.307692,0.230769,1.40657,-1.30452,-0.0467596,-0.3987,1.91896
0.692308,0.307692,0.230769,1.51096,-1.1345,-0.0616105,-0.52641,1.89047
0.769231,0.307692,0.230769,1.38615,-0.461012,-0.0816792,-0.653402,1.46308
0.846154,0.307692,0.230769,0.955107,1.16913,-0.100886,-0.730925,1.51304
0.923077,0.307692,0.230769,0.346024,4.28453,-0.0939076,-0.68757,4.29951
1,0.307692,0.230769,2.0394e-34,9,-6.25188e-35,-0.480215,9
0,0.384615,0.230769,1.02493e-35,-1.64418e-34,1.55593e-36,-0.0785382,1.64745e-34
0.0769231,0.384615,0.230769,0.0278476,-0.284748,0.00287274,-0.0626538,0.286121
0.153846,0.384615,0.230769,0.0959542,-0.501328,-0.000222732,-0.0581918,0.510429
0.230769,0.384615,0.230769,0.191769,-0.695129,-0.00447429,-0.0626167,0.72111
0.307692,0.384615,0.230769,0.311664,-0.890215,-0.00853264,-0.0761418,0.943234
0.384615,0.384615,0.230769,0.452699,-1.09262,-0.012348,-0.0999088,1.18276
0.461538,0.384615,0.230769,0.607412,-1.28728,-0.016341,-0.135506,1.42349
0.538462,0.384615,0.230769,0.75825,-1.42862,-0.0212196,-0.184085,1.61751
0.615385,0.384615,0.230769,0.871737,-1.42346,-0.0279932,-0.244698,1.66942
0.692308,0.384615,0.230769,0.896654,-1.10566,-0.0377617,-0.311611,1.42404
0.769231,0.384615,0.230769,0.778308,-0.209597,-0.0505982,-0.370401,0.807623
0.846154,0.384615,0.230769,0.503894,1.62119,-0.06224,-0.396764,1.69884
0.923077,0.384615,0.230769,0.171713,4.70334,-0.0571534,-0.360966,4.70682
1,0.384615,0.230769,1.01051e-34,9,-4.04898e-35,-0.257824,9
0,0.461538,0.230769,1.54933e-36,-1.77921e-34,3.40063e-37,-0.0268907,1.77928e-34
0.0769231,0.461538,0.230769,0.00979494,-0.319113,0.00118275,-0.0213647,0.319265
0.153846,0.461538,0.230769,0.0340071,-0.557372,0.000182957,-0.0201457,0.558408
0.230769,0.461538,0.230769,0.0677322,-0.768126,-0.0012446,-0.021948,0.771108
0.307692,0.461538,0.230769,0.109551,-0.978067,-0.0026061,-0.0269243,0.984187
0.384615,0.461538,0.230769,0.158104,-1.19191,-0.00388586,-0.0354096,1.20236
0.461538,0.461538,0.230769,0.210281,-1.38953,-0.005241,-0.0478015,1.40536
0.538462,0.461538,0.230769,0.259321,-1.51631,-0.00692466,-0.0641627,1.53835
0.615385,0.461538,0.230769,0.293066,-1.4674,-0.00927942,-0.083876,1.49641
0.692308,0.461538,0.230769,0.294676,-1.06883,-0.0126466,-0.104461,1.10878
0.769231,0.461538,0.230769,0.248963,-0.0672469,-0.0169805,-0.120434,0.258443
0.846154,0.461538,0.230769,0.156767,1.84131,-0.0207642,-0.124596,1.84808
0.923077,0.461538,0.230769,0.0525473,4.89037,-0.0188586,-0.109884,4.89069
1,0.461538,0.230769,4.37591e-35,9,-1.78473e-35,-0.077875,9
0,0.538462,0.230769,-7.45283e-36,-1.71806e-34,-1.03619e-36,0.0291086,1.71971e-34
0.0769231,0.538462,0.230769,-0.0100078,-0.319154,-0.00117971,0.0232456,0.319313
0.153846,0.538462,0.230769,-0.0338907,-0.557404,-0.000146795,0.0208549,0.558434
0.230769,0.538462,0.230769,-0.0675436,-0.768175,0.00130837,0.0217434,0.77114
0.307692,0.538462,0.230769,-0.109247,-0.978148,0.00268646,0.0256661,0.984233
0.384615,0.538462,0.230769,-0.157686,-1.19201,0.00397158,0.0329154,1.2024
0.461538,0.538462,0.230769,-0.209811,-1.3896,0.00531726,0.0439515,1.40536
0.538462,0.538462,0.230769,-0.259031,-1.51631,0.00698025,0.0589673,1.53829
0.615385,0.538462,0.230769,-0.293511,-1.4672,0.00931747,0.0775681,1.4963
0.692308,0.538462,0.230769,-0.296075,-1.06811,0.0127099,0.0989339,1.10846
0.769231,0.538462,0.230769,-0.250993,-0.0663289,0.0171751,0.118371,0.260177
0.846154,0.538462,0.230769,-0.158029,1.84121,0.0212331,0.12806,1.8481
0.923077,0.538462,0.230769,-0.0510795,4.88966,0.0195064,0.121563,4.88997
1,0.538462,0.230769,1.78308e-36,9,4.76034e-36,0.093211,9
0,0.615385,0.230769,-1.51628e-35,-1.47224e-34,-1.82628e-36,0.0805656,1.48014e-34
0.0769231,0.615385,0.230769,-0.0280189,-0.284853,-0.00286943,0.0643695,0.286242
0.153846,0.615385,0.230769,-0.0958708,-0.501402,0.000260721,0.0589022,0.510485
0.230769,0.615385,0.230769,-0.191658,-0.695249,0.0045399,0.0625336,0.721197
0.307692,0.615385,0.230769,-0.311458,-0.890427,0.00861954,0.0751035,0.943367
0.384615,0.615385,0.230769,-0.452367,-1.09293,0.0124517,0.0976602,1.18292
0.461538,0.615385,0.230769,-0.606904,-1.28761,0.016452,0.131742,1.42357
0.538462,0.615385,0.230769,-0.757719,-1.42866,0.0213229,0.178469,1.6173
0.615385,0.615385,0.230769,-0.871247,-1.42255,0.0280687,0.237919,1.66839
0.692308,0.615385,0.230769,-0.897149,-1.10369,0.0378183,0.304392,1.42282
0.769231,0.615385,0.230769,-0.780929,-0.208899,0.050741,0.362813,0.809977
0.846154,0.615385,0.230769,-0.505785,1.61904,0.0626839,0.39647,1.69736
0.923077,0.615385,0.230769,-0.168594,4.70256,0.0578172,0.376213,4.70594
1,0.615385,0.230769,-3.96248e-35,9,2.74542e-35,0.27892,9
0,0.692308,0.230769,-1.99006e-35,-1.08967e-34,-1.47335e-36,0.119123,1.10779e-34
0.0769231,0.692308,0.230769,-0.040679,-0.222577,-0.00273153,0.0957762,0.22628
0.153846,0.692308,0.230769,-0.140091,-0.399088,0.00262157,0.0885631,0.42297
0.230769,0.692308,0.230769,-0.282129,-0.560423,0.00953922,0.0948446,0.627504
0.307692,0.692308,0.230769,-0.462994,-0.72566,0.0162017,0.115011,0.860934
0.384615,0.692308,0.230769,-0.680826,-0.902622,0.0225131,0.151321,1.13082
0.461538,0.692308,0.230769,-0.9282,-1.0844,0.0290116,0.207362,1.4277
0.538462,0.692308,0.230769,-1.18468,-1.24138,0.0366616,0.286287,1.71634
0.615385,0.692308,0.230769,-1.4046,-1.30473,0.0469427,0.389899,1.91766
0.692308,0.692308,0.230769,-1.51028,-1.1333,0.061696,0.511002,1.88921
0.769231,0.692308,0.230769,-1.38663,-0.456079,0.0816684,0.640784,1.46199
0.846154,0.692308,0.230769,-0.958291,1.17562,0.101183,0.73541,1.52008
0.923077,0.692308,0.230769,-0.340816,4.28294,0.0947135,0.70405,4.29753
1,0.692308,0.230769,-1.12796e-34,9,5.0096e-35,0.502716,9
0,0.769231,0.230769,-2.01422e-35,-6.53982e-35,8.45688e-38,0.138565,6.84298e-35
0.0769231,0.769231,0.230769,-0.0445141,-0.144872,-0.000268626,0.113042,0.151557
0.153846,0.769231,0.230769,-0.155311,-0.269553,0.00726384,0.105827,0.31118
0.230769,0.769231,0.230769,-0.317299,-0.386111,0.0164345,0.114075,0.50003
0.307692,0.769231,0.230769,-0.529066,-0.507373,0.0254136,0.139536,0.733474
0.384615,0.769231,0.230769,-0.792025,-0.64208,0.0340066,0.186386,1.02016
0.461538,0.769231,0.230769,-1.10402,-0.791389,0.0426737,0.260913,1.35904
0.538462,0.769231,0.230769,-1.4527,-0.944236,0.0523488,0.369316,1.7334
0.615385,0.769231,0.230769,-1.79807,-1.06467,0.0646105,0.522039,2.09063
0.692308,0.769231,0.230769,-2.05753,-1.06056,0.0817054,0.720784,2.31623
0.769231,0.769231,0.230769,-2.05667,-0.709969,0.105359,0.962949,2.17831
0.846154,0.769231,0.230769,-1.60651,0.493836,0.130119,1.13642,1.68572
0.923077,0.769231,0.230769,-0.629391,3.49185,0.123648,1.17972,3.55028
1,0.769231,0.230769,-2.40742e-34,9,7.05501e-35,0.879879,9
0,0.846154,0.230769,-1.42234e-35,-2.75205e-35,1.98875e-36,0.13586,3.10425e-35
0.0769231,0.846154,0.230769,-0.0367822,-0.0697534,0.00363927,0.114901,0.0789412
0.153846,0.846154,0.230769,-0.133094,-0.13971,0.0126209,0.108938,0.19337
0.230769,0.846154,0.230769,-0.28022,-0.205579,0.0231125,0.117026,0.34831
0.307692,0.846154,0.230769,-0.479063,-0.274473,0.0335832,0.143691,0.55314
0.384615,0.846154,0.230769,-0.733929,-0.353678,0.0436902,0.195311,0.815873
0.461538,0.846154,0.230769,-1.0502,-0.448024,0.0536453,0.280569,1.14303
0.538462,0.846154,0.230769,-1.43048,-0.558733,0.0640237,0.411179,1.53706
0.615385,0.846154,0.230769,-1.85995,-0.679979,0.0759628,0.609143,1.98181
0.692308,0.846154,0.230769,-2.30005,-0.787992,0.0913455,0.880169,2.433
0.769231,0.846154,0.230769,-2.59064,-0.777272,0.112441,1.26688,2.70706
0.846154,0.846154,0.230769,-2.43842,-0.227225,0.135864,1.71295,2.45275
0.923077,0.846154,0.230769,-1.1155,2.30423,0.130738,2.25255,2.56338
1,0.846154,0.230769,-4.11166e-34,9,7.95797e-35,1.57858,9
0,0.923077,0.230769,-2.41484e-36,-4.48307e-36,2.05386e-36,0.116116,5.49069e-36
0.0769231,0.923077,0.230769,-0.0174006,-0.0169698,0.00573352,0.106337,0.0249725
0.153846,0.923077,0.230769,-0.0735979,-0.0397484,0.0136478,0.0989583,0.0847516
0.230769,0.923077,0.230769,-0.167019,-0.0603795,0.0227637,0.102071,0.179051
0.307692,0.923077,0.230769,-0.297587,-0.0817265,0.0319448,0.123834,0.310254
0.384615,0.923077,0.230769,-0.469255,-0.106925,0.0408258,0.171676,0.483012
0.461538,0.923077,0.230769,-0.690271,-0.138696,0.0493693,0.255582,0.705796
0.538462,0.923077,0.230769,-0.971698,-0.179525,0.0576395,0.391893,0.989822
0.615385,0.923077,0.230769,-1.32652,-0.233744,0.0659483,0.606433,1.34857
0.692308,0.923077,0.230769,-1.77753,-0.304923,0.0748594,0.935844,1.80505
0.769231,0.923077,0.230769,-2.26664,-0.375391,0.0861802,1.53883,2.29913
0.846154,0.923077,0.230769,-2.79049,-0.457967,0.0995165,2.38676,2.82957
0.923077,0.923077,0.230769,-2.17564,0.237322,0.0965941,3.72588,2.19068
1,0.923077,0.230769,-2.80646e-33,9,6.63757e-35,2.78241,9
0,1,0.230769,-7.4065e-38,1.01152e-36,-1.23651e-36,0.106698,1.59925e-36
0.0769231,1,0.230769,-4.41149e-36,-2.49094e-37,2.32062e-36,0.0958709,4.99085e-36
0.153846,1,0.230769,-2.67171e-35,-9.79081e-36,6.55135e-36,0.0757821,2.9199e-35
0.230769,1,0.230769,-6.8762e-35,-1.8139e-35,1.15677e-35,0.0665543,7.20489e-35
0.307692,1,0.230769,-1.30906e-34,-2.59961e-35,1.68107e-35,0.0758298,1.34517e-34
0.384615,1,0.230769,-2.14785e-34,-3.54645e-35,2.19484e-35,0.109105,2.18797e-34
0.461538,1,0.230769,-3.24805e-34,-4.83647e-35,2.69231e-35,0.175363,3.29488e-34
0.538462,1,0.230769,-4.68242e-34,-6.60298e-35,3.17354e-35,0.289784,4.73939e-34
0.615385,1,0.230769,-6.56754e-34,-9.64814e-35,3.63902e-35,0.474519,6.64799e-34
0.692308,1,0.230769,-9.05552e-34,-1.46961e-34,4.12595e-35,0.790249,9.18327e-34
0.769231,1,0.230769,-1.2352e-33,-1.82042e-34,4.65991e-35,1.3437,1.24941e-33
0.846154,1,0.230769,-1.72345e-33,-8.0533e-34,5.45853e-35,2.17015,1.9031e-33
0.923077,1,0.230769,-1.7216e-33,-3.27157e-33,5.81617e-35,6.05408,3.69736e-33
1,1,0.230769,2.99432e-33,9,-5.6816e-36,14.3814,9
0,0,0.307692,1.63259e-36,-1.41169e-36,1.88356e-37,-0.102581,2.1665e-36
0.0769231,0,0.307692,1.85115e-35,-8.31913e-36,-4.34836e-36,-0.0894149,2.07555e-35
0.153846,0,0.307692,5.77562e-35,-2.23693e-35,-8.08057e-36,-0.0635921,6.24617e-35
0.230769,0,0.307692,1.21169e-34,-3.24924e-35,-1.21865e-35,-0.0493455,1.2604e-34
0.307692,0,0.307692,2.08279e-34,-4.31502e-35,-1.62744e-35,-0.0534517,2.13323e-34
0.384615,0,0.307692,3.21793e-34,-5.61794e-35,-2.01135e-35,-0.0818125,3.27279e-34
0.461538,0,0.307692,4.6696e-34,-7.3047e-35,-2.36241e-35,-0.14388,4.73229e-34
0.538462,0,0.307692,6.52795e-34,-9.41025e-35,-2.68557e-35,-0.256345,6.60089e-34
0.615385,0,0.307692,8.84336e-34,-1.31788e-34,-3.00637e-35,-0.435516,8.94607e-34
0.692308,0,0.307692,1.1731e-33,-1.73016e-34,-3.37321e-35,-0.77041,1.18627e-33
0.769231,0,0.307692,1.61793e-33,-1.70334e-34,-3.79495e-35,-1.35615,1.62731e-33
0.846154,0,0.307692,1.41979e-33,-9.22947e-34,-3.9645e-35,-1.75968,1.69387e-33
0.923077,0,0.307692,4.73275e-34,1.20022e-34,-2.68683e-35,-8.17369,4.88995e-34
1,0,0.307692,-4.32631e-33,9,2.07993e-35,-15.517,9
0,0.0769231,0.307692,7.75497e-36,-1.8592e-35,-2.53767e-36,-0.115847,2.03038e-35
0.0769231,0.0769231,0.307692,0.0185584,-0.0192325,-0.00572911,-0.102792,0.0273336
0.153846,0.0769231,0.307692,0.0788485,-0.0454591,-0.0124239,-0.0907039,0.0918584
0.230769,0.0769231,0.307692,0.181229,-0.0690906,-0.0201622,-0.0906389,0.194998
0.307692,0.0769231,0.307692,0.323749,-0.0931344,-0.0280256,-0.109038,0.338043
0.384615,0.0769231,0.307692,0.510006,-0.12071,-0.0355218,-0.153669,0.525299
0.461538,0.0769231,0.307692,0.747282,-0.154272,-0.0424874,-0.235021,0.764222
0.538462,0.0769231,0.307692,1.04553,-0.195909,-0.0489908,-0.368571,1.06485
0.615385,0.0769231,0.307692,1.41544,-0.247915,-0.0554401,-0.582735,1.43805
0.692308,0.0769231,0.307692,1.85604,-0.314172,-0.0627991,-0.928552,1.88349
0.769231,0.0769231,0.307692,2.38549,-0.382142,-0.07197,-1.44096,2.41698
0.846154,0.0769231,0.307692,2.82479,-0.376052,-0.0806726,-2.59862,2.85085
0.923077,0.0769231,0.307692,2.16663,0.310787,-0.0716228,-4.27308,2.18998
1,0.0769231,0.307692,1.94821e-33,9,-3.36629e-35,-3.61489,9
0,0.153846,0.307692,1.92994e-35,-5.43527e-35,-1.54539e-36,-0.138383,5.76981e-35
0.0769231,0.153846,0.307692,0.0405208,-0.0780749,-0.00473167,-0.114944,0.088091
0.153846,0.153846,0.307692,0.146463,-0.15879,-0.0126564,-0.105302,0.216393
0.230769,0.153846,0.307692,0.309441,-0.234611,-0.02201,-0.111018,0.388948
0.307692,0.153846,0.307692,0.528737,-0.312297,-0.031538,-0.135852,0.614887
0.384615,0.153846,0.307692,0.807875,-0.398839,-0.0407546,-0.186151,0.901884
0.461538,0.153846,0.307692,1.15087,-0.497925,-0.0497215,-0.270697,1.25495
0.538462,0.153846,0.307692,1.55692,-0.608369,-0.0589453,-0.402483,1.6726
0.615385,0.153846,0.307692,2.00916,-0.720533,-0.0694645,-0.600469,2.13558
0.692308,0.153846,0.307692,2.45493,-0.801727,-0.0827472,-0.886833,2.58385
0.769231,0.153846,0.307692,2.74769,-0.74627,-0.0991297,-1.30852,2.84895
0.846154,0.153846,0.307692,2.49625,-0.203916,-0.11222,-1.83782,2.50707
0.923077,0.153846,0.307692,1.22594,2.23695,-0.0964404,-2.04026,2.55268
1,0.153846,0.307692,9.82342e-34,9,-6.20987e-35,-1.2934,9
0,0.230769,0.307692,2.1659e-35,-1.01825e-34,-2.89074e-38,-0.142485,1.04103e-34
0.0769231,0.230769,0.307692,0.0495721,-0.163359,-0.00158854,-0.113999,0.170722
0.153846,0.230769,0.307692,0.173337,-0.307108,-0.0083252,-0.104589,0.352746
0.230769,0.230769,0.307692,0.354323,-0.441282,-0.0167005,-0.111415,0.566175
0.307692,0.230769,0.307692,0.589862,-0.578312,-0.0252027,-0.136132,0.826448
0.384615,0.230769,0.307692,0.880243,-0.726107,-0.0334836,-0.182869,1.14157
0.461538,0.230769,0.307692,1.22176,-0.883605,-0.041853,-0.257701,1.50838
0.538462,0.230769,0.307692,1.59776,-1.03535,-0.0511269,-0.36848,1.90458
0.615385,0.230769,0.307692,1.96423,-1.13983,-0.0626254,-0.523381,2.27186
0.692308,0.230769,0.307692,2.22594,-1.10075,-0.0777843,-0.728319,2.48446
0.769231,0.230769,0.307692,2.20616,-0.698764,-0.0961625,-0.968187,2.31617
0.846154,0.230769,0.307692,1.67305,0.571987,-0.109803,-1.16289,1.77153
0.923077,0.230769,0.307692,0.672718,3.60913,-0.0933638,-1.13262,3.67247
1,0.230769,0.307692,3.83872e-34,9,-6.32344e-35,-0.803934,9
0,0.307692,0.307692,1.81717e-35,-1.47897e-34,8.71044e-37,-0.122916,1.49012e-34
0.0769231,0.307692,0.307692,0.0455277,-0.251427,0.00082286,-0.0968354,0.255517
0.153846,0.307692,0.307692,0.157658,-0.454898,-0.00394491,-0.0884461,0.48146
0.230769,0.307692,0.307692,0.317352,-0.640775,-0.0103045,-0.0940601,0.71513
0.307692,0.307692,0.307692,0.519799,-0.827889,-0.0167464,-0.114216,0.977687
0.384615,0.307692,0.307692,0.76193,-1.0227,-0.023038,-0.151111,1.27553
0.461538,0.307692,0.307692,1.03459,-1.21494,-0.0295831,-0.208116,1.59604
0.538462,0.307692,0.307692,1.31353,-1.36902,-0.0372222,-0.288742,1.89762
0.615385,0.307692,0.307692,1.54789,-1.40765,-0.0471515,-0.394572,2.09276
0.692308,0.307692,0.307692,1.64919,-1.18229,-0.0604412,-0.520109,2.03009
0.769231,0.307692,0.307692,1.49887,-0.425672,-0.0762354,-0.642648,1.56001
0.846154,0.307692,0.307692,1.02248,1.28318,-0.0874111,-0.7118,1.64306
0.923077,0.307692,0.307692,0.366768,4.40201,-0.0738631,-0.656294,4.41788
1,0.307692,0.307692,2.14894e-34,9,-5.21332e-35,-0.436232,9
0,0.384615,0.307692,1.07674e-35,-1.81867e-34,8.5844e-37,-0.0824971,1.82187e-34
0.0769231,0.384615,0.307692,0.0313825,-0.322077,0.00149794,-0.0645529,0.323606
0.153846,0.384615,0.307692,0.108449,-0.571612,-0.00125447,-0.0588883,0.58181
0.230769,0.384615,0.307692,0.216608,-0.795073,-0.00518039,-0.0625459,0.824068
0.307692,0.384615,0.307692,0.351295,-1.01645,-0.00915802,-0.0756384,1.07549
0.384615,0.384615,0.307692,0.508661,-1.23995,-0.0130479,-0.0990928,1.34029
0.461538,0.384615,0.307692,0.679782,-1.44601,-0.0171718,-0.134405,1.59792
0.538462,0.384615,0.307692,0.844486,-1.58138,-0.0221378,-0.182595,1.79287
0.615385,0.384615,0.307692,0.965333,-1.54284,-0.0287447,-0.242499,1.82018
0.692308,0.384615,0.307692,0.986433,-1.15615,-0.0376053,-0.307974,1.52025
0.769231,0.384615,0.307692,0.85001,-0.161403,-0.0479524,-0.363923,0.866526
0.846154,0.384615,0.307692,0.54596,1.7579,-0.0550169,-0.385166,1.84155
0.923077,0.384615,0.307692,0.184539,4.83925,-0.0462395,-0.342149,4.84299
1,0.384615,0.307692,1.07343e-34,9,-3.52118e-35,-0.231897,9
0,0.461538,0.307692,1.28817e-36,-1.96856e-34,1.94286e-37,-0.0281851,1.96861e-34
0.0769231,0.461538,0.307692,0.0110671,-0.361032,0.000691493,-0.0219705,0.361203
0.153846,0.461538,0.307692,0.0385226,-0.635508,-0.000191906,-0.0203996,0.636675
0.230769,0.461538,0.307692,0.076649,-0.878566,-0.00151153,-0.0219429,0.881905
0.307692,0.461538,0.307692,0.123717,-1.11696,-0.00285136,-0.0267884,1.12379
0.384615,0.461538,0.307692,0.177998,-1.35331,-0.00416479,-0.0351695,1.36497
0.461538,0.461538,0.307692,0.235852,-1.56242,-0.00557267,-0.0474638,1.58013
0.538462,0.461538,0.307692,0.289567,-1.68125,-0.00729362,-0.0636818,1.70602
0.615385,0.461538,0.307692,0.325606,-1.59424,-0.00960007,-0.0831258,1.62718
0.692308,0.461538,0.307692,0.325585,-1.11957,-0.0126765,-0.103176,1.16602
0.769231,0.461538,0.307692,0.273424,-0.0116475,-0.0162104,-0.118143,0.274152
0.846154,0.461538,0.307692,0.171085,1.98958,-0.0185391,-0.120594,1.99701
0.923077,0.461538,0.307692,0.0569892,5.03504,-0.0154791,-0.10376,5.03539
1,0.461538,0.307692,4.64061e-35,9,-1.58863e-35,-0.0695069,9
0,0.538462,0.307692,-8.44562e-36,-1.9005e-34,-5.9e-37,0.0308744,1.90239e-34
0.0769231,0.538462,0.307692,-0.0112915,-0.361071,-0.000675758,0.0241687,0.361248
0.153846,0.538462,0.307692,-0.0383595,-0.63554,0.000235267,0.0212127,0.636696
0.230769,0.538462,0.307692,-0.0764412,-0.878616,0.001571,0.0218239,0.881937
0.307692,0.538462,0.307692,-0.123378,-1.11704,0.00292269,0.0255785,1.12384
0.384615,0.538462,0.307692,-0.177552,-1.35341,0.00424071,0.032733,1.36501
0.461538,0.538462,0.307692,-0.235362,-1.56248,0.00564432,0.0436875,1.58012
0.538462,0.538462,0.307692,-0.289277,-1.68122,0.00735297,0.0585985,1.70594
0.615385,0.538462,0.307692,-0.326065,-1.59401,0.00965116,0.0770059,1.62705
0.692308,0.538462,0.307692,-0.326966,-1.11884,0.0127575,0.0979538,1.16571
0.769231,0.538462,0.307692,-0.275299,-0.0107515,0.0164072,0.116525,0.275997
0.846154,0.538462,0.307692,-0.171908,1.98946,0.0189451,0.124559,1.99696
0.923077,0.538462,0.307692,-0.0550593,5.03433,0.0160003,0.115195,5.03465
1,0.538462,0.307692,4.72388e-37,9,4.0562e-36,0.0838466,9
0,0.615385,0.307692,-1.66521e-35,-1.62725e-34,-9.21228e-37,0.0848941,1.63577e-34
0.0769231,0.615385,0.307692,-0.0315604,-0.322176,-0.00148248,0.0665164,0.323721
0.153846,0.615385,0.307692,-0.108326,-0.571683,0.00129796,0.0596837,0.581857
0.230769,0.615385,0.307692,-0.216479,-0.795197,0.00524114,0.0625419,0.824154
0.307692,0.615385,0.307692,-0.351054,-1.01667,0.00923534,0.07465,1.07561
0.384615,0.615385,0.307692,-0.50829,-1.24026,0.0131394,0.0968995,1.34043
0.461538,0.615385,0.307692,-0.679234,-1.44631,0.0172711,0.130706,1.59796
0.538462,0.615385,0.307692,-0.843927,-1.58136,0.0222331,0.177073,1.7926
0.615385,0.615385,0.307692,-0.964831,-1.54186,0.0288237,0.235873,1.81908
0.692308,0.615385,0.307692,-0.986897,-1.15414,0.0376794,0.301025,1.51902
0.769231,0.615385,0.307692,-0.852438,-0.160762,0.0480953,0.356784,0.868797
0.846154,0.615385,0.307692,-0.547312,1.75565,0.0553543,0.385356,1.83981
0.923077,0.615385,0.307692,-0.180843,4.83846,0.0467254,0.356933,4.84206
1,0.615385,0.307692,-4.53517e-35,9,2.38231e-35,0.251224,9
0,0.692308,0.307692,-2.14731e-35,-1.20207e-34,-4.02075e-37,0.124681,1.22111e-34
0.0769231,0.692308,0.307692,-0.0456083,-0.251535,-0.000807485,0.0983405,0.255638
0.153846,0.692308,0.307692,-0.157617,-0.454959,0.00398633,0.0892375,0.481504
0.230769,0.692308,0.307692,-0.317355,-0.640917,0.0103644,0.0943339,0.715259
0.307692,0.692308,0.307692,-0.519744,-0.828174,0.016831,0.11373,0.9779
0.384615,0.692308,0.307692,-0.761796,-1.02318,0.0231542,0.149464,1.27584
0.461538,0.692308,0.307692,-1.03413,-1.21557,0.0297316,0.204981,1.59622
0.538462,0.692308,0.307692,-1.31265,-1.36955,0.0373891,0.283267,1.8974
0.615385,0.692308,0.307692,-1.54585,-1.40772,0.0472981,0.385831,2.09131
0.692308,0.692308,0.307692,-1.64847,-1.18099,0.0605195,0.504862,2.02875
0.769231,0.692308,0.307692,-1.49917,-0.420848,0.0762671,0.630329,1.55899
0.846154,0.692308,0.307692,-1.025,1.28933,0.0875494,0.716539,1.64944
0.923077,0.692308,0.307692,-0.360787,4.40027,0.0741757,0.67201,4.41566
1,0.692308,0.307692,-1.22379e-34,9,4.2429e-35,0.457659,9
0,0.769231,0.307692,-2.12458e-35,-7.18175e-35,9.28979e-37,0.143399,7.49e-35
0.0769231,0.769231,0.307692,-0.0494757,-0.163369,0.00160802,0.114864,0.170704
0.153846,0.769231,0.307692,-0.173422,-0.307069,0.00835983,0.105573,0.352755
0.230769,0.769231,0.307692,-0.354455,-0.441331,0.0167524,0.112263,0.566297
0.307692,0.769231,0.307692,-0.590027,-0.578498,0.0252878,0.136545,0.826699
0.384615,0.769231,0.307692,-0.880451,-0.726514,0.0336197,0.182407,1.14199
0.461538,0.769231,0.307692,-1.22166,-0.884352,0.0420523,0.25603,1.50874
0.538462,0.769231,0.307692,-1.59757,-1.03674,0.0513819,0.363462,1.90518
0.615385,0.769231,0.307692,-1.9617,-1.14145,0.0628761,0.514832,2.27049
0.692308,0.769231,0.307692,-2.22214,-1.09968,0.0779006,0.71105,2.48058
0.769231,0.769231,0.307692,-2.19499,-0.689146,0.0960124,0.947954,2.30263
0.846154,0.769231,0.307692,-1.69101,0.575126,0.109424,1.11075,1.78948
0.923077,0.769231,0.307692,-0.655298,3.57914,0.0931208,1.13659,3.63982
1,0.769231,0.307692,-2.54809e-34,9,5.71046e-35,0.8193,9
0,0.846154,0.307692,-1.42933e-35,-2.98674e-35,2.29274e-36,0.137926,3.31906e-35
0.0769231,0.846154,0.307692,-0.0401955,-0.0782128,0.00475663,0.114818,0.0880656
0.153846,0.846154,0.307692,-0.146677,-0.158772,0.0126792,0.10676,0.216526
0.230769,0.846154,0.307692,-0.3096,-0.23455,0.022047,0.112746,0.38904
0.307692,0.846154,0.307692,-0.529017,-0.312266,0.0316099,0.137537,0.615116
0.384615,0.846154,0.307692,-0.8083,-0.398933,0.0408833,0.187451,0.902313
0.461538,0.846154,0.307692,-1.15141,-0.498356,0.0499288,0.271167,1.25563
0.538462,0.846154,0.307692,-1.5581,-0.609578,0.0592384,0.400312,1.67415
0.615385,0.846154,0.307692,-2.00809,-0.723289,0.0697846,0.596717,2.13552
0.692308,0.846154,0.307692,-2.45403,-0.811604,0.0828963,0.865426,2.58609
0.769231,0.846154,0.307692,-2.72489,-0.767804,0.0987772,1.24746,2.83272
0.846154,0.846154,0.307692,-2.52343,-0.182855,0.111037,1.68294,2.53248
0.923077,0.846154,0.307692,-1.14233,2.35228,0.0949806,2.20424,2.6167
1,0.846154,0.307692,-4.24876e-34,9,6.28746e-35,1.51465,9
0,0.923077,0.307692,-1.39376e-36,-4.72158e-36,1.95722e-36,0.114529,5.2978e-36
0.0769231,0.923077,0.307692,-0.0182083,-0.0187823,0.00575318,0.103878,0.0267846
0.153846,0.923077,0.307692,-0.0791097,-0.0449397,0.0124295,0.0939119,0.0918281
0.230769,0.923077,0.307692,-0.181286,-0.0686348,0.0201709,0.0937978,0.19489
0.307692,0.923077,0.307692,-0.323916,-0.0926394,0.0280483,0.11249,0.338069
0.384615,0.923077,0.307692,-0.510274,-0.120067,0.0355714,0.157473,0.525415
0.461538,0.923077,0.307692,-0.747923,-0.153389,0.0425808,0.23886,0.764676
0.538462,0.923077,0.307692,-1.04652,-0.194469,0.0491447,0.373091,1.06557
0.615385,0.923077,0.307692,-1.416,-0.246584,0.0556248,0.586322,1.43838
0.692308,0.923077,0.307692,-1.87371,-0.31201,0.0628705,0.914825,1.90055
0.769231,0.923077,0.307692,-2.35318,-0.372546,0.0716482,1.51626,2.38356
0.846154,0.923077,0.307692,-2.84613,-0.444696,0.0792451,2.35789,2.88175
0.923077,0.923077,0.307692,-2.1928,0.24977,0.0693556,3.68281,2.20807
1,0.923077,0.307692,-2.81353e-33,9,5.2543e-35,2.73159,9
0,1,0.307692,2.38019e-37,6.44226e-37,-1.27277e-36,0.103688,1.44624e-36
0.0769231,1,0.307692,-4.53905e-36,-2.69703e-37,2.55088e-36,0.0922438,5.21371e-36
0.153846,1,0.307692,-2.91339e-35,-1.16744e-35,6.52554e-36,0.0673686,3.20571e-35
0.230769,1,0.307692,-7.59459e-35,-2.16396e-35,1.11242e-35,0.053046,7.97484e-35
0.307692,1,0.307692,-1.452e-34,-3.08182e-35,1.59891e-35,0.0576366,1.49293e-34
0.384615,1,0.307692,-2.38161e-34,-4.15167e-35,2.07163e-35,0.0866289,2.42638e-34
0.461538,1,0.307692,-3.5895e-34,-5.54262e-35,2.51534e-35,0.149365,3.64074e-34
0.538462,1,0.307692,-5.14351e-34,-7.37153e-35,2.92683e-35,0.261499,5.2043e-34
0.615385,1,0.307692,-7.14755e-34,-1.03552e-34,3.31856e-35,0.446331,7.22979e-34
0.692308,1,0.307692,-9.72558e-34,-1.52145e-34,3.72584e-35,0.764445,9.85092e-34
0.769231,1,0.307692,-1.30338e-33,-1.81738e-34,4.22579e-35,1.3234,1.31667e-33
0.846154,1,0.307692,-1.77782e-33,-7.99844e-34,4.77801e-35,2.15067,1.95004e-33
0.923077,1,0.307692,-1.75001e-33,-3.26639e-33,4.65893e-35,6.02341,3.70595e-33
1,1,0.307692,2.99605e-33,9,-1.5834e-36,14.3439,9
0,0,0.384615,1.51049e-36,-1.60506e-36,1.88746e-37,-0.100403,2.21211e-36
0.0769231,0,0.384615,1.85795e-35,-8.5755e-36,-2.68435e-36,-0.0865349,2.06384e-35
0.153846,0,0.384615,5.88783e-35,-2.34863e-35,-4.84305e-36,-0.0579506,6.35745e-35
0.230769,0,0.384615,1.24444e-34,-3.40255e-35,-7.21613e-36,-0.0406216,1.29214e-34
0.307692,0,0.384615,2.14514e-34,-4.4924e-35,-9.57498e-36,-0.0418781,2.19377e-34
0.384615,0,0.384615,3.31495e-34,-5.80276e-35,-1.17636e-35,-0.0678539,3.36741e-34
0.461538,0,0.384615,4.80262e-34,-7.47147e-35,-1.37276e-35,-0.128258,4.86233e-34
0.538462,0,0.384615,6.69195e-34,-9.52037e-35,-1.5515e-35,-0.240101,6.76111e-34
0.615385,0,0.384615,9.02278e-34,-1.31871e-34,-1.73083e-35,-0.419901,9.12028e-34
0.692308,0,0.384615,1.18969e-33,-1.7164e-34,-1.93614e-35,-0.756503,1.20217e-33
0.769231,0,0.384615,1.62951e-33,-1.67996e-34,-2.15118e-35,-1.34328,1.63828e-33
0.846154,0,0.384615,1.42456e-33,-9.21417e-34,-2.1774e-35,-1.74378,1.69672e-33
0.923077,0,0.384615,4.71829e-34,1.17764e-34,-1.37626e-35,-8.14915,4.86498e-34
1,0,0.384615,-4.33285e-33,9,9.29697e-36,-15.5082,9
0,0.0769231,0.384615,7.59081e-36,-1.92646e-35,-1.70944e-36,-0.114386,2.07766e-35
0.0769231,0.0769231,0.384615,0.018682,-0.020139,-0.00416641,-0.100812,0.0277841
0.153846,0.0769231,0.384615,0.0809936,-0.0482517,-0.00853559,-0.08693,0.0946628
0.230769,0.0769231,0.384615,0.187939,-0.0735721,-0.0135614,-0.0848359,0.202282
0.307692,0.0769231,0.384615,0.336914,-0.0989837,-0.0186973,-0.101241,0.351651
0.384615,0.0769231,0.384615,0.530953,-0.127541,-0.0235655,-0.144127,0.546565
0.461538,0.0769231,0.384615,0.776641,-0.161507,-0.0280221,-0.224106,0.793751
0.538462,0.0769231,0.384615,1.08276,-0.202627,-0.0321397,-0.356752,1.10203
0.615385,0.0769231,0.384615,1.45794,-0.252751,-0.0362648,-0.57043,1.48014
0.692308,0.0769231,0.384615,1.89819,-0.315484,-0.0409868,-0.915789,1.92466
0.769231,0.0769231,0.384615,2.41887,-0.378826,-0.0464953,-1.42624,2.4488
0.846154,0.0769231,0.384615,2.84225,-0.369255,-0.0500739,-2.57912,2.86658
0.923077,0.0769231,0.384615,2.17,0.316195,-0.0415974,-4.24782,2.19331
1,0.0769231,0.384615,1.94959e-33,9,-2.15885e-35,-3.58387,9
0,0.153846,0.384615,1.98397e-35,-5.68507e-35,-1.21412e-36,-0.139104,6.02253e-35
0.0769231,0.153846,0.384615,0.0420551,-0.0826371,-0.00386291,-0.114569,0.0928033
0.153846,0.153846,0.384615,0.152997,-0.169433,-0.00920124,-0.103414,0.228474
0.230769,0.153846,0.384615,0.324395,-0.250892,-0.0154663,-0.107673,0.410387
0.307692,0.153846,0.384615,0.554754,-0.333304,-0.0219261,-0.131148,0.647552
0.384615,0.153846,0.384615,0.846767,-0.423317,-0.0282012,-0.180264,0.947105
0.461538,0.153846,0.384615,1.20322,-0.523907,-0.0342866,-0.263799,1.31278
0.538462,0.153846,0.384615,1.62124,-0.632675,-0.0405184,-0.394692,1.74079
0.615385,0.153846,0.384615,2.08064,-0.738487,-0.04756,-0.591702,2.20832
0.692308,0.153846,0.384615,2.52439,-0.807756,-0.0561124,-0.876471,2.65107
0.769231,0.153846,0.384615,2.80269,-0.736556,-0.0655988,-1.29485,2.8986
0.846154,0.153846,0.384615,2.52693,-0.181814,-0.0707435,-1.8183,2.53445
0.923077,0.153846,0.384615,1.23407,2.25655,-0.0568907,-2.01439,2.57259
1,0.153846,0.384615,9.88352e-34,9,-3.7433e-35,-1.25795,9
0,0.230769,0.384615,2.23555e-35,-1.0699e-34,-3.30457e-37,-0.144902,1.09301e-34
0.0769231,0.230769,0.384615,0.0520454,-0.17388,-0.00191042,-0.114826,0.181512
0.153846,0.230769,0.384615,0.182676,-0.32872,-0.00652691,-0.104037,0.376125
0.230769,0.230769,0.384615,0.374031,-0.473089,-0.0122385,-0.109759,0.60321
0.307692,0.230769,0.384615,0.622535,-0.618798,-0.0181559,-0.133556,0.877947
0.384615,0.230769,0.384615,0.927522,-0.772994,-0.0239946,-0.179512,1.20764
0.461538,0.230769,0.384615,1.2838,-0.933153,-0.0299155,-0.25363,1.58739
0.538462,0.230769,0.384615,1.67228,-1.08152,-0.0364385,-0.363642,1.99186
0.615385,0.230769,0.384615,2.04523,-1.1739,-0.0443473,-0.51746,2.35859
0.692308,0.230769,0.384615,2.30308,-1.11266,-0.0542285,-0.720475,2.55834
0.769231,0.230769,0.384615,2.26643,-0.682016,-0.0649646,-0.956762,2.36772
0.846154,0.230769,0.384615,1.70683,0.61117,-0.0705555,-1.14569,1.81433
0.923077,0.230769,0.384615,0.682113,3.64516,-0.0564344,-1.10802,3.70886
1,0.230769,0.384615,3.88917e-34,9,-4.01528e-35,-0.771858,9
0,0.307692,0.384615,1.87011e-35,-1.55754e-34,2.61565e-37,-0.125825,1.56873e-34
0.0769231,0.307692,0.384615,0.0480908,-0.268347,-0.00020431,-0.0981619,0.272622
0.153846,0.307692,0.384615,0.167018,-0.487691,-0.00349519,-0.0886196,0.51551
0.230769,0.307692,0.384615,0.336507,-0.687881,-0.00786512,-0.093404,0.765819
0.307692,0.307692,0.384615,0.550834,-0.887176,-0.0124164,-0.112946,1.04434
0.384615,0.307692,0.384615,0.805997,-1.09086,-0.0169506,-0.149341,1.35643
0.461538,0.307692,0.384615,1.09145,-1.28645,-0.0216981,-0.20587,1.68721
0.538462,0.307692,0.384615,1.38067,-1.43503,-0.0271907,-0.285911,1.99156
0.615385,0.307692,0.384615,1.61959,-1.45571,-0.0341245,-0.390814,2.17792
0.692308,0.307692,0.384615,1.71626,-1.19858,-0.0428932,-0.51467,2.0938
0.769231,0.307692,0.384615,1.55049,-0.402053,-0.0523017,-0.63421,1.60262
0.846154,0.307692,0.384615,1.05119,1.33719,-0.0571471,-0.69869,1.70186
0.923077,0.307692,0.384615,0.374772,4.45166,-0.0456544,-0.637162,4.46764
1,0.307692,0.384615,2.18741e-34,9,-3.44268e-35,-0.411138,9
0,0.384615,0.384615,1.09536e-35,-1.91736e-34,3.57799e-37,-0.0847189,1.92049e-34
0.0769231,0.384615,0.384615,0.0332618,-0.344203,0.000499078,-0.0656411,0.345807
0.153846,0.384615,0.384615,0.115233,-0.613304,-0.00140346,-0.0592118,0.624037
0.230769,0.384615,0.384615,0.230306,-0.854102,-0.00410543,-0.062352,0.884617
0.307692,0.384615,0.384615,0.373232,-1.09015,-0.00693514,-0.0750928,1.15229
0.384615,0.384615,0.384615,0.539469,-1.32416,-0.00977092,-0.0982656,1.42987
0.461538,0.384615,0.384615,0.719103,-1.53376,-0.0128012,-0.133303,1.69402
0.538462,0.384615,0.384615,0.890385,-1.66164,-0.0164103,-0.181128,1.88523
0.615385,0.384615,0.384615,1.01374,-1.60042,-0.0210611,-0.24042,1.89458
0.692308,0.384615,0.384615,1.03113,-1.17474,-0.026961,-0.304785,1.56332
0.769231,0.384615,0.384615,0.884014,-0.132275,-0.0332274,-0.358805,0.894473
0.846154,0.384615,0.384615,0.564746,1.82229,-0.0364197,-0.377103,1.90814
0.923077,0.384615,0.384615,0.189807,4.89774,-0.0290576,-0.330384,4.9015
1,0.384615,0.384615,1.0966e-34,9,-2.38222e-35,-0.216475,9
0,0.461538,0.384615,1.07269e-36,-2.07614e-34,8.80253e-38,-0.0289141,2.07617e-34
0.0769231,0.461538,0.384615,0.0117514,-0.386038,0.000286561,-0.0223111,0.386217
0.153846,0.461538,0.384615,0.040993,-0.682075,-0.000324679,-0.0205066,0.683306
0.230769,0.461538,0.384615,0.0816014,-0.944058,-0.00123141,-0.02189,0.947579
0.307692,0.461538,0.384615,0.131606,-1.19838,-0.00218601,-0.026632,1.20559
0.384615,0.461538,0.384615,0.189018,-1.44603,-0.00314744,-0.0349241,1.45833
0.461538,0.461538,0.384615,0.249838,-1.65866,-0.00418674,-0.0471295,1.67738
0.538462,0.461538,0.384615,0.305796,-1.76879,-0.00544094,-0.0632181,1.79503
0.615385,0.461538,0.384615,0.342615,-1.65646,-0.00706629,-0.0824404,1.69154
0.692308,0.461538,0.384615,0.341203,-1.13901,-0.00911932,-0.102099,1.18905
0.769231,0.461538,0.384615,0.285273,0.0205146,-0.0112737,-0.116409,0.286231
0.846154,0.461538,0.384615,0.177666,2.0592,-0.0123441,-0.117903,2.06688
0.923077,0.461538,0.384615,0.0588704,5.09771,-0.00982622,-0.09992,5.09806
1,0.461538,0.384615,4.71823e-35,9,-1.09231e-35,-0.0643828,9
0,0.538462,0.384615,-9.00663e-36,-2.00393e-34,-2.48895e-37,0.0318947,2.00596e-34
0.0769231,0.538462,0.384615,-0.0119771,-0.386075,-0.000279679,0.0247348,0.386261
0.153846,0.538462,0.384615,-0.0408071,-0.682105,0.000347477,0.0214395,0.683325
0.230769,0.538462,0.384615,-0.0813782,-0.944108,0.0012696,0.0218383,0.947609
0.307692,0.538462,0.384615,-0.131246,-1.19846,0.00223583,0.0254494,1.20563
0.384615,0.538462,0.384615,-0.188555,-1.44612,0.0032028,0.0325055,1.45836
0.461538,0.538462,0.384615,-0.249335,-1.65871,0.00424148,0.0433666,1.67735
0.538462,0.538462,0.384615,-0.305496,-1.76874,0.00549305,0.0581619,1.79494
0.615385,0.538462,0.384615,-0.343052,-1.65622,0.00712643,0.0763745,1.69139
0.692308,0.538462,0.384615,-0.342507,-1.13829,0.00921695,0.0969546,1.18874
0.769231,0.538462,0.384615,-0.286952,0.0213876,0.0114578,0.114857,0.287976
0.846154,0.538462,0.384615,-0.178174,2.05904,0.0126395,0.121787,2.06677
0.923077,0.538462,0.384615,-0.0567365,5.09698,0.010113,0.110929,5.0973
1,0.538462,0.384615,-5.49155e-37,9,2.73691e-36,0.0783197,9
0,0.615385,0.384615,-1.74005e-35,-1.71432e-34,-3.27989e-37,0.0873268,1.72313e-34
0.0769231,0.615385,0.384615,-0.0334378,-0.344298,-0.000489581,0.0677674,0.345918
0.153846,0.615385,0.384615,-0.115091,-0.61337,0.00142943,0.0600947,0.624076
0.230769,0.615385,0.384615,-0.230161,-0.854223,0.00414731,0.062396,0.884697
0.307692,0.615385,0.384615,-0.372966,-1.09036,0.00699213,0.0741173,1.1524
0.384615,0.615385,0.384615,-0.539073,-1.32445,0.0098403,0.0960734,1.42999
0.461538,0.615385,0.384615,-0.718529,-1.53403,0.0128779,0.129597,1.69402
0.538462,0.615385,0.384615,-0.889804,-1.66158,0.0164868,0.175602,1.8849
0.615385,0.615385,0.384615,-1.01321,-1.59939,0.0211344,0.233809,1.89344
0.692308,0.615385,0.384615,-1.03153,-1.17274,0.0270429,0.297876,1.56208
0.769231,0.615385,0.384615,-0.88626,-0.131715,0.0333593,0.351693,0.896615
0.846154,0.615385,0.384615,-0.565778,1.81992,0.0366415,0.377153,1.90619
0.923077,0.615385,0.384615,-0.185893,4.89685,0.0292806,0.344673,4.90047
1,0.615385,0.384615,-4.81052e-35,9,1.61923e-35,0.235323,9
0,0.692308,0.384615,-2.21639e-35,-1.26399e-34,6.35885e-38,0.127651,1.28328e-34
0.0769231,0.692308,0.384615,-0.0481634,-0.268448,0.000218388,0.0997143,0.272735
0.153846,0.692308,0.384615,-0.166963,-0.487749,0.00352477,0.0894385,0.515546
0.230769,0.692308,0.384615,-0.336491,-0.68802,0.00791098,0.0936859,0.765938
0.307692,0.692308,0.384615,-0.550746,-0.887453,0.0124832,0.112443,1.04453
0.384615,0.692308,0.384615,-0.80582,-1.09132,0.0170415,0.147656,1.35669
0.461538,0.692308,0.384615,-1.09093,-1.28704,0.0218106,0.202675,1.68733
0.538462,0.692308,0.384615,-1.37975,-1.43549,0.0273104,0.280362,1.99125
0.615385,0.692308,0.384615,-1.61752,-1.45572,0.0342251,0.382003,2.17638
0.692308,0.692308,0.384615,-1.71551,-1.19728,0.0429482,0.499377,2.09244
0.769231,0.692308,0.384615,-1.55068,-0.397382,0.0523191,0.621862,1.60164
0.846154,0.692308,0.384615,-1.05344,1.34305,0.0571818,0.703243,1.70786
0.923077,0.692308,0.384615,-0.368612,4.44966,0.0457002,0.652418,4.46514
1,0.692308,0.384615,-1.26699e-34,9,2.8324e-35,0.432367,9
0,0.769231,0.384615,-2.1584e-35,-7.52237e-35,8.70478e-37,0.145679,7.82638e-35
0.0769231,0.769231,0.384615,-0.051929,-0.173879,0.00193068,0.115592,0.181478
0.153846,0.769231,0.384615,-0.182758,-0.328674,0.00655632,0.104992,0.376125
0.230769,0.769231,0.384615,-0.374137,-0.473136,0.0122828,0.110563,0.603313
0.307692,0.769231,0.384615,-0.622659,-0.618977,0.0182268,0.133896,0.878162
0.384615,0.769231,0.384615,-0.927666,-0.773379,0.0241017,0.178931,1.208
0.461538,0.769231,0.384615,-1.28363,-0.93385,0.0300607,0.251787,1.58766
0.538462,0.769231,0.384615,-1.67201,-1.08283,0.0366044,0.358399,1.99235
0.615385,0.769231,0.384615,-2.04266,-1.17544,0.0444844,0.508648,2.35714
0.692308,0.769231,0.384615,-2.29932,-1.1116,0.0542544,0.702958,2.55451
0.769231,0.769231,0.384615,-2.25536,-0.67266,0.0648112,0.936369,2.35443
0.846154,0.769231,0.384615,-1.7248,0.613709,0.0702701,1.09331,1.83208
0.923077,0.769231,0.384615,-0.664612,3.61461,0.0561845,1.11151,3.67563
1,0.769231,0.384615,-2.59921e-34,9,3.72423e-35,0.787446,9
0,0.846154,0.384615,-1.40291e-35,-3.10125e-35,1.60895e-36,0.138348,3.40761e-35
0.0769231,0.846154,0.384615,-0.0416942,-0.0827863,0.00388376,0.11421,0.0927742
0.153846,0.846154,0.384615,-0.153218,-0.169423,0.00922186,0.104789,0.228616
0.230769,0.846154,0.384615,-0.324522,-0.250834,0.0154977,0.109287,0.410454
0.307692,0.846154,0.384615,-0.554989,-0.333272,0.021982,0.132671,0.647739
0.384615,0.846154,0.384615,-0.847119,-0.423404,0.0282939,0.181316,0.947461
0.461538,0.846154,0.384615,-1.20366,-0.524319,0.0344231,0.263913,1.31335
0.538462,0.846154,0.384615,-1.62231,-0.633848,0.0406849,0.39205,1.74221
0.615385,0.846154,0.384615,-2.0795,-0.74121,0.0476982,0.587384,2.20817
0.692308,0.846154,0.384615,-2.52361,-0.817687,0.0560992,0.854489,2.65337
0.769231,0.846154,0.384615,-2.78028,-0.758427,0.0652673,1.23345,2.88261
0.846154,0.846154,0.384615,-2.5546,-0.1616,0.0700801,1.66335,2.56067
0.923077,0.846154,0.384615,-1.15076,2.37088,0.0562937,2.1773,2.636
1,0.846154,0.384615,-4.29619e-34,9,4.00145e-35,1.48118,9
0,0.923077,0.384615,-6.77271e-37,-4.81217e-36,1.27631e-36,0.112831,5.02441e-36
0.0769231,0.923077,0.384615,-0.0183112,-0.0196687,0.00417656,0.101791,0.0271956
0.153846,0.923077,0.384615,-0.0812755,-0.0477056,0.00854045,0.0901245,0.0946281
0.230769,0.923077,0.384615,-0.187974,-0.0731156,0.0135643,0.0878383,0.202149
0.307692,0.923077,0.384615,-0.337055,-0.0985105,0.0187062,0.104434,0.351654
0.384615,0.923077,0.384615,-0.53117,-0.12693,0.0235892,0.147547,0.546634
0.461538,0.923077,0.384615,-0.777205,-0.160663,0.0280691,0.227418,0.794133
0.538462,0.923077,0.384615,-1.08365,-0.201225,0.0322071,0.360609,1.10264
0.615385,0.923077,0.384615,-1.45843,-0.251455,0.0363189,0.573262,1.48039
0.692308,0.923077,0.384615,-1.91593,-0.313368,0.0409388,0.90132,1.94182
0.769231,0.923077,0.384615,-2.38696,-0.369351,0.0461623,1.50138,2.41581
0.846154,0.923077,0.384615,-2.86436,-0.438274,0.0493336,2.33916,2.89811
0.923077,0.923077,0.384615,-2.19691,0.254506,0.0407309,3.6582,2.21198
1,0.923077,0.384615,-2.8155e-33,9,3.28524e-35,2.70268,9
0,1,0.384615,3.40772e-37,3.36187e-37,-9.2138e-37,0.101222,1.03831e-36
0.0769231,1,0.384615,-4.42037e-36,-2.32207e-37,2.04047e-36,0.0895763,4.87413e-36
0.153846,1,0.384615,-2.99701e-35,-1.28461e-35,4.95237e-36,0.0616486,3.29812e-35
0.230769,1,0.384615,-7.91901e-35,-2.37271e-35,8.22102e-36,0.0441212,8.3076e-35
0.307692,1,0.384615,-1.52306e-34,-3.36309e-35,1.16939e-35,0.0457465,1.56412e-34
0.384615,1,0.384615,-2.50188e-34,-4.49044e-35,1.50545e-35,0.0721977,2.54631e-34
0.461538,1,0.384615,-3.76591e-34,-5.91451e-35,1.81521e-35,0.13311,3.81639e-34
0.538462,1,0.384615,-5.37744e-34,-7.73539e-35,2.09646e-35,0.244468,5.43683e-34
0.615385,1,0.384615,-7.42977e-34,-1.06512e-34,2.36187e-35,0.429798,7.50944e-34
0.692308,1,0.384615,-1.0029e-33,-1.53505e-34,2.64459e-35,0.749632,1.01492e-33
0.769231,1,0.384615,-1.33077e-33,-1.80973e-34,2.97483e-35,1.30998,1.34335e-33
0.846154,1,0.384615,-1.79633e-33,-7.97424e-34,3.26472e-35,2.13562,1.96564e-33
0.923077,1,0.384615,-1.75756e-33,-3.26475e-33,3.00715e-35,6.00198,3.7079e-33
1,1,0.384615,2.99653e-33,9,-3.15337e-37,14.3178,9
0,0,0.461538,1.38107e-36,-1.76469e-36,1.41436e-37,-0.0991775,2.24533e-36
0.0769231,0,0.461538,1.85373e-35,-8.67849e-36,-4.67188e-37,-0.0850033,2.04735e-35
0.153846,0,0.461538,5.91715e-35,-2.39757e-35,-8.30255e-37,-0.0551378,6.38498e-35
0.230769,0,0.461538,1.25505e-34,-3.46452e-35,-1.22997e-36,-0.0363531,1.30205e-34
0.307692,0,0.461538,2.16652e-34,-4.55708e-35,-1.61892e-36,-0.0362803,2.21399e-34
0.384615,0,0.461538,3.34882e-34,-5.86215e-35,-1.96905e-36,-0.0611912,3.3998e-34
0.461538,0,0.461538,4.84902e-34,-7.51522e-35,-2.27135e-36,-0.120926,4.90696e-34
0.538462,0,0.461538,6.7482e-34,-9.53612e-35,-2.53627e-36,-0.232609,6.81529e-34
0.615385,0,0.461538,9.08223e-34,-1.31623e-34,-2.79889e-36,-0.412788,9.17715e-34
0.692308,0,0.461538,1.19487e-33,-1.71004e-34,-3.10825e-36,-0.749995,1.20705e-33
0.769231,0,0.461538,1.63278e-33,-1.67263e-34,-3.4398e-36,-1.33679,1.64133e-33
0.846154,0,0.461538,1.42557e-33,-9.21122e-34,-3.49066e-36,-1.73577,1.69727e-33
0.923077,0,0.461538,4.72105e-34,1.17821e-34,-2.44317e-36,-8.13888,4.86591e-34
1,0,0.461538,-4.33007e-33,9,3.21207e-36,-15.4932,9
0,0.0769231,0.461538,7.51443e-36,-1.94795e-35,-3.1971e-37,-0.113469,2.0881e-35
0.0769231,0.0769231,0.461538,0.0186355,-0.020505,-0.00152787,-0.0996911,0.0277502
0.153846,0.0769231,0.461538,0.0816685,-0.049454,-0.00303929,-0.0849455,0.0955232
0.230769,0.0769231,0.461538,0.190532,-0.07552,-0.00476832,-0.0818631,0.205008
0.307692,0.0769231,0.461538,0.342306,-0.101508,-0.00653391,-0.0972973,0.3571
0.384615,0.0769231,0.461538,0.539702,-0.130429,-0.00819997,-0.139352,0.555299
0.461538,0.0769231,0.461538,0.788896,-0.164456,-0.00971416,-0.218707,0.805914
0.538462,0.0769231,0.461538,1.09804,-0.205192,-0.0111121,-0.350962,1.1171
0.615385,0.0769231,0.461538,1.47479,-0.254344,-0.0125305,-0.564411,1.49662
0.692308,0.0769231,0.461538,1.91397,-0.315515,-0.014168,-0.909395,1.93985
0.769231,0.0769231,0.461538,2.43032,-0.377073,-0.0159805,-1.4188,2.45945
0.846154,0.0769231,0.461538,2.8475,-0.366453,-0.0168959,-2.56965,2.87103
0.923077,0.0769231,0.461538,2.17076,0.318123,-0.0136538,-4.236,2.19399
1,0.0769231,0.461538,1.94958e-33,9,-8.97596e-36,-3.5714,9
0,0.153846,0.461538,2.00773e-35,-5.77433e-35,-2.05413e-37,-0.139196,6.11345e-35
0.0769231,0.153846,0.461538,0.0426148,-0.0846098,-0.00147686,-0.114227,0.0947471
0.153846,0.153846,0.461538,0.155569,-0.174145,-0.00335606,-0.102344,0.233537
0.230769,0.153846,0.461538,0.330567,-0.258125,-0.00554154,-0.105874,0.419444
0.307692,0.153846,0.461538,0.56572,-0.342562,-0.00779959,-0.128653,0.661399
0.384615,0.153846,0.461538,0.863247,-0.433902,-0.00999337,-0.177169,0.966213
0.461538,0.153846,0.461538,1.22525,-0.534778,-0.0121185,-0.26019,1.33693
0.538462,0.153846,0.461538,1.64781,-0.642291,-0.0142985,-0.390624,1.76862
0.615385,0.153846,0.461538,2.10923,-0.74482,-0.0167648,-0.587101,2.23694
0.692308,0.153846,0.461538,2.55089,-0.808769,-0.0197133,-0.870986,2.67611
0.769231,0.153846,0.461538,2.82233,-0.731436,-0.0227888,-1.28778,2.91566
0.846154,0.153846,0.461538,2.53695,-0.172771,-0.0240416,-1.80883,2.54294
0.923077,0.153846,0.461538,1.23635,2.26378,-0.0188322,-2.00186,2.57946
1,0.153846,0.461538,9.89151e-34,9,-1.64606e-35,-1.24352,9
0,0.230769,0.461538,2.26212e-35,-1.08911e-34,-3.9285e-38,-0.145822,1.11235e-34
0.0769231,0.230769,0.461538,0.0530448,-0.178603,-0.000815951,-0.115084,0.186315
0.153846,0.230769,0.461538,0.186564,-0.338504,-0.00245693,-0.103645,0.386519
0.230769,0.230769,0.461538,0.38242,-0.487474,-0.00446661,-0.108812,0.619594
0.307692,0.230769,0.461538,0.636576,-0.63695,-0.00656018,-0.132122,0.900542
0.384615,0.230769,0.461538,0.947831,-0.793652,-0.00863471,-0.177661,1.23626
0.461538,0.230769,0.461538,1.31021,-0.954363,-0.0107435,-0.251388,1.62098
0.538462,0.230769,0.461538,1.70342,-1.10037,-0.0130687,-0.360973,2.02796
0.615385,0.230769,0.461538,2.07814,-1.18662,-0.0158699,-0.514187,2.39311
0.692308,0.230769,0.461538,2.3332,-1.1155,-0.0192827,-0.716184,2.58622
0.769231,0.230769,0.461538,2.28877,-0.673523,-0.0227694,-0.950771,2.38592
0.846154,0.230769,0.461538,1.71854,0.627207,-0.0241606,-1.13721,1.82957
0.923077,0.230769,0.461538,0.685012,3.65884,-0.0187996,-1.09656,3.72246
1,0.230769,0.461538,3.90059e-34,9,-1.77769e-35,-0.75804,9
0,0.307692,0.461538,1.88511e-35,-1.58732e-34,6.47777e-38,-0.127025,1.59848e-34
0.0769231,0.307692,0.461538,0.049165,-0.276094,-0.00020348,-0.0986948,0.280437
0.153846,0.307692,0.461538,0.171018,-0.502743,-0.00137811,-0.0886221,0.531036
0.230769,0.307692,0.461538,0.344807,-0.709438,-0.00292139,-0.0929932,0.788798
0.307692,0.307692,0.461538,0.564349,-0.914068,-0.00454341,-0.112206,1.07426
0.384615,0.307692,0.461538,0.82514,-1.12129,-0.00617175,-0.148324,1.39219
0.461538,0.307692,0.461538,1.11591,-1.31758,-0.00788418,-0.204583,1.72665
0.538462,0.307692,0.461538,1.40908,-1.46264,-0.00986407,-0.28429,2.03099
0.615385,0.307692,0.461538,1.64918,-1.4744,-0.012336,-0.388674,2.21219
0.692308,0.307692,0.461538,1.74303,-1.20316,-0.0153743,-0.51165,2.11801
0.769231,0.307692,0.461538,1.57022,-0.390633,-0.0184494,-0.629758,1.61819
0.846154,0.307692,0.461538,1.06158,1.35931,-0.0196972,-0.69218,1.72484
0.923077,0.307692,0.461538,0.377466,4.4709,-0.0153082,-0.62829,4.48683
1,0.307692,0.461538,2.19401e-34,9,-1.54368e-35,-0.400578,9
0,0.384615,0.461538,1.09391e-35,-1.9551e-34,7.5935e-38,-0.0856518,1.95816e-34
0.0769231,0.384615,0.461538,0.0340636,-0.354442,8.52124e-05,-0.0660951,0.356075
0.153846,0.384615,0.461538,0.118172,-0.632595,-0.000593868,-0.0593228,0.643538
0.230769,0.384615,0.461538,0.236304,-0.881307,-0.00154853,-0.0622087,0.912438
0.307692,0.384615,0.461538,0.382867,-1.12382,-0.00256075,-0.0747598,1.18725
0.384615,0.384615,0.461538,0.552956,-1.36206,-0.00358582,-0.097777,1.47003
0.461538,0.384615,0.461538,0.736156,-1.57236,-0.00468735,-0.132657,1.73617
0.538462,0.384615,0.461538,0.909987,-1.69573,-0.00599571,-0.18027,1.92447
0.615385,0.384615,0.461538,1.03397,-1.62341,-0.00765725,-0.23922,1.92473
0.692308,0.384615,0.461538,1.04928,-1.18048,-0.00970311,-0.303006,1.57943
0.769231,0.384615,0.461538,0.897321,-0.118713,-0.0117595,-0.356103,0.905216
0.846154,0.384615,0.461538,0.571768,1.84862,-0.012601,-0.373099,1.93506
0.923077,0.384615,0.461538,0.191661,4.92065,-0.00979354,-0.324898,4.92439
1,0.384615,0.461538,1.09943e-34,9,-1.0806e-35,-0.209857,9
0,0.461538,0.461538,9.03575e-37,-2.11739e-34,2.07106e-38,-0.0292019,2.11741e-34
0.0769231,0.461538,0.461538,0.0120466,-0.397663,6.74454e-05,-0.0224412,0.397845
0.153846,0.461538,0.461538,0.0420714,-0.703701,-0.000148658,-0.0205427,0.704957
0.230769,0.461538,0.461538,0.0837813,-0.97434,-0.000467612,-0.0218526,0.977936
0.307692,0.461538,0.461538,0.135086,-1.23571,-0.000809429,-0.0265401,1.24307
0.384615,0.461538,0.461538,0.19386,-1.48793,-0.00115862,-0.0347871,1.50051
0.461538,0.461538,0.461538,0.255929,-1.70122,-0.00153816,-0.046943,1.72036
0.538462,0.461538,0.461538,0.312764,-1.80625,-0.00199162,-0.0629592,1.83313
0.615385,0.461538,0.461538,0.349777,-1.68164,-0.00256709,-0.0820666,1.71764
0.692308,0.461538,0.461538,0.347614,-1.14528,-0.00327047,-0.101536,1.19688
0.769231,0.461538,0.461538,0.289985,0.0351962,-0.00396902,-0.115553,0.29214
0.846154,0.461538,0.461538,0.18018,2.08761,-0.00424932,-0.116649,2.09538
0.923077,0.461538,0.461538,0.0595528,5.12239,-0.00329973,-0.0982238,5.12274
1,0.461538,0.461538,4.69003e-35,9,-4.99353e-36,-0.0623472,9
0,0.538462,0.461538,-9.27319e-36,-2.04352e-34,-4.6273e-38,0.0323647,2.04562e-34
0.0769231,0.538462,0.461538,-0.0122695,-0.397698,-6.88193e-05,0.0249989,0.397887
0.153846,0.538462,0.461538,-0.0418704,-0.703728,0.000159244,0.0215333,0.704973
0.230769,0.538462,0.461538,-0.0835475,-0.974387,0.000488075,0.0218184,0.977963
0.307692,0.538462,0.461538,-0.134716,-1.23578,0.000835174,0.0253493,1.24311
0.384615,0.538462,0.461538,-0.193392,-1.48801,0.0011854,0.0323416,1.50053
0.461538,0.538462,0.461538,-0.255421,-1.70126,0.00156411,0.0431436,1.72033
0.538462,0.538462,0.461538,-0.312453,-1.8062,0.00202309,0.0578629,1.83302
0.615385,0.538462,0.461538,-0.350183,-1.6814,0.00261546,0.0759406,1.71748
0.692308,0.538462,0.461538,-0.348842,-1.14457,0.00335742,0.0962962,1.19656
0.769231,0.538462,0.461538,-0.291524,0.0360438,0.00411833,0.113835,0.293773
0.846154,0.538462,0.461538,-0.180524,2.08742,0.00444622,0.120222,2.09522
0.923077,0.538462,0.461538,-0.0573251,5.12163,0.00346322,0.108718,5.12195
1,0.538462,0.461538,-1.47787e-36,9,1.23822e-36,0.0755652,9
0,0.615385,0.461538,-1.76743e-35,-1.7474e-34,-6.67569e-38,0.0883799,1.75631e-34
0.0769231,0.615385,0.461538,-0.0342358,-0.354531,-8.23828e-05,0.0683068,0.35618
0.153846,0.615385,0.461538,-0.118017,-0.632654,0.000607869,0.060236,0.643568
0.230769,0.615385,0.461538,-0.236146,-0.881422,0.00157257,0.0622499,0.912508
0.307692,0.615385,0.461538,-0.382587,-1.12402,0.00259294,0.0737576,1.18735
0.384615,0.615385,0.461538,-0.552548,-1.36234,0.00362393,0.0955371,1.47013
0.461538,0.615385,0.461538,-0.735571,-1.57261,0.00472781,0.128886,1.73614
0.538462,0.615385,0.461538,-0.909394,-1.69564,0.00603919,0.174672,1.92411
0.615385,0.615385,0.461538,-1.03342,-1.62237,0.00770533,0.232518,1.92357
0.692308,0.615385,0.461538,-1.04962,-1.1785,0.00976839,0.295979,1.57818
0.769231,0.615385,0.461538,-0.899454,-0.118235,0.0118665,0.348819,0.907269
0.846154,0.615385,0.461538,-0.572662,1.84613,0.0127419,0.372847,1.93295
0.923077,0.615385,0.461538,-0.187665,4.91967,0.00990811,0.338694,4.92325
1,0.615385,0.461538,-4.96116e-35,9,7.3475e-36,0.22799,9
0,0.692308,0.461538,-2.23363e-35,-1.28715e-34,-2.17374e-39,0.12886,1.30638e-34
0.0769231,0.692308,0.461538,-0.0492313,-0.276188,0.00021259,0.100246,0.280541
0.153846,0.692308,0.461538,-0.170954,-0.502795,0.00139537,0.0894223,0.531065
0.230769,0.692308,0.461538,-0.344775,-0.709571,0.00294863,0.0932327,0.788904
0.307692,0.692308,0.461538,-0.56424,-0.914334,0.00458314,0.111638,1.07443
0.384615,0.692308,0.461538,-0.824938,-1.12173,0.00622458,0.146549,1.39242
0.461538,0.692308,0.461538,-1.11537,-1.31812,0.00794559,0.201271,1.72672
0.538462,0.692308,0.461538,-1.40814,-1.46306,0.00992755,0.278608,2.03063
0.615385,0.692308,0.461538,-1.64711,-1.47438,0.0123901,0.37972,2.21064
0.692308,0.692308,0.461538,-1.74228,-1.20191,0.0154094,0.496205,2.11668
0.769231,0.692308,0.461538,-1.57038,-0.386112,0.0184733,0.617231,1.61725
0.846154,0.692308,0.461538,-1.06378,1.36494,0.0197131,0.696464,1.73063
0.923077,0.692308,0.461538,-0.371273,4.46869,0.0153087,0.643151,4.48412
1,0.692308,0.461538,-1.28576e-34,9,1.27373e-35,0.421142,9
0,0.769231,0.461538,-2.15491e-35,-7.64569e-35,1.39542e-37,0.146469,7.94357e-35
0.0769231,0.769231,0.461538,-0.0529173,-0.178597,0.000829517,0.115747,0.186273
0.153846,0.769231,0.461538,-0.186643,-0.338454,0.00247141,0.104536,0.386514
0.230769,0.769231,0.461538,-0.382505,-0.487518,0.00448935,0.109528,0.61968
0.307692,0.769231,0.461538,-0.636671,-0.637119,0.00659853,0.132345,0.90073
0.384615,0.769231,0.461538,-0.947937,-0.794017,0.00869215,0.176923,1.23658
0.461538,0.769231,0.461538,-1.30999,-0.955027,0.0108171,0.249354,1.6212
0.538462,0.769231,0.461538,-1.70312,-1.10164,0.0131461,0.355513,2.0284
0.615385,0.769231,0.461538,-2.07558,-1.18814,0.0159235,0.505154,2.39164
0.692308,0.769231,0.461538,-2.32951,-1.11451,0.0192722,0.698466,2.58246
0.769231,0.769231,0.461538,-2.27779,-0.664384,0.0226716,0.930207,2.37282
0.846154,0.769231,0.461538,-1.7366,0.629402,0.0239909,1.08465,1.84729
0.923077,0.769231,0.461538,-0.667606,3.62799,0.0186174,1.09997,3.68896
1,0.769231,0.461538,-2.61789e-34,9,1.65406e-35,0.77371,9
0,0.846154,0.461538,-1.37313e-35,-3.13884e-35,2.79692e-37,0.138219,3.42616e-35
0.0769231,0.846154,0.461538,-0.042236,-0.084771,0.00148544,0.113692,0.0947218
0.153846,0.846154,0.461538,-0.155793,-0.174146,0.0033583,0.103617,0.233687
0.230769,0.846154,0.461538,-0.330673,-0.258074,0.00554806,0.107348,0.419497
0.307692,0.846154,0.461538,-0.565926,-0.342535,0.00781864,0.129992,0.661562
0.384615,0.846154,0.461538,-0.863557,-0.433991,0.0100301,0.177976,0.966529
0.461538,0.846154,0.461538,-1.22564,-0.535186,0.0121735,0.260006,1.33745
0.538462,0.846154,0.461538,-1.64884,-0.643459,0.0143596,0.387647,1.77001
0.615385,0.846154,0.461538,-2.10812,-0.747558,0.0167972,0.582445,2.2368
0.692308,0.846154,0.461538,-2.55023,-0.818787,0.0196549,0.848732,2.67852
0.769231,0.846154,0.461538,-2.80015,-0.753546,0.0225837,1.22624,2.89986
0.846154,0.846154,0.461538,-2.56487,-0.15295,0.0237042,1.65381,2.56954
0.923077,0.846154,0.461538,-1.15321,2.37778,0.0184881,2.16503,2.64274
1,0.846154,0.461538,-4.30865e-34,9,1.75727e-35,1.46708,9
0,0.923077,0.461538,-2.82775e-37,-4.83741e-36,2.44535e-37,0.111786,4.85183e-36
0.0769231,0.923077,0.461538,-0.0182559,-0.0200275,0.00152331,0.100583,0.0271422
0.153846,0.923077,0.461538,-0.0819638,-0.0488932,0.0030291,0.0880783,0.0954871
0.230769,0.923077,0.461538,-0.190559,-0.0750627,0.00475257,0.0847039,0.204865
0.307692,0.923077,0.461538,-0.342433,-0.101045,0.00651824,0.100253,0.35709
0.384615,0.923077,0.461538,-0.539892,-0.129832,0.00819006,0.142461,0.555344
0.461538,0.923077,0.461538,-0.789421,-0.163625,0.00971483,0.221648,0.806259
0.538462,0.923077,0.461538,-1.09889,-0.203799,0.0111211,0.354411,1.11768
0.615385,0.923077,0.461538,-1.47527,-0.253056,0.0125296,0.56685,1.49686
0.692308,0.923077,0.461538,-1.93178,-0.313422,0.0141109,0.894664,1.95709
0.769231,0.923077,0.461538,-2.39861,-0.367681,0.0158084,1.49394,2.42668
0.846154,0.923077,0.461538,-2.86986,-0.435644,0.0165793,2.32997,2.90278
0.923077,0.923077,0.461538,-2.19781,0.256294,0.0132832,3.64664,2.21274
1,0.923077,0.461538,-2.81558e-33,9,1.42747e-35,2.69012,9
0,1,0.461538,3.51142e-37,6.98385e-38,-3.34929e-37,0.0997771,4.90261e-37
0.0769231,1,0.461538,-4.29336e-36,-2.54957e-37,1.00982e-36,0.0881565,4.41788e-36
0.153846,1,0.461538,-3.01945e-35,-1.35343e-35,2.40235e-36,0.0587439,3.31762e-35
0.230769,1,0.461538,-8.04789e-35,-2.48764e-35,3.92076e-36,0.0396856,8.43271e-35
0.307692,1,0.461538,-1.55431e-34,-3.51252e-35,5.53621e-36,0.0398954,1.59446e-34
0.384615,1,0.461538,-2.55665e-34,-4.66107e-35,7.10002e-36,0.0651994,2.59976e-34
0.461538,1,0.461538,-3.84676e-34,-6.08859e-35,8.53559e-36,0.125382,3.89558e-34
0.538462,1,0.461538,-5.48324e-34,-7.88952e-35,9.83672e-36,0.236548,5.54058e-34
0.615385,1,0.461538,-7.55328e-34,-1.07538e-34,1.10799e-35,0.422276,7.63025e-34
0.692308,1,0.461538,-1.01543e-33,-1.53723e-34,1.24144e-35,0.742847,1.02708e-33
0.769231,1,0.461538,-1.34115e-33,-1.80295e-34,1.39034e-35,1.30354,1.35328e-33
0.846154,1,0.461538,-1.80247e-33,-7.96237e-34,1.497e-35,2.12809,1.97056e-33
0.923077,1,0.461538,-1.75958e-33,-3.26411e-33,1.32837e-35,5.9916,3.7082e-33
1,1,0.461538,2.99779e-33,9,6.70187e-37,14.3064,9
0,0,0.538462,1.28432e-36,-1.86778e-36,5.99253e-38,-0.0991931,2.26752e-36
0.0769231,0,0.538462,1.85211e-35,-8.69387e-36,1.8367e-36,-0.0849705,2.05424e-35
0.153846,0,0.538462,5.89973e-35,-2.39783e-35,3.28968e-36,-0.0550924,6.37688e-35
0.230769,0,0.538462,1.24993e-34,-3.4529e-35,4.89001e-36,-0.0363382,1.29767e-34
0.307692,0,0.538462,2.15663e-34,-4.53278e-35,6.49878e-36,-0.0363121,2.20471e-34
0.384615,0,0.538462,3.33339e-34,-5.82756e-35,8.00664e-36,-0.061267,3.3849e-34
0.461538,0,0.538462,4.82809e-34,-7.47485e-35,9.37561e-36,-0.121038,4.88651e-34
0.538462,0,0.538462,6.72306e-34,-9.49708e-35,1.06456e-35,-0.232746,6.79064e-34
0.615385,0,0.538462,9.05583e-34,-1.3137e-34,1.19391e-35,-0.412908,9.1514e-34
0.692308,0,0.538462,1.19255e-33,-1.71096e-34,1.33747e-35,-0.749981,1.20484e-33
0.769231,0,0.538462,1.63125e-33,-1.67847e-34,1.47047e-35,-1.33655,1.63993e-33
0.846154,0,0.538462,1.42492e-33,-9.22237e-34,1.4494e-35,-1.73515,1.69739e-33
0.923077,0,0.538462,4.72101e-34,1.17137e-34,8.95914e-36,-8.13851,4.86499e-34
1,0,0.538462,-4.32994e-33,9,-2.94706e-36,-15.4948,9
0,0.0769231,0.538462,7.60051e-36,-1.93379e-35,1.172e-36,-0.11351,2.0811e-35
0.0769231,0.0769231,0.538462,0.0186394,-0.020502,0.0014838,-0.0996949,0.0277482
0.153846,0.0769231,0.538462,0.0816607,-0.0494504,0.00298685,-0.0849173,0.095513
0.230769,0.0769231,0.538462,0.190539,-0.0755107,0.00471104,-0.0818667,0.20501
0.307692,0.0769231,0.538462,0.342322,-0.101497,0.00649133,-0.0973378,0.357111
0.384615,0.0769231,0.538462,0.539725,-0.13042,0.00818695,-0.13943,0.55532
0.461538,0.0769231,0.538462,0.788923,-0.164454,0.0097403,-0.218815,0.80594
0.538462,0.0769231,0.538462,1.09806,-0.205201,0.0111721,-0.35108,1.11713
0.615385,0.0769231,0.538462,1.47479,-0.254365,0.0125908,-0.564497,1.49661
0.692308,0.0769231,0.538462,1.91392,-0.315537,0.0141601,-0.909378,1.93981
0.769231,0.0769231,0.538462,2.43024,-0.377078,0.0158357,-1.41865,2.45937
0.846154,0.0769231,0.538462,2.84743,-0.36642,0.0166366,-2.56943,2.87096
0.923077,0.0769231,0.538462,2.17068,0.31816,0.01346,-4.23574,2.19391
1,0.0769231,0.538462,1.95006e-33,9,2.3128e-36,-3.57101,9
0,0.153846,0.538462,2.01458e-35,-5.72916e-35,9.30028e-37,-0.139238,6.07375e-35
0.0769231,0.153846,0.538462,0.0426243,-0.0845934,0.00145958,-0.114257,0.0947365
0.153846,0.153846,0.538462,0.155573,-0.17413,0.00332117,-0.102346,0.233527
0.230769,0.153846,0.538462,0.330587,-0.25811,0.00551291,-0.105898,0.41945
0.307692,0.153846,0.538462,0.565748,-0.342549,0.00780192,-0.128701,0.661416
0.384615,0.153846,0.538462,0.863283,-0.433894,0.0100443,-0.177247,0.966241
0.461538,0.153846,0.538462,1.22528,-0.53478,0.0122227,-0.260289,1.33696
0.538462,0.153846,0.538462,1.64783,-0.642303,0.0144355,-0.390726,1.76864
0.615385,0.153846,0.538462,2.10921,-0.744835,0.0168755,-0.587173,2.23692
0.692308,0.153846,0.538462,2.55081,-0.808766,0.019705,-0.870978,2.67603
0.769231,0.153846,0.538462,2.82221,-0.731391,0.0226049,-1.28766,2.91553
0.846154,0.153846,0.538462,2.53687,-0.17269,0.0237705,-1.80861,2.54285
0.923077,0.153846,0.538462,1.23628,2.26385,0.0186577,-2.00169,2.57949
1,0.153846,0.538462,9.89473e-34,9,3.96334e-36,-1.24339,9
0,0.230769,0.538462,2.25653e-35,-1.08009e-34,3.67068e-37,-0.145821,1.10342e-34
0.0769231,0.230769,0.538462,0.0530517,-0.1786,0.000821983,-0.115078,0.186315
0.153846,0.230769,0.538462,0.186574,-0.3385,0.00244694,-0.103635,0.38652
0.230769,0.230769,0.538462,0.382444,-0.48747,0.00446871,-0.108825,0.619605
0.307692,0.230769,0.538462,0.636607,-0.636949,0.00659863,-0.132157,0.900564
0.384615,0.230769,0.538462,0.947866,-0.793659,0.00872406,-0.177717,1.23629
0.461538,0.230769,0.538462,1.31024,-0.95438,0.0108823,-0.251458,1.62101
0.538462,0.230769,0.538462,1.70343,-1.1004,0.0132298,-0.361045,2.02799
0.615385,0.230769,0.538462,2.07811,-1.18664,0.0159927,-0.514236,2.39309
0.692308,0.230769,0.538462,2.33312,-1.11549,0.0192915,-0.716179,2.58615
0.769231,0.230769,0.538462,2.28867,-0.673463,0.0226382,-0.950701,2.38581
0.846154,0.230769,0.538462,1.71848,0.627304,0.0239849,-1.13708,1.82955
0.923077,0.230769,0.538462,0.684975,3.65891,0.018725,-1.0965,3.72253
1,0.230769,0.538462,3.90071e-34,9,4.25168e-36,-0.758193,9
0,0.307692,0.538462,1.86942e-35,-1.57366e-34,-4.86191e-38,-0.126976,1.58472e-34
0.0769231,0.307692,0.538462,0.0491702,-0.276098,0.000215313,-0.0986559,0.280442
0.153846,0.307692,0.538462,0.171031,-0.502744,0.00138177,-0.0886018,0.531042
0.230769,0.307692,0.538462,0.344828,-0.70944,0.0029391,-0.0929954,0.788809
0.307692,0.307692,0.538462,0.564375,-0.914076,0.00459259,-0.112227,1.07428
0.384615,0.307692,0.538462,0.825166,-1.12131,0.00626098,-0.148362,1.39222
0.461538,0.307692,0.538462,1.11593,-1.31761,0.00800778,-0.204631,1.72669
0.538462,0.307692,0.538462,1.40908,-1.46267,0.00999699,-0.284339,2.03101
0.615385,0.307692,0.538462,1.64915,-1.47442,0.0124351,-0.38871,2.21218
0.692308,0.307692,0.538462,1.74298,-1.20314,0.0153976,-0.51166,2.11796
0.769231,0.307692,0.538462,1.57018,-0.390568,0.0183976,-0.629745,1.61813
0.846154,0.307692,0.538462,1.06157,1.3594,0.0196454,-0.692163,1.7249
0.923077,0.307692,0.538462,0.377459,4.47096,0.015339,-0.628374,4.48689
1,0.307692,0.538462,2.19221e-34,9,3.70503e-36,-0.400759,9
0,0.384615,0.538462,1.07513e-35,-1.9379e-34,-1.60162e-37,-0.085578,1.94088e-34
0.0769231,0.384615,0.538462,0.0340685,-0.35445,-7.83564e-05,-0.0660403,0.356083
0.153846,0.384615,0.538462,0.118184,-0.6326,0.000599823,-0.0592961,0.643546
0.230769,0.384615,0.538462,0.236319,-0.881314,0.00156686,-0.0622027,0.912449
0.307692,0.384615,0.538462,0.382883,-1.12383,0.00259976,-0.0747714,1.18726
0.384615,0.384615,0.538462,0.552969,-1.36209,0.00364726,-0.0978028,1.47006
0.461538,0.384615,0.538462,0.736163,-1.57239,0.00476481,-0.132691,1.7362
0.538462,0.384615,0.538462,0.909984,-1.69575,0.00607631,-0.180305,1.92449
0.615385,0.384615,0.538462,1.03395,-1.62342,0.00772444,-0.239252,1.92474
0.692308,0.384615,0.538462,1.04926,-1.18045,0.00974652,-0.303042,1.5794
0.769231,0.384615,0.538462,0.897319,-0.118655,0.0117934,-0.356156,0.905207
0.846154,0.384615,0.538462,0.57179,1.84868,0.0126663,-0.37319,1.93513
0.923077,0.384615,0.538462,0.191671,4.92069,0.00989717,-0.325085,4.92443
1,0.384615,0.538462,1.09539e-34,9,2.62049e-36,-0.210084,9
0,0.461538,0.538462,7.57809e-37,-2.09858e-34,-3.81759e-38,-0.0291315,2.0986e-34
0.0769231,0.461538,0.538462,0.0120513,-0.397671,-7.01293e-05,-0.0223924,0.397854
0.153846,0.461538,0.538462,0.0420798,-0.703706,0.000151662,-0.0205228,0.704963
0.230769,0.461538,0.538462,0.0837877,-0.974347,0.000479635,-0.0218501,0.977944
0.307692,0.461538,0.538462,0.13509,-1.23572,0.000829166,-0.0265524,1.24308
0.384615,0.461538,0.538462,0.19386,-1.48795,0.00118258,-0.0348097,1.50052
0.461538,0.461538,0.538462,0.255929,-1.70124,0.00156419,-0.0469693,1.72039
0.538462,0.461538,0.538462,0.312763,-1.80627,0.00202186,-0.0629954,1.83315
0.615385,0.461538,0.538462,0.34978,-1.68165,0.00260669,-0.0821261,1.71764
0.692308,0.461538,0.538462,0.347629,-1.14527,0.0033343,-0.101629,1.19687
0.769231,0.461538,0.538462,0.290018,0.035236,0.00407649,-0.115685,0.292179
0.846154,0.461538,0.538462,0.180218,2.08765,0.00440107,-0.116842,2.09542
0.923077,0.461538,0.538462,0.0595737,5.1224,0.00344047,-0.0985016,5.12275
1,0.461538,0.538462,4.62232e-35,9,1.23962e-36,-0.0626797,9
0,0.538462,0.538462,-9.3197e-36,-2.0254e-34,1.27277e-37,0.0324051,2.02755e-34
0.0769231,0.538462,0.538462,-0.0122656,-0.397704,5.88378e-05,0.0250209,0.397893
0.153846,0.538462,0.538462,-0.0418671,-0.703731,-0.000157605,0.021533,0.704976
0.230769,0.538462,0.538462,-0.0835496,-0.974392,-0.000481458,0.0218068,0.977968
0.307692,0.538462,0.538462,-0.134723,-1.23579,-0.000832358,0.0253272,1.24311
0.384615,0.538462,0.538462,-0.193401,-1.48803,-0.00119272,0.032311,1.50054
0.461538,0.538462,0.538462,-0.255427,-1.70128,-0.00157993,0.0431061,1.72034
0.538462,0.538462,0.538462,-0.312456,-1.80621,-0.00203657,0.0577979,1.83304
0.615385,0.538462,0.538462,-0.350168,-1.68141,-0.00260665,0.0758486,1.71749
0.692308,0.538462,0.538462,-0.348801,-1.14457,-0.0032856,0.0961698,1.19654
0.769231,0.538462,0.538462,-0.291466,0.0360669,-0.00396101,0.113644,0.293716
0.846154,0.538462,0.538462,-0.180483,2.08744,-0.00424383,0.119941,2.09523
0.923077,0.538462,0.538462,-0.057301,5.12161,-0.00331636,0.108368,5.12194
1,0.538462,0.538462,-2.37219e-36,9,-2.53877e-37,0.0751711,9
0,0.615385,0.538462,-1.75931e-35,-1.73213e-34,1.26363e-37,0.0883712,1.74104e-34
0.0769231,0.615385,0.538462,-0.0342337,-0.354532,7.21391e-05,0.0682877,0.356181
0.153846,0.615385,0.538462,-0.118019,-0.632654,-0.000602407,0.0602058,0.643568
0.230769,0.615385,0.538462,-0.236155,-0.881422,-0.0015655,0.0622147,0.912511
0.307692,0.615385,0.538462,-0.3826,-1.12402,-0.00259729,0.073716,1.18735
0.384615,0.615385,0.538462,-0.552566,-1.36234,-0.00364892,0.0954847,1.47014
0.461538,0.615385,0.538462,-0.735583,-1.57262,-0.00477235,0.128829,1.73615
0.538462,0.615385,0.538462,-0.9094,-1.69565,-0.00608749,0.174581,1.92413
0.615385,0.615385,0.538462,-1.03339,-1.62238,-0.0077247,0.232404,1.92356
0.692308,0.615385,0.538462,-1.04956,-1.17851,-0.00969323,0.295848,1.57815
0.769231,0.615385,0.538462,-0.899388,-0.118245,-0.0116872,0.348588,0.907203
0.846154,0.615385,0.538462,-0.572629,1.8461,-0.0125419,0.372484,1.93291
0.923077,0.615385,0.538462,-0.187639,4.91963,-0.00979868,0.338301,4.92321
1,0.615385,0.538462,-5.06385e-35,9,-1.73064e-36,0.227579,9
0,0.692308,0.538462,-2.21361e-35,-1.27624e-34,-1.72698e-37,0.128796,1.2953e-34
0.0769231,0.692308,0.538462,-0.0492327,-0.276185,-0.000214783,0.100181,0.280539
0.153846,0.692308,0.538462,-0.170961,-0.502793,-0.00138187,0.0893562,0.531065
0.230769,0.692308,0.538462,-0.344788,-0.70957,-0.00293581,0.0931636,0.788909
0.307692,0.692308,0.538462,-0.564259,-0.914333,-0.00458525,0.111563,1.07444
0.384615,0.692308,0.538462,-0.824962,-1.12173,-0.00625293,0.14646,1.39243
0.461538,0.692308,0.538462,-1.11539,-1.31813,-0.00800036,0.201183,1.72674
0.538462,0.692308,0.538462,-1.40815,-1.46306,-0.00999011,0.278499,2.03065
0.615385,0.692308,0.538462,-1.64709,-1.4744,-0.0124325,0.379568,2.21064
0.692308,0.692308,0.538462,-1.74222,-1.20195,-0.0153695,0.496014,2.11666
0.769231,0.692308,0.538462,-1.57032,-0.386175,-0.018348,0.616932,1.61721
0.846154,0.692308,0.538462,-1.06377,1.36486,-0.0195991,0.696048,1.73056
0.923077,0.692308,0.538462,-0.371245,4.46862,-0.0152908,0.642772,4.48405
1,0.692308,0.538462,-1.29581e-34,9,-3.05315e-36,0.420778,9
0,0.769231,0.538462,-2.12809e-35,-7.58443e-35,-7.1871e-37,0.146359,7.87766e-35
0.0769231,0.769231,0.538462,-0.0529232,-0.178594,-0.000818794,0.115646,0.186272
0.153846,0.769231,0.538462,-0.186653,-0.338453,-0.00245178,0.104436,0.386518
0.230769,0.769231,0.538462,-0.382519,-0.487516,-0.00447208,0.109419,0.619688
0.307692,0.769231,0.538462,-0.636692,-0.637117,-0.00659671,0.132226,0.900743
0.384615,0.769231,0.538462,-0.947963,-0.794015,-0.00871734,0.176792,1.2366
0.461538,0.769231,0.538462,-1.31002,-0.955027,-0.0108714,0.24922,1.62122
0.538462,0.769231,0.538462,-1.70314,-1.10165,-0.0132172,0.355369,2.02842
0.615385,0.769231,0.538462,-2.07558,-1.18816,-0.015996,0.504973,2.39165
0.692308,0.769231,0.538462,-2.32948,-1.11457,-0.0193096,0.698237,2.58246
0.769231,0.769231,0.538462,-2.27775,-0.664477,-0.0226701,0.929899,2.37281
0.846154,0.769231,0.538462,-1.7366,0.629292,-0.024029,1.08427,1.84726
0.923077,0.769231,0.538462,-0.667577,3.62791,-0.0187391,1.09969,3.68887
1,0.769231,0.538462,-2.62556e-34,9,-4.01639e-36,0.773474,9
0,0.846154,0.538462,-1.3479e-35,-3.11488e-35,-1.16679e-36,0.1381,3.39601e-35
0.0769231,0.846154,0.538462,-0.0422443,-0.0847698,-0.00146459,0.113587,0.094724
0.153846,0.846154,0.538462,-0.155801,-0.174146,-0.00333933,0.103492,0.233692
0.230769,0.846154,0.538462,-0.330686,-0.258073,-0.00553327,0.107198,0.419506
0.307692,0.846154,0.538462,-0.565946,-0.342537,-0.00782029,0.129825,0.66158
0.384615,0.846154,0.538462,-0.86358,-0.433997,-0.0100585,0.177798,0.966553
0.461538,0.846154,0.538462,-1.22567,-0.535198,-0.0122321,0.259825,1.33748
0.538462,0.846154,0.538462,-1.64886,-0.643482,-0.0144449,0.387463,1.77003
0.615385,0.846154,0.538462,-2.10812,-0.747599,-0.0168968,0.582256,2.23682
0.692308,0.846154,0.538462,-2.55021,-0.818852,-0.0197463,0.848533,2.67853
0.769231,0.846154,0.538462,-2.80013,-0.753635,-0.0226711,1.22603,2.89986
0.846154,0.846154,0.538462,-2.5649,-0.153039,-0.0238697,1.65358,2.56957
0.923077,0.846154,0.538462,-1.15318,2.37774,-0.0187476,2.16492,2.64269
1,0.846154,0.538462,-4.31195e-34,9,-4.34017e-36,1.46701,9
0,0.923077,0.538462,-1.86282e-37,-4.81851e-36,-8.51562e-37,0.111775,4.89672e-36
0.0769231,0.923077,0.538462,-0.0182613,-0.0200269,-0.00150147,0.100504,0.0271442
0.153846,0.923077,0.538462,-0.0819695,-0.048889,-0.00301531,0.0879317,0.0954894
0.230769,0.923077,0.538462,-0.190571,-0.0750607,-0.00475022,0.0845125,0.204876
0.307692,0.923077,0.538462,-0.34245,-0.101047,-0.00653684,0.100047,0.357107
0.384615,0.923077,0.538462,-0.53991,-0.129836,-0.0082335,0.142255,0.555363
0.461538,0.923077,0.538462,-0.789437,-0.163629,-0.00978295,0.22146,0.806276
0.538462,0.923077,0.538462,-1.0989,-0.203803,-0.0112086,0.354259,1.11769
0.615385,0.923077,0.538462,-1.47526,-0.253061,-0.01262,0.566747,1.49686
0.692308,0.923077,0.538462,-1.93175,-0.313431,-0.0141828,0.894606,1.95707
0.769231,0.923077,0.538462,-2.39859,-0.367702,-0.0158636,1.4939,2.42666
0.846154,0.923077,0.538462,-2.86989,-0.435683,-0.0167141,2.32987,2.90282
0.923077,0.923077,0.538462,-2.19781,0.256267,-0.0136276,3.64659,2.21274
1,0.923077,0.538462,-2.81561e-33,9,-3.69958e-36,2.69015,9
0,1,0.538462,2.98309e-37,-1.22762e-37,3.35549e-37,0.0996551,4.65459e-37
0.0769231,1,0.538462,-4.25615e-36,-4.02697e-37,-2.57755e-37,0.0881388,4.28293e-36
0.153846,1,0.538462,-3.0261e-35,-1.39713e-35,-5.90295e-37,0.0585529,3.33357e-35
0.230769,1,0.538462,-8.07679e-35,-2.54481e-35,-9.75059e-37,0.0394642,8.46877e-35
0.307692,1,0.538462,-1.56126e-34,-3.57771e-35,-1.3789e-36,0.0396643,1.60179e-34
0.384615,1,0.538462,-2.56879e-34,-4.7281e-35,-1.76377e-36,0.0649754,2.612e-34
0.461538,1,0.538462,-3.86452e-34,-6.15013e-35,-2.10483e-36,0.125191,3.91321e-34
0.538462,1,0.538462,-5.5061e-34,-7.93683e-35,-2.39328e-36,0.236416,5.56306e-34
0.615385,1,0.538462,-7.57927e-34,-1.0779e-34,-2.63959e-36,0.422224,7.65558e-34
0.692308,1,0.538462,-1.01797e-33,-1.53742e-34,-2.88341e-36,0.742863,1.02952e-33
0.769231,1,0.538462,-1.34315e-33,-1.80197e-34,-3.17927e-36,1.30356,1.35519e-33
0.846154,1,0.538462,-1.80361e-33,-7.96247e-34,-3.48009e-36,2.12805,1.97155e-33
0.923077,1,0.538462,-1.75997e-33,-3.26416e-33,-3.37969e-36,5.99155,3.7084e-33
1,1,0.538462,2.99897e-33,9,1.37217e-36,14.3065,9
0,0,0.615385,1.23874e-36,-1.88212e-36,-4.20677e-38,-0.100446,2.25358e-36
0.0769231,0,0.615385,1.84613e-35,-8.61792e-36,3.75025e-36,-0.0864268,2.0716e-35
0.153846,0,0.615385,5.81865e-35,-2.34541e-35,6.85745e-36,-0.057811,6.31093e-35
0.230769,0,0.615385,1.22612e-34,-3.35906e-35,1.02978e-35,-0.0405852,1.27546e-34
0.307692,0,0.615385,2.11097e-34,-4.40751e-35,1.3742e-35,-0.0419877,2.16087e-34
0.384615,0,0.615385,3.26224e-34,-5.6839e-35,1.69734e-35,-0.0681002,3.31573e-34
0.461538,0,0.615385,4.73103e-34,-7.33003e-35,1.99252e-35,-0.128641,4.79162e-34
0.538462,0,0.615385,6.60476e-34,-9.37752e-35,2.268e-35,-0.240588,6.67485e-34
0.615385,0,0.615385,8.92846e-34,-1.30845e-34,2.54717e-35,-0.42035,9.02742e-34
0.692308,0,0.615385,1.18103e-33,-1.71612e-34,2.86412e-35,-0.756664,1.19377e-33
0.769231,0,0.615385,1.62348e-33,-1.69064e-34,3.22039e-35,-1.34317,1.63258e-33
0.846154,0,0.615385,1.4217e-33,-9.23202e-34,3.32931e-35,-1.74365,1.69548e-33
0.923077,0,0.615385,4.71478e-34,1.17038e-34,2.02994e-35,-8.1504,4.86211e-34
1,0,0.615385,-4.32409e-33,9,-1.06814e-35,-15.4994,9
0,0.0769231,0.615385,7.82909e-36,-1.87857e-35,2.29203e-36,-0.114507,2.04805e-35
0.0769231,0.0769231,0.615385,0.0186923,-0.0201278,0.00412314,-0.100821,0.0277764
0.153846,0.0769231,0.615385,0.0809687,-0.0482368,0.00847192,-0.08685,0.0946281
0.230769,0.0769231,0.615385,0.187963,-0.073536,0.013491,-0.0848669,0.202286
0.307692,0.0769231,0.615385,0.336964,-0.0989392,0.0186425,-0.101394,0.351683
0.384615,0.0769231,0.615385,0.531027,-0.127502,0.0235425,-0.144402,0.546626
0.461538,0.0769231,0.615385,0.776731,-0.161488,0.0280465,-0.224488,0.793837
0.538462,0.0769231,0.615385,1.08284,-0.202643,0.0322231,-0.357184,1.10211
0.615385,0.0769231,0.615385,1.45796,-0.252811,0.0363973,-0.570784,1.48016
0.692308,0.0769231,0.615385,1.89804,-0.315566,0.0410877,-0.915842,1.92454
0.769231,0.0769231,0.615385,2.41853,-0.378846,0.0463356,-1.42575,2.44846
0.846154,0.0769231,0.615385,2.84201,-0.369141,0.049554,-2.57799,2.86631
0.923077,0.0769231,0.615385,2.16982,0.316283,0.041124,-4.24684,2.19314
1,0.0769231,0.615385,1.95071e-33,9,1.42496e-35,-3.58367,9
0,0.153846,0.615385,1.9986e-35,-5.53729e-35,1.60486e-36,-0.139217,5.88912e-35
0.0769231,0.153846,0.615385,0.042082,-0.0825857,0.00384728,-0.114647,0.0927691
0.153846,0.153846,0.615385,0.153008,-0.169385,0.00915924,-0.103417,0.228443
0.230769,0.153846,0.615385,0.324458,-0.250841,0.0154318,-0.107751,0.410405
0.307692,0.153846,0.615385,0.554842,-0.333259,0.0219276,-0.131303,0.647605
0.384615,0.153846,0.615385,0.846882,-0.423287,0.0282606,-0.180514,0.947196
0.461538,0.153846,0.615385,1.20334,-0.523905,0.0344205,-0.264119,1.31289
0.538462,0.153846,0.615385,1.62132,-0.63271,0.0407274,-0.395033,1.74088
0.615385,0.153846,0.615385,2.08059,-0.738547,0.0477998,-0.591964,2.2083
0.692308,0.153846,0.615385,2.52415,-0.807777,0.0562567,-0.876473,2.65084
0.769231,0.153846,0.615385,2.80226,-0.736412,0.065445,-1.29448,2.89815
0.846154,0.153846,0.615385,2.52663,-0.181469,0.070331,-1.81758,2.53411
0.923077,0.153846,0.615385,1.23383,2.25686,0.0567487,-2.01344,2.57274
1,0.153846,0.615385,9.9002e-34,9,2.46653e-35,-1.25703,9
0,0.230769,0.615385,2.20932e-35,-1.04092e-34,3.58866e-37,-0.144871,1.06411e-34
0.0769231,0.230769,0.615385,0.0520628,-0.173873,0.00191595,-0.114783,0.18151
0.153846,0.230769,0.615385,0.182708,-0.328708,0.00650997,-0.103997,0.376129
0.230769,0.230769,0.615385,0.374107,-0.473074,0.012237,-0.109797,0.603246
0.307692,0.230769,0.615385,0.622632,-0.618794,0.0181975,-0.133661,0.878014
0.384615,0.230769,0.615385,0.927635,-0.773014,0.0240979,-0.179686,1.20774
0.461538,0.230769,0.615385,1.2839,-0.933208,0.0300891,-0.253847,1.58751
0.538462,0.230769,0.615385,1.67232,-1.08161,0.0366684,-0.363867,1.99196
0.615385,0.230769,0.615385,2.04515,-1.174,0.0445747,-0.517617,2.35858
0.692308,0.230769,0.615385,2.30284,-1.11267,0.0543362,-0.720453,2.55813
0.769231,0.230769,0.615385,2.2661,-0.681841,0.0648322,-0.956512,2.36735
0.846154,0.230769,0.615385,1.70665,0.611507,0.0702783,-1.14522,1.81425
0.923077,0.230769,0.615385,0.681949,3.64544,0.056344,-1.1076,3.7091
1,0.230769,0.615385,3.89754e-34,9,2.6569e-35,-0.771478,9
0,0.307692,0.615385,1.81325e-35,-1.5141e-34,-4.58477e-37,-0.125644,1.52492e-34
0.0769231,0.307692,0.615385,0.0481038,-0.268361,0.00021322,-0.098019,0.272638
0.153846,0.307692,0.615385,0.16706,-0.487694,0.00349183,-0.0885504,0.515526
0.230769,0.307692,0.615385,0.336574,-0.687887,0.00787972,-0.0934086,0.765854
0.307692,0.307692,0.615385,0.550914,-0.887199,0.0124682,-0.113007,1.04441
0.384615,0.307692,0.615385,0.806079,-1.09091,0.0170495,-0.149451,1.35652
0.461538,0.307692,0.615385,1.09151,-1.28654,0.0218435,-0.206013,1.68732
0.538462,0.307692,0.615385,1.38068,-1.43514,0.0273623,-0.286056,1.99165
0.615385,0.307692,0.615385,1.61951,-1.45579,0.0342738,-0.390913,2.17791
0.692308,0.307692,0.615385,1.7161,-1.19855,0.0429488,-0.514682,2.09365
0.769231,0.307692,0.615385,1.55033,-0.401852,0.0522284,-0.634134,1.60241
0.846154,0.307692,0.615385,1.05116,1.33751,0.0570544,-0.698572,1.70209
0.923077,0.307692,0.615385,0.374763,4.45189,0.0456989,-0.637292,4.46787
1,0.307692,0.615385,2.18429e-34,9,2.29614e-35,-0.411636,9
0,0.384615,0.615385,1.03112e-35,-1.86297e-34,-5.57024e-37,-0.0844659,1.86583e-34
0.0769231,0.384615,0.615385,0.033275,-0.344228,-0.000495408,-0.0654541,0.345832
0.153846,0.384615,0.615385,0.115271,-0.61332,0.00140434,-0.0591243,0.62406
0.230769,0.384615,0.615385,0.230352,-0.854122,0.00412214,-0.0623323,0.884649
0.307692,0.384615,0.615385,0.37328,-1.09019,0.00697593,-0.0751242,1.15234
0.384615,0.384615,0.615385,0.539509,-1.32422,0.00983665,-0.098336,1.42994
0.461538,0.384615,0.615385,0.719125,-1.53385,0.0128865,-0.133394,1.69411
0.538462,0.384615,0.615385,0.890377,-1.66172,0.0165023,-0.181221,1.8853
0.615385,0.384615,0.615385,1.01369,-1.60046,0.0211376,-0.240513,1.8946
0.692308,0.384615,0.615385,1.03108,-1.17469,0.0270004,-0.304882,1.56325
0.769231,0.384615,0.615385,0.884012,-0.132092,0.0332476,-0.358926,0.894444
0.846154,0.384615,0.615385,0.564836,1.82253,0.0364939,-0.377334,1.9084
0.923077,0.384615,0.615385,0.189864,4.89786,0.029203,-0.330912,4.90163
1,0.384615,0.615385,1.08477e-34,9,1.60389e-35,-0.217256,9
0,0.461538,0.615385,5.87753e-37,-2.01682e-34,-1.26764e-37,-0.0286795,2.01683e-34
0.0769231,0.461538,0.615385,0.0117653,-0.386063,-0.000291554,-0.0221496,0.386242
0.153846,0.461538,0.615385,0.0410204,-0.682091,0.000325724,-0.0204422,0.683323
0.230769,0.461538,0.615385,0.0816216,-0.94408,0.00124355,-0.0218811,0.947602
0.307692,0.461538,0.615385,0.131619,-1.19842,0.00220624,-0.0266636,1.20563
0.384615,0.461538,0.615385,0.189019,-1.44609,0.00317028,-0.0349805,1.45839
0.461538,0.461538,0.615385,0.249834,-1.65873,0.00420834,-0.0472011,1.67745
0.538462,0.461538,0.615385,0.305785,-1.76885,0.00545908,-0.0633225,1.7951
0.615385,0.461538,0.615385,0.342617,-1.65649,0.00708462,-0.0825945,1.69157
0.692308,0.461538,0.615385,0.341249,-1.13896,0.00916404,-0.102327,1.18902
0.769231,0.461538,0.615385,0.285388,0.0206516,0.0113898,-0.116744,0.286361
0.846154,0.461538,0.615385,0.177804,2.05935,0.0125459,-0.118455,2.06705
0.923077,0.461538,0.615385,0.0589477,5.09776,0.0100221,-0.100765,5.09811
1,0.461538,0.615385,4.50919e-35,9,7.4456e-36,-0.0654515,9
0,0.538462,0.615385,-9.15914e-36,-1.94676e-34,4.01236e-37,0.0320301,1.94891e-34
0.0769231,0.538462,0.615385,-0.011964,-0.386092,0.000268381,0.0248076,0.386278
0.153846,0.538462,0.615385,-0.0407957,-0.682114,-0.000344686,0.0214421,0.683333
0.230769,0.538462,0.615385,-0.0813845,-0.944122,-0.0012615,0.0218072,0.947624
0.307692,0.538462,0.615385,-0.131266,-1.19849,-0.00223423,0.0253915,1.20566
0.384615,0.538462,0.615385,-0.188583,-1.44616,-0.00321665,0.0324288,1.45841
0.461538,0.538462,0.615385,-0.249363,-1.65876,-0.00427435,0.0432623,1.67741
0.538462,0.538462,0.615385,-0.305511,-1.76879,-0.0055408,0.0579985,1.79499
0.615385,0.538462,0.615385,-0.343002,-1.65624,-0.00714643,0.0761671,1.6914
0.692308,0.538462,0.615385,-0.342379,-1.13825,-0.00914148,0.0966564,1.18866
0.769231,0.538462,0.615385,-0.286759,0.0214734,-0.0112544,0.114359,0.287782
0.846154,0.538462,0.615385,-0.178027,2.0591,-0.0123447,0.120937,2.06682
0.923077,0.538462,0.615385,-0.0566547,5.09695,-0.00989262,0.109807,5.09728
1,0.538462,0.615385,-3.47132e-36,9,-1.74518e-36,0.077013,9
0,0.615385,0.615385,-1.71348e-35,-1.66591e-34,5.57678e-37,0.0873034,1.67471e-34
0.0769231,0.615385,0.615385,-0.0334293,-0.344303,0.000478395,0.067709,0.345922
0.153846,0.615385,0.615385,-0.115098,-0.61337,-0.00142047,0.0600068,0.624077
0.230769,0.615385,0.615385,-0.230189,-0.854227,-0.00413787,0.0622972,0.884708
0.307692,0.615385,0.615385,-0.373011,-1.09037,-0.00699907,0.0739999,1.15243
0.384615,0.615385,0.615385,-0.539127,-1.32447,-0.00987589,0.0959385,1.43002
0.461538,0.615385,0.615385,-0.718579,-1.53405,-0.0129447,0.129438,1.69406
0.538462,0.615385,0.615385,-0.889826,-1.6616,-0.0165733,0.175394,1.88493
0.615385,0.615385,0.615385,-1.01313,-1.59942,-0.0211735,0.233574,1.89341
0.692308,0.615385,0.615385,-1.03137,-1.17277,-0.0269749,0.297393,1.562
0.769231,0.615385,0.615385,-0.886037,-0.13178,-0.0331608,0.350883,0.896397
0.846154,0.615385,0.615385,-0.565638,1.81983,-0.0363153,0.376011,1.90606
0.923077,0.615385,0.615385,-0.185803,4.89675,-0.0290504,0.343379,4.90035
1,0.615385,0.615385,-5.16079e-35,9,-1.07898e-35,0.233903,9
0,0.692308,0.615385,-2.15159e-35,-1.22911e-34,3.00366e-38,0.127455,1.2478e-34
0.0769231,0.692308,0.615385,-0.0481642,-0.268441,-0.000221668,0.0995132,0.272728
0.153846,0.692308,0.615385,-0.166986,-0.487743,-0.00350603,0.0892454,0.515548
0.230769,0.692308,0.615385,-0.336533,-0.688017,-0.00789476,0.0934908,0.765953
0.307692,0.692308,0.615385,-0.550807,-0.887452,-0.0124876,0.112229,1.04456
0.384615,0.692308,0.615385,-0.805892,-1.09132,-0.0170793,0.147422,1.35674
0.461538,0.692308,0.615385,-1.091,-1.28704,-0.0218824,0.202426,1.68737
0.538462,0.692308,0.615385,-1.37979,-1.43552,-0.0274168,0.280021,1.99131
0.615385,0.692308,0.615385,-1.61746,-1.45579,-0.0343101,0.381634,2.17639
0.692308,0.692308,0.615385,-1.71539,-1.19742,-0.0429628,0.49872,2.09242
0.769231,0.692308,0.615385,-1.55046,-0.397569,-0.0522503,0.620843,1.60147
0.846154,0.692308,0.615385,-1.05331,1.34284,-0.0569126,0.702015,1.70761
0.923077,0.692308,0.615385,-0.368516,4.44947,-0.0454894,0.651164,4.46494
1,0.692308,0.615385,-1.3033e-34,9,-1.88731e-35,0.430987,9
0,0.769231,0.615385,-2.07122e-35,-7.32331e-35,-1.11657e-36,0.145338,7.6114e-35
0.0769231,0.769231,0.615385,-0.0519435,-0.17387,-0.0019193,0.115276,0.181474
0.153846,0.769231,0.615385,-0.18279,-0.32867,-0.00652794,0.1047,0.376137
0.230769,0.769231,0.615385,-0.374183,-0.473129,-0.0122575,0.110253,0.603336
0.307692,0.769231,0.615385,-0.622725,-0.618967,-0.0182196,0.13356,0.878202
0.384615,0.769231,0.615385,-0.927744,-0.773368,-0.024123,0.17857,1.20805
0.461538,0.769231,0.615385,-1.2837,-0.933846,-0.0301174,0.251414,1.58773
0.538462,0.769231,0.615385,-1.67209,-1.08285,-0.0367175,0.357929,1.99243
0.615385,0.769231,0.615385,-2.04265,-1.17551,-0.0446291,0.508154,2.35717
0.692308,0.769231,0.615385,-2.29926,-1.11177,-0.0543317,0.702333,2.55452
0.769231,0.769231,0.615385,-2.25519,-0.672934,-0.064801,0.935518,2.35434
0.846154,0.769231,0.615385,-1.72475,0.613342,-0.0700904,1.09225,1.8319
0.923077,0.769231,0.615385,-0.664541,3.61428,-0.056116,1.11052,3.67529
1,0.769231,0.615385,-2.63018e-34,9,-2.47394e-35,0.786357,9
0,0.846154,0.615385,-1.31894e-35,-3.02114e-35,-2.17833e-36,0.137961,3.30368e-35
0.0769231,0.846154,0.615385,-0.0417165,-0.0827805,-0.00385998,0.113876,0.0927781
0.153846,0.846154,0.615385,-0.153245,-0.169422,-0.00919213,0.104412,0.228631
0.230769,0.846154,0.615385,-0.324563,-0.25083,-0.0154715,0.108838,0.410483
0.307692,0.846154,0.615385,-0.55505,-0.333275,-0.0219711,0.13217,0.647793
0.384615,0.846154,0.615385,-0.847193,-0.423419,-0.028306,0.180778,0.947534
0.461538,0.846154,0.615385,-1.20374,-0.524351,-0.0344683,0.263356,1.31344
0.538462,0.846154,0.615385,-1.62239,-0.63391,-0.0407786,0.391478,1.74232
0.615385,0.846154,0.615385,-2.07953,-0.741324,-0.0478353,0.586839,2.20823
0.692308,0.846154,0.615385,-2.5236,-0.817904,-0.0562162,0.853918,2.65343
0.769231,0.846154,0.615385,-2.7802,-0.758757,-0.0653561,1.2328,2.88262
0.846154,0.846154,0.615385,-2.55467,-0.161984,-0.0701535,1.66258,2.56076
0.923077,0.846154,0.615385,-1.1507,2.37065,-0.0565601,2.17685,2.63577
1,0.846154,0.615385,-4.31226e-34,9,-2.6575e-35,1.48072,9
0,0.923077,0.615385,-3.2849e-37,-4.7369e-36,-1.71587e-36,0.112779,5.0488e-36
0.0769231,0.923077,0.615385,-0.0183271,-0.0196669,-0.0041504,0.101527,0.027201
0.153846,0.923077,0.615385,-0.081296,-0.0476969,-0.0085223,0.0896596,0.0946397
0.230769,0.923077,0.615385,-0.188013,-0.0731156,-0.0135597,0.0872349,0.202185
0.307692,0.923077,0.615385,-0.337109,-0.0985228,-0.0187235,0.103776,0.35171
0.384615,0.923077,0.615385,-0.531228,-0.12695,-0.0236314,0.146871,0.546697
0.461538,0.923077,0.615385,-0.777262,-0.160685,-0.0281405,0.226779,0.794196
0.538462,0.923077,0.615385,-1.08369,-0.201245,-0.0323081,0.360078,1.10269
0.615385,0.923077,0.615385,-1.45842,-0.251479,-0.0364413,0.572903,1.48039
0.692308,0.923077,0.615385,-1.91588,-0.313419,-0.0410762,0.901096,1.94178
0.769231,0.923077,0.615385,-2.38687,-0.36946,-0.0463095,1.50114,2.41574
0.846154,0.923077,0.615385,-2.86448,-0.438472,-0.0495511,2.33868,2.89826
0.923077,0.923077,0.615385,-2.19692,0.254362,-0.0412461,3.65794,2.21198
1,0.923077,0.615385,-2.81586e-33,9,-2.20096e-35,2.70266,9
0,1,0.615385,2.34346e-37,-2.36907e-37,9.28297e-37,0.100823,9.86295e-37
0.0769231,1,0.615385,-4.33315e-36,-7.3479e-37,-1.46664e-36,0.0894998,4.63327e-36
0.153846,1,0.615385,-3.02758e-35,-1.42492e-35,-3.49191e-36,0.0610412,3.36431e-35
0.230769,1,0.615385,-8.02746e-35,-2.55592e-35,-5.75782e-36,0.0434226,8.44419e-35
0.307692,1,0.615385,-1.54746e-34,-3.57496e-35,-8.1542e-36,0.045004,1.59031e-34
0.384615,1,0.615385,-2.54349e-34,-4.71416e-35,-1.04651e-35,0.0714527,2.58893e-34
0.461538,1,0.615385,-3.82651e-34,-6.12734e-35,-1.25719e-35,0.132447,3.87729e-34
0.538462,1,0.615385,-5.45607e-34,-7.90862e-35,-1.44497e-35,0.243973,5.51499e-34
0.615385,1,0.615385,-7.52104e-34,-1.07557e-34,-1.6184e-35,0.429544,7.59928e-34
0.692308,1,0.615385,-1.01213e-33,-1.5377e-34,-1.79861e-35,0.749607,1.02391e-33
0.769231,1,0.615385,-1.33846e-33,-1.80759e-34,-2.0042e-35,1.31002,1.35076e-33
0.846154,1,0.615385,-1.80105e-33,-7.97522e-34,-2.17673e-35,2.1355,1.96984e-33
0.923077,1,0.615385,-1.75936e-33,-3.26508e-33,-2.01367e-35,6.00169,3.70897e-33
1,1,0.615385,3.00011e-33,9,2.24728e-36,14.3181,9
0,0,0.692308,1.24044e-36,-1.75403e-36,-1.37624e-37,-0.102654,2.15273e-36
0.0769231,0,0.692308,1.80512e-35,-8.32144e-36,4.82546e-36,-0.0892479,2.04543e-35
0.153846,0,0.692308,5.59812e-35,-2.20953e-35,9.17679e-36,-0.0634133,6.08795e-35
0.230769,0,0.692308,1.17034e-34,-3.13747e-35,1.40071e-35,-0.0493937,1.21973e-34
0.307692,0,0.692308,2.00944e-34,-4.12053e-35,1.88318e-35,-0.0537833,2.05988e-34
0.384615,0,0.692308,3.10656e-34,-5.35167e-35,2.34151e-35,-0.0824241,3.161e-34
0.461538,0,0.692308,4.51777e-34,-6.97772e-35,2.77175e-35,-0.144821,4.57973e-34
0.538462,0,0.692308,6.33808e-34,-9.06413e-35,3.1812e-35,-0.25749,6.41046e-34
0.615385,0,0.692308,8.62762e-34,-1.29033e-34,3.58481e-35,-0.436554,8.73094e-34
0.692308,0,0.692308,1.15199e-33,-1.71544e-34,4.07167e-35,-0.771478,1.1654e-33
0.769231,0,0.692308,1.60119e-33,-1.71863e-34,4.65012e-35,-1.35609,1.61106e-33
0.846154,0,0.692308,1.41017e-33,-9.32445e-34,4.8217e-35,-1.75207,1.69126e-33
0.923077,0,0.692308,4.7081e-34,1.10796e-34,3.47154e-35,-8.16463,4.84916e-34
1,0,0.692308,-4.33536e-33,9,-1.52659e-35,-15.5457,9
0,0.0769231,0.692308,8.04262e-36,-1.75998e-35,2.64471e-36,-0.116022,1.95303e-35
0.0769231,0.0769231,0.692308,0.0185687,-0.0192072,0.00568472,-0.102796,0.0273135
0.153846,0.0769231,0.692308,0.0788024,-0.04542,0.012336,-0.0905841,0.0917877
0.230769,0.0769231,0.692308,0.181273,-0.0690037,0.0200666,-0.0907515,0.194998
0.307692,0.0769231,0.692308,0.323832,-0.0930237,0.0279433,-0.109376,0.338085
0.384615,0.0769231,0.692308,0.510136,-0.120599,0.0354674,-0.154236,0.525395
0.461538,0.0769231,0.692308,0.747464,-0.154181,0.0424862,-0.235787,0.764381
0.538462,0.0769231,0.692308,1.04576,-0.195872,0.049101,-0.369449,1.06508
0.615385,0.0769231,0.692308,1.41561,-0.24799,0.0557327,-0.583587,1.43825
0.692308,0.0769231,0.692308,1.85589,-0.314359,0.0632043,-0.929064,1.88339
0.769231,0.0769231,0.692308,2.38478,-0.382251,0.0722609,-1.43999,2.4163
0.846154,0.0769231,0.692308,2.82393,-0.375521,0.0802011,-2.59576,2.84991
0.923077,0.0769231,0.692308,2.16588,0.31179,0.0709065,-4.27076,2.18935
1,0.0769231,0.692308,1.95594e-33,9,2.59295e-35,-3.60986,9
0,0.153846,0.692308,1.92976e-35,-5.14675e-35,1.39291e-36,-0.138503,5.4984e-35
0.0769231,0.153846,0.692308,0.040558,-0.0779837,0.00471706,-0.115041,0.0880265
0.153846,0.153846,0.692308,0.146483,-0.158701,0.0126009,-0.105302,0.216338
0.230769,0.153846,0.692308,0.309553,-0.234514,0.0219637,-0.111177,0.388977
0.307692,0.153846,0.692308,0.528893,-0.312205,0.0315303,-0.136155,0.614975
0.384615,0.153846,0.692308,0.808089,-0.398766,0.0408142,-0.186626,0.902047
0.461538,0.153846,0.692308,1.15113,-0.497897,0.049888,-0.271315,1.25519
0.538462,0.153846,0.692308,1.55717,-0.608423,0.0592693,-0.403186,1.67287
0.615385,0.153846,0.692308,2.00925,-0.720688,0.0699565,-0.601113,2.13573
0.692308,0.153846,0.692308,2.45459,-0.8019,0.0832638,-0.887125,2.5836
0.769231,0.153846,0.692308,2.74674,-0.746158,0.099234,-1.30798,2.84802
0.846154,0.153846,0.692308,2.4954,-0.203154,0.111331,-1.83613,2.50613
0.923077,0.153846,0.692308,1.22538,2.23793,0.0952615,-2.0398,2.55323
1,0.153846,0.692308,9.89653e-34,9,4.67294e-35,-1.28961,9
0,0.230769,0.692308,2.08809e-35,-9.63451e-35,-3.80055e-37,-0.142326,9.85827e-35
0.0769231,0.230769,0.692308,0.0495905,-0.163353,0.00158758,-0.113853,0.170721
0.153846,0.230769,0.692308,0.173397,-0.307086,0.00829673,-0.104492,0.352757
0.230769,0.230769,0.692308,0.354457,-0.441252,0.016692,-0.111476,0.566235
0.307692,0.230769,0.692308,0.590034,-0.578296,0.0252422,-0.136317,0.826561
0.384615,0.230769,0.692308,0.880455,-0.726133,0.033598,-0.183172,1.14175
0.461538,0.230769,0.692308,1.22198,-0.883702,0.0420703,-0.258089,1.50862
0.538462,0.230769,0.692308,1.59792,-1.03554,0.0514635,-0.368905,1.90482
0.615385,0.230769,0.692308,1.96418,-1.14009,0.0630423,-0.523727,2.27196
0.692308,0.230769,0.692308,2.22554,-1.10092,0.0781094,-0.728374,2.48418
0.769231,0.230769,0.692308,2.20544,-0.698525,0.0960801,-0.967673,2.31542
0.846154,0.230769,0.692308,1.67266,0.572801,0.10925,-1.16169,1.77139
0.923077,0.230769,0.692308,0.672588,3.60984,0.0931169,-1.13162,3.67314
1,0.230769,0.692308,3.88385e-34,9,4.95367e-35,-0.802197,9
0,0.307692,0.692308,1.68996e-35,-1.39835e-34,-1.34169e-36,-0.122503,1.40859e-34
0.0769231,0.307692,0.692308,0.045542,-0.251452,-0.000823303,-0.0965175,0.255544
0.153846,0.307692,0.692308,0.157737,-0.454899,0.00393563,-0.0882962,0.481487
0.230769,0.307692,0.692308,0.317469,-0.640781,0.0103185,-0.0940506,0.715187
0.307692,0.307692,0.692308,0.51994,-0.827924,0.0168019,-0.114308,0.977792
0.384615,0.307692,0.692308,0.76208,-1.02279,0.02315,-0.151279,1.27569
0.461538,0.307692,0.692308,1.03472,-1.2151,0.0297608,-0.208339,1.59624
0.538462,0.307692,0.692308,1.31358,-1.36924,0.0374565,-0.28897,1.89782
0.615385,0.307692,0.692308,1.54777,-1.40785,0.0473878,-0.394727,2.09282
0.692308,0.307692,0.692308,1.64889,-1.18232,0.0605602,-0.520093,2.02987
0.769231,0.307692,0.692308,1.49855,-0.425329,0.0761336,-0.642371,1.5596
0.846154,0.307692,0.692308,1.02252,1.28387,0.0872225,-0.711344,1.64362
0.923077,0.307692,0.692308,0.366889,4.40252,0.0739784,-0.656332,4.4184
1,0.307692,0.692308,2.16131e-34,9,4.20618e-35,-0.43634,9
0,0.384615,0.692308,9.45965e-36,-1.71877e-34,-1.1873e-36,-0.0819893,1.72141e-34
0.0769231,0.384615,0.692308,0.031402,-0.322118,-0.00150117,-0.064176,0.323649
0.153846,0.384615,0.692308,0.108523,-0.571635,0.0012568,-0.0587121,0.581847
0.230769,0.384615,0.692308,0.216687,-0.795104,0.00520197,-0.0624952,0.824118
0.307692,0.384615,0.692308,0.351379,-1.01652,0.00920455,-0.0756778,1.07557
0.384615,0.384615,0.692308,0.508731,-1.24006,0.0131215,-0.0991881,1.34042
0.461538,0.384615,0.692308,0.679824,-1.44616,0.0172691,-0.134526,1.59807
0.538462,0.384615,0.692308,0.844474,-1.58154,0.0222453,-0.182715,1.79302
0.615385,0.384615,0.692308,0.965242,-1.54296,0.0288295,-0.242633,1.82023
0.692308,0.384615,0.692308,0.986312,-1.1561,0.0376279,-0.308094,1.52013
0.769231,0.384615,0.692308,0.850004,-0.161068,0.0479294,-0.364024,0.866457
0.846154,0.384615,0.692308,0.546208,1.7584,0.0550647,-0.385431,1.8421
0.923077,0.384615,0.692308,0.184755,4.83952,0.0464814,-0.343017,4.84327
1,0.384615,0.692308,1.06218e-34,9,2.88906e-35,-0.232999,9
0,0.461538,0.692308,3.60728e-37,-1.86007e-34,-2.53032e-37,-0.0277433,1.86007e-34
0.0769231,0.461538,0.692308,0.0110923,-0.361074,-0.000699127,-0.021659,0.361245
0.153846,0.461538,0.692308,0.0385764,-0.635532,0.000201148,-0.0202708,0.636702
0.230769,0.461538,0.692308,0.0766833,-0.878601,0.0015321,-0.0219104,0.881942
0.307692,0.461538,0.692308,0.123738,-1.11702,0.00287673,-0.0268226,1.12386
0.384615,0.461538,0.692308,0.178,-1.35341,0.00418777,-0.0352332,1.36507
0.461538,0.461538,0.692308,0.235837,-1.56254,0.00558584,-0.0475512,1.58025
0.538462,0.461538,0.692308,0.289528,-1.68138,0.00729125,-0.0638295,1.70614
0.615385,0.461538,0.692308,0.325583,-1.5943,0.00958379,-0.0833145,1.62724
0.692308,0.461538,0.692308,0.325656,-1.11946,0.0126839,-0.103398,1.16593
0.769231,0.461538,0.692308,0.27364,-0.011355,0.0163124,-0.118569,0.274361
0.846154,0.461538,0.692308,0.171394,1.98991,0.0187718,-0.121492,1.99737
0.923077,0.461538,0.692308,0.0571927,5.03514,0.0157867,-0.10524,5.03549
1,0.461538,0.692308,4.31782e-35,9,1.32366e-35,-0.0712161,9
0,0.538462,0.692308,-8.69701e-36,-1.79575e-34,8.24408e-37,0.0311147,1.79787e-34
0.0769231,0.538462,0.692308,-0.0112633,-0.3611,0.000665681,0.024309,0.361277
0.153846,0.538462,0.692308,-0.0383354,-0.635554,-0.000219897,0.0212329,0.636709
0.230769,0.538462,0.692308,-0.0764528,-0.878642,-0.00155332,0.0217947,0.881963
0.307692,0.538462,0.692308,-0.123412,-1.11709,-0.00291824,0.0255114,1.12389
0.384615,0.538462,0.692308,-0.177604,-1.35348,-0.00426216,0.0326464,1.36509
0.461538,0.538462,0.692308,-0.235429,-1.56257,-0.00570264,0.0435519,1.58022
0.538462,0.538462,0.692308,-0.289319,-1.6813,-0.00744599,0.058431,1.70602
0.615385,0.538462,0.692308,-0.325986,-1.59402,-0.00972997,0.0768158,1.62704
0.692308,0.538462,0.692308,-0.326755,-1.11878,-0.0127324,0.0975014,1.16559
0.769231,0.538462,0.692308,-0.274946,-0.0106416,-0.016213,0.11564,0.275629
0.846154,0.538462,0.692308,-0.17158,1.98961,-0.0185845,0.122999,1.99708
0.923077,0.538462,0.692308,-0.0548706,5.03433,-0.015642,0.113116,5.03465
1,0.538462,0.692308,-4.90661e-36,9,-3.18519e-36,0.0814884,9
0,0.615385,0.692308,-1.60937e-35,-1.53787e-34,1.36266e-36,0.0848337,1.54633e-34
0.0769231,0.615385,0.692308,-0.0315371,-0.322187,0.0014739,0.0664161,0.32373
0.153846,0.615385,0.692308,-0.108337,-0.571686,-0.00127605,0.0595481,0.581862
0.230769,0.615385,0.692308,-0.216528,-0.79521,-0.00522408,0.0624052,0.824179
0.307692,0.615385,0.692308,-0.351134,-1.0167,-0.00924321,0.0744896,1.07566
0.384615,0.615385,0.692308,-0.508386,-1.24029,-0.0131888,0.0967305,1.34051
0.461538,0.615385,0.692308,-0.679344,-1.44635,-0.0173764,0.130494,1.59804
0.538462,0.615385,0.692308,-0.84396,-1.5814,-0.0223832,0.17685,1.79265
0.615385,0.615385,0.692308,-0.964731,-1.54192,-0.0289604,0.235492,1.81909
0.692308,0.615385,0.692308,-0.986672,-1.15427,-0.0377778,0.300121,1.51898
0.769231,0.615385,0.692308,-0.85194,-0.160908,-0.0479673,0.355361,0.868328
0.846154,0.615385,0.692308,-0.546921,1.75562,-0.0548452,0.383143,1.83965
0.923077,0.615385,0.692308,-0.180654,4.83837,-0.0462263,0.354352,4.84197
1,0.615385,0.692308,-5.2604e-35,9,-1.93961e-35,0.24835,9
0,0.692308,0.692308,-2.01948e-35,-1.13667e-34,8.71092e-37,0.124311,1.15451e-34
0.0769231,0.692308,0.692308,-0.0455993,-0.251523,0.000805267,0.097986,0.255624
0.153846,0.692308,0.692308,-0.15766,-0.454951,-0.00395802,0.0889281,0.48151
0.230769,0.692308,0.692308,-0.317431,-0.640914,-0.0103446,0.0940482,0.715291
0.307692,0.692308,0.692308,-0.519856,-0.828174,-0.0168394,0.113422,0.97796
0.384615,0.692308,0.692308,-0.761916,-1.02318,-0.0232065,0.149161,1.27591
0.461538,0.692308,0.692308,-1.03428,-1.21557,-0.0298451,0.204596,1.59632
0.538462,0.692308,0.692308,-1.31274,-1.3696,-0.0375859,0.282814,1.8975
0.615385,0.692308,0.692308,-1.54584,-1.40786,-0.047563,0.385143,2.0914
0.692308,0.692308,0.692308,-1.6483,-1.18119,-0.06081,0.503655,2.02875
0.769231,0.692308,0.692308,-1.49853,-0.421071,-0.0760502,0.629334,1.55842
0.846154,0.692308,0.692308,-1.0246,1.28916,-0.0867163,0.714422,1.64901
0.923077,0.692308,0.692308,-0.360652,4.39995,-0.0736236,0.669036,4.41532
1,0.692308,0.692308,-1.31218e-34,9,-3.42814e-35,0.454332,9
0,0.769231,0.692308,-1.95177e-35,-6.79781e-35,-6.53846e-37,0.142739,7.07276e-35
0.0769231,0.769231,0.692308,-0.0494917,-0.163355,-0.00159948,0.11429,0.170695
0.153846,0.769231,0.692308,-0.173485,-0.307066,-0.00832901,0.105082,0.352783
0.230769,0.769231,0.692308,-0.35454,-0.441325,-0.0167291,0.111769,0.566345
0.307692,0.769231,0.692308,-0.590147,-0.578484,-0.0252861,0.136015,0.826774
0.384615,0.769231,0.692308,-0.880584,-0.726491,-0.0336493,0.181851,1.14208
0.461538,0.769231,0.692308,-1.22185,-0.884334,-0.042141,0.255378,1.50889
0.538462,0.769231,0.692308,-1.59775,-1.03674,-0.0515725,0.362753,1.90533
0.615385,0.769231,0.692308,-1.96177,-1.14151,-0.0631188,0.514243,2.27059
0.692308,0.769231,0.692308,-2.22209,-1.09991,-0.078242,0.709811,2.48065
0.769231,0.769231,0.692308,-2.1944,-0.689747,-0.0959614,0.946717,2.30225
0.846154,0.769231,0.692308,-1.69084,0.574193,-0.108653,1.10812,1.78898
0.923077,0.769231,0.692308,-0.655291,3.57823,-0.0928756,1.13338,3.63893
1,0.769231,0.692308,-2.63747e-34,9,-4.56615e-35,0.816365,9
0,0.846154,0.692308,-1.25941e-35,-2.82425e-35,-2.31672e-36,0.137163,3.101e-35
0.0769231,0.846154,0.692308,-0.0402278,-0.0781961,-0.00473875,0.114196,0.0880645
0.153846,0.846154,0.692308,-0.146734,-0.158765,-0.0126541,0.106103,0.216558
0.230769,0.846154,0.692308,-0.309678,-0.23454,-0.0220276,0.11198,0.389095
0.307692,0.846154,0.692308,-0.529127,-0.312266,-0.0316042,0.136676,0.615211
0.384615,0.846154,0.692308,-0.808435,-0.398949,-0.0408979,0.18649,0.902441
0.461538,0.846154,0.692308,-1.15159,-0.498394,-0.0499893,0.270109,1.25581
0.538462,0.846154,0.692308,-1.55828,-0.609651,-0.0593567,0.399202,1.67435
0.615385,0.846154,0.692308,-2.00822,-0.72348,-0.0699434,0.595772,2.13571
0.692308,0.846154,0.692308,-2.45421,-0.812058,-0.0832363,0.864036,2.58641
0.769231,0.846154,0.692308,-2.72467,-0.7686,-0.0993105,1.24594,2.83274
0.846154,0.846154,0.692308,-2.5236,-0.183939,-0.111244,1.68051,2.53274
0.923077,0.846154,0.692308,-1.14228,2.35154,-0.0955424,2.20254,2.61604
1,0.846154,0.692308,-4.30644e-34,9,-4.97869e-35,1.51322,9
0,0.923077,0.692308,-6.29829e-37,-4.52394e-36,-2.10119e-36,0.114387,5.0277e-36
0.0769231,0.923077,0.692308,-0.0182363,-0.0187772,-0.00571815,0.103359,0.0267926
0.153846,0.923077,0.692308,-0.0791577,-0.0449333,-0.0124153,0.0930674,0.0918645
0.230769,0.923077,0.692308,-0.181358,-0.0686478,-0.0201713,0.09271,0.194962
0.307692,0.923077,0.692308,-0.324017,-0.0926793,-0.0280674,0.111285,0.338178
0.384615,0.923077,0.692308,-0.510388,-0.120123,-0.0356128,0.156179,0.525541
0.461538,0.923077,0.692308,-0.748045,-0.153448,-0.0426552,0.237564,0.764812
0.538462,0.923077,0.692308,-1.04664,-0.194529,-0.0492547,0.371932,1.0657
0.615385,0.923077,0.692308,-1.41611,-0.246668,-0.0558525,0.585393,1.43851
0.692308,0.923077,0.692308,-1.87379,-0.312148,-0.0632759,0.914139,1.90067
0.769231,0.923077,0.692308,-2.353,-0.37275,-0.0721879,1.51592,2.38343
0.846154,0.923077,0.692308,-2.84641,-0.4452,-0.0795789,2.35713,2.88211
0.923077,0.923077,0.692308,-2.1929,0.249336,-0.0701037,3.68271,2.20815
1,0.923077,0.692308,-2.81568e-33,9,-4.15446e-35,2.73137,9
0,1,0.692308,1.92786e-37,-2.5174e-37,1.27854e-36,0.102987,1.31727e-36
0.0769231,1,0.692308,-4.49417e-36,-1.28223e-36,-2.32303e-36,0.0920542,5.21902e-36
0.153846,1,0.692308,-3.00397e-35,-1.43153e-35,-5.76738e-36,0.0662351,3.37723e-35
0.230769,1,0.692308,-7.8549e-35,-2.50957e-35,-9.69437e-36,0.0517375,8.30285e-35
0.307692,1,0.692308,-1.50549e-34,-3.48926e-35,-1.38373e-35,0.0562282,1.55158e-34
0.384615,1,0.692308,-2.46988e-34,-4.60132e-35,-1.78498e-35,0.0851413,2.51871e-34
0.461538,1,0.692308,-3.71735e-34,-5.99851e-35,-2.15667e-35,0.147938,3.77161e-34
0.538462,1,0.692308,-5.31188e-34,-7.78247e-35,-2.49464e-35,0.260299,5.37438e-34
0.615385,1,0.692308,-7.35003e-34,-1.06681e-34,-2.81077e-35,0.445483,7.43237e-34
0.692308,1,0.692308,-9.94316e-34,-1.53583e-34,-3.13699e-35,0.764224,1.0066e-33
0.769231,1,0.692308,-1.32316e-33,-1.81458e-34,-3.51175e-35,1.32357,1.336e-33
0.846154,1,0.692308,-1.7916e-33,-7.99738e-34,-3.87105e-35,2.15063,1.96237e-33
0.923077,1,0.692308,-1.75632e-33,-3.26671e-33,-3.6883e-35,6.02344,3.70909e-33
1,1,0.692308,3.00154e-33,9,3.74911e-36,14.3434,9
0,0,0.769231,1.23646e-36,-1.42328e-36,-1.77019e-37,-0.105223,1.89365e-36
0.0769231,0,0.769231,1.6622e-35,-7.5965e-36,4.65103e-36,-0.0930743,1.88581e-35
0.153846,0,0.769231,5.07919e-35,-1.94313e-35,9.39789e-36,-0.0718314,5.5188e-35
0.230769,0,0.769231,1.05517e-34,-2.72174e-35,1.46224e-35,-0.0628217,1.09947e-34
0.307692,0,0.769231,1.81009e-34,-3.58464e-35,1.98194e-35,-0.0718669,1.85585e-34
0.384615,0,0.769231,2.80503e-34,-4.71585e-35,2.48592e-35,-0.104667,2.85524e-34
0.461538,0,0.769231,4.10086e-34,-6.26712e-35,2.97898e-35,-0.170469,4.15915e-34
0.538462,0,0.769231,5.79756e-34,-8.40383e-35,3.45822e-35,-0.284626,5.86835e-34
0.615385,0,0.769231,7.98471e-34,-1.23227e-34,3.94037e-35,-0.464374,8.08884e-34
0.692308,0,0.769231,1.08358e-33,-1.67673e-34,4.60477e-35,-0.798041,1.09745e-33
0.769231,0,0.769231,1.53785e-33,-1.79133e-34,5.32859e-35,-1.37298,1.54917e-33
0.846154,0,0.769231,1.37061e-33,-9.39292e-34,5.88077e-35,-1.77894,1.66262e-33
0.923077,0,0.769231,4.5495e-34,1.13794e-34,3.16741e-35,-8.22202,4.70034e-34
1,0,0.769231,-4.2762e-33,9,-3.87424e-35,-15.5042,9
0,0.0769231,0.769231,7.91107e-36,-1.53335e-35,2.13079e-36,-0.117221,1.73851e-35
0.0769231,0.0769231,0.769231,0.0177015,-0.0173264,0.00564916,-0.105071,0.0254059
0.153846,0.0769231,0.769231,0.0733152,-0.0401459,0.0135465,-0.0957121,0.0846777
0.230769,0.0769231,0.769231,0.166997,-0.060662,0.0226613,-0.0990687,0.179113
0.307692,0.0769231,0.769231,0.297497,-0.0820273,0.0318338,-0.120746,0.310236
0.384615,0.0769231,0.769231,0.4691,-0.107363,0.0406967,-0.168393,0.482947
0.461538,0.0769231,0.769231,0.689813,-0.139371,0.0492202,-0.252313,0.70547
0.538462,0.0769231,0.769231,0.971038,-0.180798,0.0575343,-0.387868,0.9894
0.615385,0.0769231,0.769231,1.32625,-0.235149,0.0659426,-0.603399,1.34855
0.692308,0.0769231,0.769231,1.76027,-0.30747,0.0753431,-0.949346,1.78851
0.769231,0.0769231,0.769231,2.2987,-0.38576,0.0876915,-1.46191,2.33249
0.846154,0.0769231,0.769231,2.76757,-0.39063,0.100469,-2.62512,2.7968
0.923077,0.0769231,0.769231,2.14858,0.297257,0.0927282,-4.31754,2.17103
1,0.0769231,0.769231,1.94381e-33,9,4.20813e-35,-3.67405,9
0,0.153846,0.769231,1.75394e-35,-4.45949e-35,3.8008e-37,-0.135994,4.79216e-35
0.0769231,0.153846,0.769231,0.0370722,-0.0694962,0.00357828,-0.114793,0.0788471
0.153846,0.153846,0.769231,0.13295,-0.139605,0.0125303,-0.107492,0.19319
0.230769,0.153846,0.769231,0.280195,-0.205494,0.0230315,-0.115547,0.348235
0.307692,0.153846,0.769231,0.478965,-0.274352,0.0334998,-0.142431,0.552991
0.384615,0.153846,0.769231,0.733751,-0.353438,0.0436041,-0.194584,0.815604
0.461538,0.153846,0.769231,1.04997,-0.447477,0.053573,-0.280784,1.14261
0.538462,0.153846,0.769231,1.42966,-0.557509,0.0640241,-0.414071,1.53585
0.615385,0.153846,0.769231,1.8613,-0.677397,0.0761485,-0.613474,1.9822
0.692308,0.153846,0.769231,2.30092,-0.778604,0.0920871,-0.901619,2.43083
0.769231,0.153846,0.769231,2.6122,-0.756474,0.11358,-1.32687,2.7219
0.846154,0.153846,0.769231,2.40934,-0.248145,0.135966,-1.86416,2.4259
0.923077,0.153846,0.769231,1.19853,2.19004,0.129809,-2.08307,2.49992
1,0.153846,0.769231,9.90545e-34,9,6.87114e-35,-1.34916,9
0,0.230769,0.769231,1.83842e-35,-8.32882e-35,-1.56081e-36,-0.137123,8.53073e-35
0.0769231,0.230769,0.769231,0.0445773,-0.144849,-0.000320511,-0.111735,0.151554
0.153846,0.230769,0.769231,0.15534,-0.269557,0.00718225,-0.104715,0.311196
0.230769,0.230769,0.769231,0.317339,-0.386022,0.0163695,-0.113343,0.499985
0.307692,0.230769,0.769231,0.529113,-0.507163,0.0253621,-0.139399,0.73336
0.384615,0.230769,0.769231,0.792075,-0.641691,0.033977,-0.187245,1.01995
0.461538,0.230769,0.769231,1.10439,-0.790739,0.0426893,-0.263064,1.35896
0.538462,0.230769,0.769231,1.45311,-0.943066,0.0524542,-0.374843,1.7331
0.615385,0.230769,0.769231,1.80059,-1.06342,0.064876,-0.531006,2.09218
0.692308,0.230769,0.769231,2.06083,-1.0621,0.0821735,-0.738088,2.31987
0.769231,0.230769,0.769231,2.06655,-0.719698,0.105652,-0.982239,2.19084
0.846154,0.230769,0.769231,1.58737,0.491675,0.129567,-1.18591,1.66681
0.923077,0.230769,0.769231,0.646726,3.52314,0.122783,-1.17248,3.58411
1,0.230769,0.769231,3.82241e-34,9,7.16105e-35,-0.861075,9
0,0.307692,0.769231,1.45745e-35,-1.20789e-34,-2.34785e-36,-0.116737,1.21688e-34
0.0769231,0.307692,0.769231,0.0405899,-0.222497,-0.00277542,-0.0937835,0.226186
0.153846,0.307692,0.769231,0.140252,-0.399023,0.0025565,-0.0876097,0.422962
0.230769,0.307692,0.769231,0.282274,-0.560291,0.00948756,-0.0946056,0.627452
0.307692,0.307692,0.769231,0.463218,-0.725425,0.0161665,-0.115653,0.860856
0.384615,0.307692,0.769231,0.681135,-0.902255,0.0225048,-0.153207,1.13072
0.461538,0.307692,0.769231,0.928804,-1.08397,0.0290465,-0.210798,1.42777
0.538462,0.307692,0.769231,1.18559,-1.24112,0.036757,-0.292075,1.71679
0.615385,0.307692,0.769231,1.40644,-1.30496,0.04709,-0.398898,1.91917
0.692308,0.307692,0.769231,1.51048,-1.13475,0.0618106,-0.526325,1.89025
0.769231,0.307692,0.769231,1.38556,-0.46056,0.081553,-0.652774,1.46238
0.846154,0.307692,0.769231,0.95531,1.17054,0.100608,-0.729699,1.51423
0.923077,0.307692,0.769231,0.346895,4.28577,0.093911,-0.687339,4.30081
1,0.307692,0.769231,2.10018e-34,9,5.86004e-35,-0.480819,9
0,0.384615,0.769231,7.9529e-36,-1.48444e-34,-1.80293e-36,-0.077641,1.48668e-34
0.0769231,0.384615,0.769231,0.0278636,-0.284804,-0.00290169,-0.0620156,0.286178
0.153846,0.384615,0.769231,0.096087,-0.501355,0.000216428,-0.0579642,0.51048
0.230769,0.384615,0.769231,0.191881,-0.695168,0.00449922,-0.0625382,0.721177
0.307692,0.384615,0.769231,0.311787,-0.890296,0.0085853,-0.0761779,0.943351
0.384615,0.384615,0.769231,0.452804,-1.09277,0.0124314,-0.0999986,1.18294
0.461538,0.384615,0.769231,0.607475,-1.28751,0.016453,-0.135616,1.42372
0.538462,0.384615,0.769231,0.758222,-1.42889,0.0213436,-0.184182,1.61774
0.615385,0.384615,0.769231,0.871562,-1.42369,0.0280836,-0.244797,1.66952
0.692308,0.384615,0.769231,0.896412,-1.10565,0.0377657,-0.311627,1.42388
0.769231,0.384615,0.769231,0.778254,-0.209085,0.0505438,-0.370281,0.807435
0.846154,0.384615,0.769231,0.504402,1.62215,0.0623016,-0.396637,1.6999
0.923077,0.384615,0.769231,0.172451,4.70403,0.0573994,-0.361923,4.70754
1,0.384615,0.769231,1.0128e-34,9,3.9034e-35,-0.260301,9
0,0.461538,0.769231,2.95243e-38,-1.60651e-34,-3.77092e-37,-0.0261321,1.60652e-34
0.0769231,0.461538,0.769231,0.009833,-0.319168,-0.0011973,-0.0208715,0.319322
0.153846,0.461538,0.769231,0.0341041,-0.557402,-0.000171757,-0.0199932,0.558444
0.230769,0.461538,0.769231,0.067779,-0.768174,0.00127252,-0.0218924,0.771159
0.307692,0.461538,0.769231,0.109585,-0.978154,0.0026392,-0.0269449,0.984277
0.384615,0.461538,0.769231,0.158104,-1.19204,0.00391542,-0.0354452,1.20249
0.461538,0.461538,0.769231,0.210247,-1.38971,0.0052544,-0.0478461,1.40553
0.538462,0.461538,0.769231,0.259232,-1.51651,0.00691027,-0.0642721,1.53852
0.615385,0.461538,0.769231,0.292978,-1.4675,0.00923759,-0.0839915,1.49649
0.692308,0.461538,0.769231,0.294732,-1.06864,0.0126308,-0.104471,1.10861
0.769231,0.461538,0.769231,0.249233,-0.0667521,0.0170891,-0.120701,0.258583
0.846154,0.461538,0.769231,0.157336,1.84195,0.0210678,-0.125487,1.84878
0.923077,0.461538,0.769231,0.0530654,4.89079,0.0192607,-0.112016,4.89112
1,0.461538,0.769231,3.97567e-35,9,1.74877e-35,-0.080982,9
0,0.538462,0.769231,-7.78528e-36,-1.55105e-34,1.21045e-36,0.0295328,1.55305e-34
0.0769231,0.538462,0.769231,-0.00995255,-0.319192,0.00118162,0.0234517,0.319349
0.153846,0.538462,0.769231,-0.0338455,-0.557425,0.000173982,0.0208657,0.558451
0.230769,0.538462,0.769231,-0.0675612,-0.768215,-0.00128039,0.0217302,0.771182
0.307692,0.538462,0.769231,-0.10929,-0.978216,-0.00267333,0.0256218,0.984305
0.384615,0.538462,0.769231,-0.157762,-1.19211,-0.00398916,0.0328698,1.20251
0.461538,0.538462,0.769231,-0.209924,-1.38972,-0.00538374,0.0438686,1.4055
0.538462,0.538462,0.769231,-0.259119,-1.5164,-0.00709727,0.0589149,1.53839
0.615385,0.538462,0.769231,-0.293442,-1.46717,-0.00944506,0.0775904,1.49626
0.692308,0.538462,0.769231,-0.295831,-1.06809,-0.012733,0.098444,1.10837
0.769231,0.538462,0.769231,-0.250527,-0.0663481,-0.016973,0.117081,0.259719
0.846154,0.538462,0.769231,-0.157373,1.8415,-0.0207172,0.126142,1.84833
0.923077,0.538462,0.769231,-0.0507041,4.89002,-0.0188684,0.118493,4.89032
1,0.538462,0.769231,-6.7148e-36,9,-4.37643e-36,0.089148,9
0,0.615385,0.769231,-1.41553e-35,-1.32852e-34,2.20156e-36,0.0805196,1.33623e-34
0.0769231,0.615385,0.769231,-0.02796,-0.284866,0.00288827,0.0642062,0.28625
0.153846,0.615385,0.769231,-0.0958865,-0.501411,-0.000218679,0.0587255,0.510497
0.230769,0.615385,0.769231,-0.19173,-0.695277,-0.00450976,0.0624027,0.721243
0.307692,0.615385,0.769231,-0.311567,-0.890474,-0.0086166,0.0749652,0.943447
0.384615,0.615385,0.769231,-0.452504,-1.09299,-0.0124959,0.0975334,1.18302
0.461538,0.615385,0.769231,-0.607079,-1.28767,-0.0165698,0.131599,1.42369
0.538462,0.615385,0.769231,-0.757769,-1.42873,-0.0215168,0.17838,1.61739
0.615385,0.615385,0.769231,-0.87125,-1.42274,-0.0283138,0.237349,1.66855
0.692308,0.615385,0.769231,-0.896892,-1.10399,-0.038001,0.303451,1.4229
0.769231,0.615385,0.769231,-0.780056,-0.208791,-0.0505075,0.361995,0.809093
0.846154,0.615385,0.769231,-0.504871,1.6196,-0.0617246,0.394097,1.69759
0.923077,0.615385,0.769231,-0.168342,4.70283,-0.056674,0.37168,4.70618
1,0.615385,0.769231,-5.34795e-35,9,-2.61247e-35,0.273185,9
0,0.692308,0.769231,-1.77354e-35,-9.82616e-35,2.00502e-36,0.118606,9.98694e-35
0.0769231,0.692308,0.769231,-0.0406339,-0.222559,0.00276587,0.0952397,0.226255
0.153846,0.692308,0.769231,-0.140167,-0.399083,-0.0025672,0.0881921,0.42299
0.230769,0.692308,0.769231,-0.282241,-0.560432,-0.00950328,0.0945564,0.627562
0.307692,0.692308,0.769231,-0.463153,-0.72567,-0.0161939,0.114722,0.861029
0.384615,0.692308,0.769231,-0.680993,-0.902619,-0.0225522,0.151079,1.13092
0.461538,0.692308,0.769231,-0.928459,-1.0844,-0.0291331,0.206992,1.42787
0.538462,0.692308,0.769231,-1.18483,-1.24144,-0.036903,0.285958,1.71649
0.615385,0.692308,0.769231,-1.40487,-1.30482,-0.0473564,0.389214,1.91793
0.692308,0.692308,0.769231,-1.50975,-1.13344,-0.0620749,0.510792,1.88888
0.769231,0.692308,0.769231,-1.38545,-0.456395,-0.0811715,0.639578,1.46094
0.846154,0.692308,0.769231,-0.957389,1.17513,-0.0998803,0.731043,1.51905
0.923077,0.692308,0.769231,-0.340625,4.28256,-0.0930712,0.698055,4.29709
1,0.692308,0.769231,-1.31379e-34,9,-4.7064e-35,0.496318,9
0,0.769231,0.769231,-1.72126e-35,-5.88895e-35,4.89866e-37,0.137554,6.13554e-35
0.0769231,0.769231,0.769231,-0.0445063,-0.144859,0.000311575,0.112172,0.151542
0.153846,0.769231,0.769231,-0.15543,-0.269564,-0.00720789,0.105231,0.311248
0.230769,0.769231,0.769231,-0.31743,-0.386125,-0.0163965,0.113514,0.500123
0.307692,0.769231,0.769231,-0.529245,-0.507377,-0.0253936,0.138947,0.733605
0.384615,0.769231,0.769231,-0.792218,-0.642069,-0.0340151,0.185777,1.0203
0.461538,0.769231,0.769231,-1.10439,-0.791376,-0.0427549,0.260055,1.35933
0.538462,0.769231,0.769231,-1.45291,-0.944189,-0.0525496,0.368809,1.73355
0.615385,0.769231,0.769231,-1.79854,-1.06469,-0.0649664,0.521013,2.09106
0.692308,0.769231,0.769231,-2.05729,-1.06105,-0.0822059,0.720142,2.31626
0.769231,0.769231,0.769231,-2.05603,-0.711398,-0.105567,0.960793,2.17819
0.846154,0.769231,0.769231,-1.60557,0.491989,-0.130416,1.12817,1.68431
0.923077,0.769231,0.769231,-0.628703,3.49058,-0.121581,1.17274,3.54883
1,0.769231,0.769231,-2.60501e-34,9,-6.442e-35,0.874395,9
0,0.846154,0.769231,-1.13333e-35,-2.4599e-35,-1.53176e-36,0.134695,2.71275e-35
0.0769231,0.846154,0.769231,-0.036799,-0.0697063,-0.00359205,0.113981,0.0789053
0.153846,0.846154,0.769231,-0.133215,-0.139677,-0.0125668,0.108152,0.193427
0.230769,0.846154,0.769231,-0.280346,-0.205537,-0.023069,0.116113,0.348385
0.307692,0.846154,0.769231,-0.479239,-0.274433,-0.0335412,0.14266,0.55327
0.384615,0.846154,0.769231,-0.734149,-0.353646,-0.0436511,0.194107,0.816055
0.461538,0.846154,0.769231,-1.05053,-0.447983,-0.0536352,0.27917,1.14332
0.538462,0.846154,0.769231,-1.43071,-0.558697,-0.0640392,0.409869,1.53727
0.615385,0.846154,0.769231,-1.86066,-0.680178,-0.0762095,0.607137,1.98255
0.692308,0.846154,0.769231,-2.30065,-0.788574,-0.0924429,0.877386,2.4338
0.769231,0.846154,0.769231,-2.59085,-0.778638,-0.11346,1.26569,2.70771
0.846154,0.846154,0.769231,-2.43817,-0.229295,-0.136616,1.70851,2.45274
0.923077,0.846154,0.769231,-1.11471,2.3024,-0.128615,2.25033,2.56128
1,0.846154,0.769231,-4.2291e-34,9,-7.19456e-35,1.57831,9
0,0.923077,0.769231,-9.13462e-37,-4.02867e-36,-1.89307e-36,0.115756,4.54404e-36
0.0769231,0.923077,0.769231,-0.017433,-0.0169669,-0.00566617,0.105441,0.0249778
0.153846,0.923077,0.769231,-0.0737036,-0.0397789,-0.0136038,0.0977427,0.0848507
0.230769,0.923077,0.769231,-0.16713,-0.0604461,-0.0227235,0.100469,0.179171
0.307692,0.923077,0.769231,-0.297744,-0.0818479,-0.0318961,0.122008,0.310432
0.384615,0.923077,0.769231,-0.469447,-0.107085,-0.0407594,0.169603,0.483227
0.461538,0.923077,0.769231,-0.690474,-0.138864,-0.04927,0.253405,0.70602
0.538462,0.923077,0.769231,-0.97198,-0.179726,-0.0574931,0.389644,0.990127
0.615385,0.923077,0.769231,-1.32706,-0.233968,-0.0659406,0.604465,1.34914
0.692308,0.923077,0.769231,-1.77797,-0.304966,-0.0752168,0.93441,1.80551
0.769231,0.923077,0.769231,-2.26665,-0.375603,-0.0865715,1.53952,2.29919
0.846154,0.923077,0.769231,-2.79097,-0.459466,-0.100072,2.38542,2.8303
0.923077,0.923077,0.769231,-2.17648,0.23497,-0.096846,3.72558,2.19127
1,0.923077,0.769231,-2.81184e-33,9,-6.17443e-35,2.78597,9
0,1,0.769231,2.84609e-37,-2.69183e-37,1.27497e-36,0.105393,1.33379e-36
0.0769231,1,0.769231,-4.61588e-36,-2.05273e-36,-2.5833e-36,0.0954304,5.67393e-36
0.153846,1,0.769231,-2.89495e-35,-1.39311e-35,-6.88078e-36,0.0741177,3.28557e-35
0.230769,1,0.769231,-7.43198e-35,-2.36761e-35,-1.18974e-35,0.064534,7.8902e-35
0.307692,1,0.769231,-1.41476e-34,-3.2714e-35,-1.71515e-35,0.0736,1.46218e-34
0.384615,1,0.769231,-2.31755e-34,-4.32856e-35,-2.22839e-35,0.106606,2.36813e-34
0.461538,1,0.769231,-3.49369e-34,-5.68902e-35,-2.71748e-35,0.172764,3.55012e-34
0.538462,1,0.769231,-5.01281e-34,-7.48196e-35,-3.17949e-35,0.287209,5.0783e-34
0.615385,1,0.769231,-6.98289e-34,-1.04109e-34,-3.62223e-35,0.472791,7.06936e-34
0.692308,1,0.769231,-9.53553e-34,-1.51177e-34,-4.07114e-35,0.790028,9.6632e-34
0.769231,1,0.769231,-1.28448e-33,-1.80742e-34,-4.57617e-35,1.34544,1.29794e-33
0.846154,1,0.769231,-1.76361e-33,-8.04498e-34,-5.19808e-35,2.17087,1.93913e-33
0.923077,1,0.769231,-1.74446e-33,-3.27297e-33,-5.23324e-35,6.05463,3.7092e-33
1,1,0.769231,3.00368e-33,9,6.73086e-36,14.387,9
0,0,0.846154,1.03156e-36,-8.97655e-37,-1.29901e-37,-0.107222,1.3736e-36
0.0769231,0,0.846154,1.29493e-35,-6.03078e-36,2.914e-36,-0.0975684,1.45789e-35
0.153846,0,0.846154,3.9817e-35,-1.44988e-35,6.53551e-36,-0.0831134,4.28757e-35
0.230769,0,0.846154,8.31194e-35,-1.98422e-35,1.04148e-35,-0.0808448,8.60872e-35
0.307692,0,0.846154,1.43374e-34,-2.6264e-35,1.42129e-35,-0.0962574,1.46451e-34
0.384615,0,0.846154,2.23668e-34,-3.52881e-35,1.7948e-35,-0.13532,2.27145e-34
0.461538,0,0.846154,3.29971e-34,-4.83619e-35,2.17053e-35,-0.207263,3.34202e-34
0.538462,0,0.846154,4.71713e-34,-6.85847e-35,2.54047e-35,-0.325761,4.77349e-34
0.615385,0,0.846154,6.61569e-34,-1.03689e-34,2.9029e-35,-0.513243,6.70274e-34
0.692308,0,0.846154,9.21884e-34,-1.52658e-34,3.66301e-35,-0.838834,9.35156e-34
0.769231,0,0.846154,1.35434e-33,-1.83357e-34,4.35621e-35,-1.40489,1.36739e-33
0.846154,0,0.846154,1.23737e-33,-9.40366e-34,4.58891e-35,-1.82493,1.55482e-33
0.923077,0,0.846154,4.38149e-34,1.0677e-34,1.32633e-34,-8.22308,4.7007e-34
1,0,0.846154,-4.51047e-33,9,3.10292e-35,-15.9367,9
0,0.0769231,0.846154,6.72266e-36,-1.12577e-35,1.23288e-36,-0.116741,1.317e-35
0.0769231,0.0769231,0.846154,0.0149745,-0.0137447,0.00394173,-0.106941,0.0207049
0.153846,0.0769231,0.846154,0.0611584,-0.0310951,0.0111076,-0.101569,0.0695028
0.230769,0.0769231,0.846154,0.138972,-0.0466658,0.019086,-0.108688,0.147835
0.307692,0.0769231,0.846154,0.248116,-0.0633833,0.0269764,-0.133935,0.2575
0.384615,0.0769231,0.846154,0.39303,-0.0841172,0.0347541,-0.185063,0.40343
0.461538,0.0769231,0.846154,0.581891,-0.111696,0.0425824,-0.27232,0.594042
0.538462,0.0769231,0.846154,0.827056,-0.149595,0.0506253,-0.411262,0.841999
0.615385,0.0769231,0.846154,1.14477,-0.203272,0.0590241,-0.629733,1.16417
0.692308,0.0769231,0.846154,1.54999,-0.280202,0.068902,-0.975536,1.57662
0.769231,0.0769231,0.846154,2.08082,-0.378514,0.0840719,-1.49237,2.11664
0.846154,0.0769231,0.846154,2.58826,-0.417225,0.0995005,-2.66363,2.62356
0.923077,0.0769231,0.846154,2.07988,0.266928,0.111906,-4.34553,2.09992
1,0.0769231,0.846154,2.03605e-33,9,3.52149e-35,-3.69556,9
0,0.153846,0.846154,1.35363e-35,-3.32389e-35,-4.49783e-37,-0.129946,3.58923e-35
0.0769231,0.153846,0.846154,0.0299468,-0.0550333,0.00109724,-0.113162,0.0626632
0.153846,0.153846,0.846154,0.10741,-0.108434,0.00881797,-0.109257,0.152881
0.230769,0.153846,0.846154,0.227111,-0.158612,0.017401,-0.119573,0.277561
0.307692,0.153846,0.846154,0.390062,-0.212481,0.0256328,-0.148267,0.44492
0.384615,0.153846,0.846154,0.601009,-0.276961,0.0335437,-0.202008,0.662604
0.461538,0.153846,0.846154,0.866295,-0.357598,0.0414684,-0.289692,0.938117
0.538462,0.153846,0.846154,1.19088,-0.458297,0.0499468,-0.424418,1.277
0.615385,0.153846,0.846154,1.57061,-0.579005,0.0600519,-0.625104,1.67502
0.692308,0.153846,0.846154,1.97636,-0.702929,0.074269,-0.915541,2.09896
0.769231,0.153846,0.846154,2.29566,-0.74261,0.0954006,-1.34695,2.41467
0.846154,0.153846,0.846154,2.1753,-0.335064,0.125034,-1.89552,2.2045
0.923077,0.153846,0.846154,1.11463,2.04938,0.147224,-2.14719,2.33753
1,0.153846,0.846154,9.72174e-34,9,8.82953e-35,-1.47789,9
0,0.230769,0.846154,1.352e-35,-6.26158e-35,-1.98078e-36,-0.127815,6.40894e-35
0.0769231,0.230769,0.846154,0.0353293,-0.11498,-0.00249139,-0.108085,0.120311
0.153846,0.230769,0.846154,0.123454,-0.210199,0.00397081,-0.104377,0.243804
0.230769,0.230769,0.846154,0.253311,-0.299027,0.01128,-0.114643,0.39206
0.307692,0.230769,0.846154,0.424588,-0.39379,0.0179974,-0.141707,0.57937
0.384615,0.230769,0.846154,0.639299,-0.503221,0.0242718,-0.190294,0.813956
0.461538,0.230769,0.846154,0.897475,-0.630746,0.0306002,-0.266763,1.09738
0.538462,0.230769,0.846154,1.19094,-0.771179,0.0377755,-0.379218,1.41933
0.615385,0.230769,0.846154,1.49187,-0.901043,0.0471985,-0.53644,1.7435
0.692308,0.230769,0.846154,1.73117,-0.949969,0.0611745,-0.745859,1.97563
0.769231,0.230769,0.846154,1.76504,-0.720548,0.0825641,-0.995747,1.90824
0.846154,0.230769,0.846154,1.38178,0.325896,0.112446,-1.21364,1.42414
0.923077,0.230769,0.846154,0.576985,3.28398,0.127898,-1.23052,3.33674
1,0.230769,0.846154,3.62155e-34,9,8.37295e-35,-0.966614,9
0,0.307692,0.846154,1.03486e-35,-9.12669e-35,-2.42938e-36,-0.107391,9.18838e-35
0.0769231,0.307692,0.846154,0.0318531,-0.177046,-0.00420689,-0.0898053,0.179938
0.153846,0.307692,0.846154,0.11043,-0.312179,0.000484856,-0.0865007,0.331135
0.230769,0.307692,0.846154,0.22327,-0.43531,0.0059799,-0.0947266,0.489264
0.307692,0.307692,0.846154,0.368316,-0.564441,0.0108545,-0.11638,0.674068
0.384615,0.307692,0.846154,0.544546,-0.708024,0.0152906,-0.154287,0.893344
0.461538,0.307692,0.846154,0.74707,-0.863408,0.0198094,-0.212161,1.14192
0.538462,0.307692,0.846154,0.960436,-1.01066,0.0251889,-0.293808,1.39445
0.615385,0.307692,0.846154,1.14906,-1.09777,0.0326539,-0.401388,1.5895
0.692308,0.307692,0.846154,1.24639,-1.00806,0.0440531,-0.53065,1.60362
0.769231,0.307692,0.846154,1.15625,-0.492435,0.0615458,-0.661721,1.25825
0.846154,0.307692,0.846154,0.807583,0.931722,0.0842592,-0.749198,1.23588
0.923077,0.307692,0.846154,0.298751,3.97791,0.0918714,-0.727737,3.99017
1,0.307692,0.846154,1.94144e-34,9,6.44628e-35,-0.553367,9
0,0.384615,0.846154,5.33574e-36,-1.12479e-34,-1.78777e-36,-0.0709262,1.1262e-34
0.0769231,0.384615,0.846154,0.0217516,-0.227031,-0.00363855,-0.0591143,0.2281
0.153846,0.384615,0.846154,0.0752653,-0.393074,-0.000826196,-0.0569947,0.400216
0.230769,0.384615,0.846154,0.150973,-0.541098,0.00258225,-0.062344,0.561771
0.307692,0.384615,0.846154,0.246566,-0.693568,0.00553911,-0.0763196,0.736113
0.384615,0.384615,0.846154,0.359899,-0.85771,0.0081769,-0.100301,0.930194
0.461538,0.384615,0.846154,0.485433,-1.02425,0.010879,-0.136038,1.13351
0.538462,0.384615,0.846154,0.6095,-1.15982,0.0141964,-0.184796,1.3103
0.615385,0.384615,0.846154,0.705248,-1.19129,0.0189548,-0.245862,1.38453
0.692308,0.384615,0.846154,0.730587,-0.978219,0.0263382,-0.313853,1.22121
0.769231,0.384615,0.846154,0.639146,-0.2715,0.0374711,-0.375406,0.695431
0.846154,0.384615,0.846154,0.417863,1.33098,0.0509064,-0.408112,1.39597
0.923077,0.384615,0.846154,0.14484,4.35432,0.0536706,-0.385704,4.35706
1,0.384615,0.846154,8.99737e-35,9,4.09357e-35,-0.302501,9
0,0.461538,0.846154,-4.65898e-37,-1.21872e-34,-4.52341e-37,-0.0237447,1.21873e-34
0.0769231,0.461538,0.846154,0.00766639,-0.254652,-0.00141123,-0.0199314,0.254771
0.153846,0.461538,0.846154,0.0266687,-0.437456,-0.000470912,-0.0196763,0.438269
0.230769,0.461538,0.846154,0.0532087,-0.598437,0.00068021,-0.0218023,0.600798
0.307692,0.461538,0.846154,0.0864518,-0.762417,0.00166612,-0.0269445,0.767305
0.384615,0.461538,0.846154,0.125318,-0.935637,0.00253073,-0.0354802,0.943996
0.461538,0.461538,0.846154,0.167461,-1.10472,0.0034104,-0.0479057,1.11734
0.538462,0.461538,0.846154,0.207543,-1.22878,0.00450595,-0.064392,1.24619
0.615385,0.461538,0.846154,0.235857,-1.22446,0.0061241,-0.084255,1.24698
0.692308,0.461538,0.846154,0.238637,-0.94385,0.00869021,-0.105123,0.97359
0.769231,0.461538,0.846154,0.202958,-0.147099,0.0125265,-0.122461,0.250972
0.846154,0.461538,0.846154,0.129078,1.52402,0.0169787,-0.129508,1.52957
0.923077,0.461538,0.846154,0.0440293,4.52127,0.0175342,-0.120548,4.52152
1,0.461538,0.846154,3.33528e-35,9,1.77309e-35,-0.0955068,9
0,0.538462,0.846154,-6.08811e-36,-1.17634e-34,1.02563e-36,0.0270292,1.17796e-34
0.0769231,0.538462,0.846154,-0.00773168,-0.254673,0.00140955,0.02216,0.254794
0.153846,0.538462,0.846154,-0.0264073,-0.437479,0.000489144,0.0203793,0.438275
0.230769,0.538462,0.846154,-0.0530036,-0.598475,-0.000676623,0.0215973,0.600818
0.307692,0.538462,0.846154,-0.0861797,-0.762471,-0.00168279,0.0256417,0.767327
0.384615,0.538462,0.846154,-0.125029,-0.935687,-0.00258411,0.0329611,0.944007
0.461538,0.538462,0.846154,-0.167227,-1.10472,-0.00352985,0.0440117,1.11731
0.538462,0.538462,0.846154,-0.207556,-1.22864,-0.00471593,0.059129,1.24606
0.615385,0.538462,0.846154,-0.236422,-1.22411,-0.00640774,0.0780283,1.24675
0.692308,0.538462,0.846154,-0.239797,-0.943416,-0.00893798,0.0990951,0.973456
0.769231,0.538462,0.846154,-0.204282,-0.147012,-0.0126001,0.118175,0.251997
0.846154,0.538462,0.846154,-0.128816,1.52339,-0.016743,0.129286,1.52892
0.923077,0.538462,0.846154,-0.0419506,4.52056,-0.0174682,0.124462,4.52079
1,0.538462,0.846154,-9.05017e-36,9,-4.77143e-36,0.100501,9
0,0.615385,0.846154,-1.06247e-35,-1.0058e-34,2.07229e-36,0.0737327,1.01161e-34
0.0769231,0.615385,0.846154,-0.0218049,-0.227086,0.0036358,0.0610439,0.22816
0.153846,0.615385,0.846154,-0.0750576,-0.39313,0.000839181,0.0576357,0.400231
0.230769,0.615385,0.846154,-0.150824,-0.541202,-0.00257859,0.0621902,0.561831
0.307692,0.615385,0.846154,-0.246354,-0.693727,-0.00554716,0.0751424,0.736192
0.384615,0.615385,0.846154,-0.359633,-0.85789,-0.00820977,0.0979045,0.930258
0.461538,0.615385,0.846154,-0.485111,-1.02435,-0.0109669,0.132131,1.13346
0.538462,0.615385,0.846154,-0.609172,-1.15962,-0.0143809,0.179118,1.30997
0.615385,0.615385,0.846154,-0.705197,-1.19044,-0.0192828,0.238346,1.38377
0.692308,0.615385,0.846154,-0.731245,-0.976771,-0.026748,0.30551,1.22046
0.769231,0.615385,0.846154,-0.640875,-0.270864,-0.0377171,0.367856,0.696786
0.846154,0.615385,0.846154,-0.417911,1.32898,-0.0504604,0.405731,1.39405
0.923077,0.615385,0.846154,-0.141267,4.35289,-0.0532789,0.391626,4.3555
1,0.615385,0.846154,-5.39249e-35,9,-2.75039e-35,0.310708,9
0,0.692308,0.846154,-1.31404e-35,-7.41268e-35,2.20721e-36,0.109262,7.53148e-35
0.0769231,0.692308,0.846154,-0.0318799,-0.177103,0.00419704,0.0911539,0.179999
0.153846,0.692308,0.846154,-0.110332,-0.31225,-0.000490738,0.0870305,0.33117
0.230769,0.692308,0.846154,-0.223224,-0.435456,-0.00598785,0.0946778,0.489374
0.307692,0.692308,0.846154,-0.368238,-0.564677,-0.0108625,0.115486,0.674223
0.384615,0.692308,0.846154,-0.544401,-0.708348,-0.0153042,0.152232,0.893512
0.461538,0.692308,0.846154,-0.74677,-0.863764,-0.0198514,0.208457,1.14199
0.538462,0.692308,0.846154,-0.95977,-1.01086,-0.0253037,0.287797,1.39414
0.615385,0.692308,0.846154,-1.14793,-1.09734,-0.032972,0.391885,1.58839
0.692308,0.692308,0.846154,-1.24544,-1.00622,-0.0446089,0.516907,1.60174
0.769231,0.692308,0.846154,-1.15694,-0.488879,-0.0622895,0.646079,1.25754
0.846154,0.692308,0.846154,-0.809221,0.93284,-0.0844146,0.744373,1.2378
0.923077,0.692308,0.846154,-0.292538,3.97332,-0.0910209,0.732982,3.98512
1,0.692308,0.846154,-1.28522e-34,9,-5.0799e-35,0.564998,9
0,0.769231,0.846154,-1.26549e-35,-4.41471e-35,1.22826e-36,0.128269,4.59415e-35
0.0769231,0.769231,0.846154,-0.0352924,-0.114996,0.00246027,0.10859,0.120315
0.153846,0.769231,0.846154,-0.123532,-0.210241,-0.00402149,0.104859,0.24388
0.230769,0.769231,0.846154,-0.253392,-0.299167,-0.0113319,0.114755,0.392221
0.307692,0.769231,0.846154,-0.424707,-0.394044,-0.0180508,0.141192,0.579632
0.384615,0.769231,0.846154,-0.639419,-0.503634,-0.0243265,0.188768,0.814307
0.461538,0.769231,0.846154,-0.897524,-0.631399,-0.0306644,0.263618,1.0978
0.538462,0.769231,0.846154,-1.19064,-0.772208,-0.0378601,0.373393,1.41963
0.615385,0.769231,0.846154,-1.49025,-0.902226,-0.0474065,0.525891,1.74273
0.692308,0.769231,0.846154,-1.72728,-0.949484,-0.0616638,0.727044,1.97201
0.769231,0.769231,0.846154,-1.75855,-0.712835,-0.0846967,0.967862,1.89942
0.846154,0.769231,0.846154,-1.39675,0.326587,-0.114764,1.1647,1.439
0.923077,0.769231,0.846154,-0.55694,3.25485,-0.121577,1.23049,3.30439
1,0.769231,0.846154,-2.52855e-34,9,-7.34858e-35,0.970506,9
0,0.846154,0.846154,-8.34194e-36,-1.825e-35,-4.36637e-37,0.128778,2.00709e-35
0.0769231,0.846154,0.846154,-0.0297588,-0.0551986,-0.0011536,0.11257,0.06272
0.153846,0.846154,0.846154,-0.107681,-0.108479,-0.00891577,0.109815,0.153109
0.230769,0.846154,0.846154,-0.227292,-0.158631,-0.0175144,0.119937,0.277727
0.307692,0.846154,0.846154,-0.390378,-0.212537,-0.0257742,0.14826,0.445232
0.384615,0.846154,0.846154,-0.601456,-0.277135,-0.0337172,0.201271,0.663091
0.461538,0.846154,0.846154,-0.866941,-0.358022,-0.0416657,0.28778,0.938883
0.538462,0.846154,0.846154,-1.19177,-0.459292,-0.0501088,0.42029,1.2782
0.615385,0.846154,0.846154,-1.57105,-0.581495,-0.0603051,0.6171,1.6763
0.692308,0.846154,0.846154,-1.97495,-0.711361,-0.0744439,0.896002,2.10048
0.769231,0.846154,0.846154,-2.27848,-0.761592,-0.096677,1.28127,2.40434
0.846154,0.846154,0.846154,-2.20001,-0.318106,-0.125598,1.74724,2.22643
0.923077,0.846154,0.846154,-1.03262,2.14899,-0.131277,2.31741,2.38782
1,0.846154,0.846154,-4.28289e-34,9,-8.63206e-35,1.68348,9
0,0.923077,0.846154,-4.24811e-37,-2.89534e-36,-1.18866e-36,0.115235,3.15854e-36
0.0769231,0.923077,0.846154,-0.0148228,-0.0135329,-0.00405887,0.106949,0.0204776
0.153846,0.923077,0.846154,-0.0615772,-0.030937,-0.0113286,0.102636,0.0698368
0.230769,0.923077,0.846154,-0.139187,-0.0466895,-0.0193726,0.108868,0.148082
0.307692,0.923077,0.846154,-0.248485,-0.0635067,-0.0273554,0.133677,0.257927
0.384615,0.923077,0.846154,-0.393548,-0.0842477,-0.0352594,0.184341,0.404006
0.461538,0.923077,0.846154,-0.582709,-0.111742,-0.0432341,0.271084,0.594899
0.538462,0.923077,0.846154,-0.828185,-0.149348,-0.0514125,0.409771,0.843112
0.615385,0.923077,0.846154,-1.1466,-0.202755,-0.0601344,0.626425,1.16594
0.692308,0.923077,0.846154,-1.5649,-0.278615,-0.0684267,0.961423,1.59098
0.769231,0.923077,0.846154,-2.05263,-0.368534,-0.0793957,1.56559,2.08696
0.846154,0.923077,0.846154,-2.61574,-0.485873,-0.104718,2.41751,2.66255
0.923077,0.923077,0.846154,-2.11317,0.187075,-0.116188,3.78118,2.12461
1,0.923077,0.846154,-2.8152e-33,9,-8.15378e-35,2.87935,9
0,1,0.846154,4.3514e-37,-3.21601e-37,9.53254e-37,0.107343,1.09611e-36
0.0769231,1,0.846154,-4.42016e-36,-2.81033e-36,-2.10406e-36,0.099368,5.64472e-36
0.153846,1,0.846154,-2.57646e-35,-1.25106e-35,-6.29293e-36,0.0845389,2.93246e-35
0.230769,1,0.846154,-6.51297e-35,-2.05364e-35,-1.1214e-35,0.0814462,6.92053e-35
0.307692,1,0.846154,-1.23536e-34,-2.82812e-35,-1.63082e-35,0.0966289,1.27777e-34
0.384615,1,0.846154,-2.02607e-34,-3.78395e-35,-2.13693e-35,0.135565,2.07215e-34
0.461538,1,0.846154,-3.06693e-34,-5.07145e-35,-2.64133e-35,0.207379,3.11978e-34
0.538462,1,0.846154,-4.43148e-34,-6.88482e-35,-3.15067e-35,0.326496,4.4957e-34
0.615385,1,0.846154,-6.23747e-34,-9.83218e-35,-3.66205e-35,0.515811,6.32509e-34
0.692308,1,0.846154,-8.648e-34,-1.46196e-34,-4.22838e-35,0.830794,8.78089e-34
0.769231,1,0.846154,-1.18895e-33,-1.85682e-34,-4.78629e-35,1.37663,1.20431e-33
0.846154,1,0.846154,-1.67953e-33,-8.13703e-34,-5.71475e-35,2.19521,1.86713e-33
0.923077,1,0.846154,-1.69389e-33,-3.28339e-33,-5.81133e-35,6.09891,3.69504e-33
1,1,0.846154,3.0104e-33,9,1.13187e-35,14.4618,9
0,0,0.923077,5.23849e-37,-1.65217e-37,4.81205e-38,-0.108022,5.51389e-37
0.0769231,0,0.923077,6.00378e-36,-1.54966e-36,1.23597e-36,-0.10349,6.32253e-36
0.153846,0,0.923077,1.93474e-35,-4.52308e-36,2.98791e-36,-0.0972284,2.00925e-35
0.230769,0,0.923077,4.15056e-35,-5.87739e-36,4.67751e-36,-0.102217,4.21798e-35
0.307692,0,0.923077,7.27384e-35,-7.86612e-36,6.3482e-36,-0.125043,7.34374e-35
0.384615,0,0.923077,1.14853e-34,-1.12313e-35,8.15885e-36,-0.172501,1.15689e-34
0.461538,0,0.923077,1.71438e-34,-1.68569e-35,1.01871e-35,-0.254303,1.72565e-34
0.538462,0,0.923077,2.48652e-34,-2.72603e-35,1.26141e-35,-0.384048,2.50459e-34
0.615385,0,0.923077,3.54681e-34,-4.59893e-35,1.53822e-35,-0.588427,3.5798e-34
0.692308,0,0.923077,5.18604e-34,-7.52374e-35,2.43121e-35,-0.918976,5.24597e-34
0.769231,0,0.923077,7.56458e-34,-1.54965e-34,8.26697e-36,-1.44378,7.72212e-34
0.846154,0,0.923077,7.76326e-34,-7.03502e-34,7.2605e-35,-2.04099,1.05018e-33
0.923077,0,0.923077,-2.61105e-34,-2.9169e-34,-9.73876e-35,-8.0575,4.03414e-34
1,0,0.923077,-2.98409e-33,9,-5.32911e-34,-14.0346,9
0,0.0769231,0.923077,2.29343e-36,-4.96473e-36,1.56703e-38,-0.112546,5.46887e-36
0.0769231,0.0769231,0.923077,0.00868939,-0.00747702,0.00138001,-0.107719,0.0115462
0.153846,0.0769231,0.923077,0.0375238,-0.0168713,0.00500461,-0.105597,0.0414454
0.230769,0.0769231,0.923077,0.0876355,-0.0251857,0.00878352,-0.115061,0.0916049
0.307692,0.0769231,0.923077,0.15889,-0.0344383,0.0124436,-0.142554,0.163055
0.384615,0.0769231,0.923077,0.254667,-0.0466124,0.0161704,-0.195982,0.259403
0.461538,0.0769231,0.923077,0.381539,-0.0639398,0.0201541,-0.28569,0.387384
0.538462,0.0769231,0.923077,0.550176,-0.0896758,0.0245637,-0.427424,0.557977
0.615385,0.0769231,0.923077,0.775923,-0.129933,0.0294594,-0.648448,0.787278
0.692308,0.0769231,0.923077,1.08347,-0.194621,0.0356596,-0.990414,1.10139
0.769231,0.0769231,0.923077,1.51982,-0.301948,0.0465932,-1.53677,1.55023
0.846154,0.0769231,0.923077,2.01446,-0.421572,0.0572175,-2.6888,2.0589
0.923077,0.0769231,0.923077,1.76414,0.100587,0.0723468,-4.39002,1.76849
1,0.0769231,0.923077,1.76009e-33,9,9.2928e-35,-4.15452,9
0,0.153846,0.923077,4.90882e-36,-1.54753e-35,-1.01137e-36,-0.119138,1.62667e-35
0.0769231,0.153846,0.923077,0.0170455,-0.0319722,-0.000521389,-0.110893,0.0362359
0.153846,0.153846,0.923077,0.0637175,-0.061426,0.00324156,-0.109672,0.088564
0.230769,0.153846,0.923077,0.13783,-0.0890491,0.00693694,-0.121,0.164241
0.307692,0.153846,0.923077,0.239996,-0.119746,0.0103197,-0.150286,0.26841
0.384615,0.153846,0.923077,0.373761,-0.158484,0.0135725,-0.204496,0.4062
0.461538,0.153846,0.923077,0.544543,-0.210044,0.0168897,-0.292648,0.583893
0.538462,0.153846,0.923077,0.758157,-0.279661,0.0205058,-0.427862,0.808352
0.615385,0.153846,0.923077,1.01697,-0.373002,0.0248894,-0.628774,1.08351
0.692308,0.153846,0.923077,1.31022,-0.490922,0.0313649,-0.922293,1.39952
0.769231,0.153846,0.923077,1.56878,-0.596453,0.0402446,-1.35869,1.67882
0.846154,0.153846,0.923077,1.54357,-0.429862,0.0534613,-1.91717,1.6032
0.923077,0.153846,0.923077,0.824051,1.53339,0.0866994,-2.23737,1.74295
1,0.153846,0.923077,8.20017e-34,9,5.42896e-35,-1.76713,9
0,0.230769,0.923077,4.47475e-36,-3.01036e-35,-1.61382e-36,-0.114494,3.04771e-35
0.0769231,0.230769,0.923077,0.0198315,-0.0690795,-0.0023035,-0.104667,0.0719067
0.153846,0.230769,0.923077,0.0720162,-0.122146,0.000974409,-0.103536,0.141799
0.230769,0.230769,0.923077,0.150826,-0.171656,0.00404526,-0.114409,0.22854
0.307692,0.230769,0.923077,0.255978,-0.226375,0.00665395,-0.141529,0.341782
0.384615,0.230769,0.923077,0.389114,-0.292772,0.00901629,-0.190028,0.487038
0.461538,0.230769,0.923077,0.551321,-0.374923,0.011373,-0.266374,0.666822
0.538462,0.230769,0.923077,0.739331,-0.473313,0.0140314,-0.378705,0.87797
0.615385,0.230769,0.923077,0.938178,-0.579787,0.0175298,-0.536111,1.10301
0.692308,0.230769,0.923077,1.10589,-0.659694,0.0227139,-0.746433,1.28791
0.769231,0.230769,0.923077,1.14767,-0.591096,0.0310229,-0.999039,1.29132
0.846154,0.230769,0.923077,0.915656,0.0431069,0.0482978,-1.22607,0.917941
0.923077,0.230769,0.923077,0.390276,2.49003,0.0724176,-1.28975,2.52147
1,0.230769,0.923077,2.72345e-34,9,5.62762e-35,-1.1428,9
0,0.307692,0.923077,3.1189e-36,-4.46159e-35,-1.57786e-36,-0.0953431,4.47526e-35
0.0769231,0.307692,0.923077,0.0177235,-0.108085,-0.00288826,-0.0865366,0.109566
0.153846,0.307692,0.923077,0.0637991,-0.183829,-0.000386525,-0.0854721,0.194585
0.230769,0.307692,0.923077,0.131522,-0.252769,0.00192134,-0.0941685,0.284946
0.307692,0.307692,0.923077,0.219509,-0.327666,0.00377066,-0.115767,0.394415
0.384615,0.307692,0.923077,0.327314,-0.415014,0.00535634,-0.153488,0.528583
0.461538,0.307692,0.923077,0.45256,-0.515379,0.00692178,-0.211138,0.685911
0.538462,0.307692,0.923077,0.586611,-0.620213,0.00875728,-0.292577,0.853729
0.615385,0.307692,0.923077,0.708177,-0.702821,0.0113196,-0.400041,0.997798
0.692308,0.307692,0.923077,0.775499,-0.695733,0.0154434,-0.529495,1.04196
0.769231,0.307692,0.923077,0.725721,-0.434791,0.0228977,-0.662211,0.846309
0.846154,0.307692,0.923077,0.510108,0.47126,0.036133,-0.757738,0.695415
0.923077,0.307692,0.923077,0.188876,3.00461,0.0480869,-0.765717,3.01093
1,0.307692,0.923077,1.37618e-34,9,4.18103e-35,-0.66105,9
0,0.384615,0.923077,1.32539e-36,-5.54532e-35,-1.03893e-36,-0.06298,5.54788e-35
0.0769231,0.384615,0.923077,0.0120364,-0.139714,-0.0022918,-0.0569446,0.140251
0.153846,0.384615,0.923077,0.0432518,-0.233052,-0.000723694,-0.0562841,0.237033
0.230769,0.384615,0.923077,0.0884043,-0.316026,0.000719515,-0.0619231,0.328159
0.307692,0.384615,0.923077,0.145995,-0.404523,0.00183703,-0.0758377,0.430066
0.384615,0.384615,0.923077,0.214755,-0.504361,0.00275347,-0.0996694,0.548185
0.461538,0.384615,0.923077,0.29159,-0.612045,0.00364919,-0.135228,0.677965
0.538462,0.384615,0.923077,0.368462,-0.710529,0.00473214,-0.183793,0.800398
0.615385,0.384615,0.923077,0.428999,-0.759072,0.00633845,-0.244672,0.871935
0.692308,0.384615,0.923077,0.446794,-0.673074,0.00908644,-0.312676,0.807921
0.769231,0.384615,0.923077,0.392016,-0.284958,0.0139681,-0.375314,0.484843
0.846154,0.384615,0.923077,0.255842,0.746825,0.0215566,-0.412701,0.789726
0.923077,0.384615,0.923077,0.0877936,3.27575,0.0268288,-0.405617,3.27703
1,0.384615,0.923077,6.10864e-35,9,2.55533e-35,-0.357337,9
0,0.461538,0.923077,-5.97458e-37,-6.03169e-35,-1.99106e-37,-0.0215468,6.03202e-35
0.0769231,0.461538,0.923077,0.00423367,-0.157238,-0.000883285,-0.0193808,0.157298
0.153846,0.461538,0.923077,0.0153184,-0.260117,-0.000327266,-0.0194893,0.260568
0.230769,0.461538,0.923077,0.0310945,-0.350365,0.000163513,-0.0216574,0.351742
0.307692,0.461538,0.923077,0.0510594,-0.445519,0.000541961,-0.0267516,0.448435
0.384615,0.461538,0.923077,0.0745372,-0.550808,0.000837563,-0.0352155,0.555829
0.461538,0.461538,0.923077,0.100178,-0.660182,0.0011187,-0.0475526,0.66774
0.538462,0.461538,0.923077,0.124797,-0.75178,0.00146457,-0.0639289,0.762069
0.615385,0.461538,0.923077,0.142461,-0.778074,0.00201588,-0.0836634,0.791011
0.692308,0.461538,0.923077,0.144567,-0.648924,0.00301144,-0.104514,0.66484
0.769231,0.461538,0.923077,0.122958,-0.201512,0.00478427,-0.122119,0.236111
0.846154,0.461538,0.923077,0.0779262,0.878277,0.00740657,-0.130558,0.881758
0.923077,0.461538,0.923077,0.0262237,3.39427,0.00884059,-0.126844,3.39439
1,0.461538,0.923077,2.20149e-35,9,1.07682e-35,-0.113093,9
0,0.538462,0.923077,-2.38329e-36,-5.82446e-35,6.86483e-37,0.0230608,5.82973e-35
0.0769231,0.538462,0.923077,-0.0042583,-0.157243,0.000815555,0.0209741,0.157303
0.153846,0.538462,0.923077,-0.0150653,-0.260126,0.000332423,0.0200084,0.260562
0.230769,0.538462,0.923077,-0.0308955,-0.350388,-0.000161202,0.0214517,0.351747
0.307692,0.538462,0.923077,-0.0508124,-0.44555,-0.000525931,0.0255281,0.448438
0.384615,0.538462,0.923077,-0.0743046,-0.550828,-0.000834911,0.032831,0.555818
0.461538,0.538462,0.923077,-0.100034,-0.660152,-0.00115145,0.0438636,0.667689
0.538462,0.538462,0.923077,-0.124916,-0.751635,-0.00155092,0.0589743,0.761946
0.615385,0.538462,0.923077,-0.143073,-0.777772,-0.00212892,0.0779178,0.790825
0.692308,0.538462,0.923077,-0.145747,-0.648586,-0.00303706,0.0990862,0.664767
0.769231,0.538462,0.923077,-0.124206,-0.201518,-0.00443246,0.118785,0.236763
0.846154,0.538462,0.923077,-0.077471,0.877678,-0.00634557,0.131562,0.881114
0.923077,0.538462,0.923077,-0.0247763,3.39344,-0.00801193,0.130115,3.39354
1,0.538462,0.923077,-6.2606e-36,9,-3.18827e-36,0.115693,9
0,0.615385,0.923077,-3.79625e-36,-4.96434e-35,1.36468e-36,0.0644007,4.98071e-35
0.0769231,0.615385,0.923077,-0.0120503,-0.139726,0.00224495,0.0583993,0.140262
0.153846,0.615385,0.923077,-0.0430398,-0.233074,0.000742861,0.0568206,0.237016
0.230769,0.615385,0.923077,-0.0882405,-0.31609,-0.000696898,0.0618201,0.328176
0.307692,0.615385,0.923077,-0.145777,-0.40462,-0.00179261,0.0747844,0.430083
0.384615,0.615385,0.923077,-0.214511,-0.50445,-0.00270831,0.09745,0.548171
0.461538,0.615385,0.923077,-0.291336,-0.612032,-0.00362533,0.131566,0.677844
0.538462,0.615385,0.923077,-0.368294,-0.710238,-0.00476749,0.178448,0.800063
0.615385,0.615385,0.923077,-0.429178,-0.758289,-0.0064636,0.237711,0.871342
0.692308,0.615385,0.923077,-0.447706,-0.671898,-0.00922976,0.304989,0.807449
0.769231,0.615385,0.923077,-0.393686,-0.284403,-0.0137498,0.36926,0.485863
0.846154,0.615385,0.923077,-0.255628,0.745318,-0.020208,0.412207,0.788196
0.923077,0.615385,0.923077,-0.0855539,3.27347,-0.0257537,0.409443,3.27469
1,0.615385,0.923077,-3.84045e-35,9,-1.75993e-35,0.361466,9
0,0.692308,0.923077,-4.55768e-36,-3.62742e-35,1.60951e-36,0.096564,3.65948e-35
0.0769231,0.692308,0.923077,-0.017719,-0.108092,0.00287995,0.0877146,0.109573
0.153846,0.692308,0.923077,-0.0636756,-0.183877,0.000430106,0.0860464,0.194591
0.230769,0.692308,0.923077,-0.13143,-0.252886,-0.00186111,0.0942694,0.285006
0.307692,0.692308,0.923077,-0.219371,-0.327846,-0.00367611,0.115085,0.394487
0.384615,0.692308,0.923077,-0.327112,-0.415234,-0.00523408,0.151691,0.528629
0.461538,0.692308,0.923077,-0.452234,-0.51557,-0.00678451,0.207751,0.685838
0.538462,0.692308,0.923077,-0.586063,-0.620188,-0.00864555,0.286906,0.853333
0.615385,0.692308,0.923077,-0.707471,-0.702137,-0.0113358,0.391136,0.996815
0.692308,0.692308,0.923077,-0.775173,-0.693664,-0.0157479,0.51724,1.04034
0.769231,0.692308,0.923077,-0.727748,-0.432271,-0.0234225,0.648383,0.846773
0.846154,0.692308,0.923077,-0.511059,0.468624,-0.0348643,0.750833,0.694266
0.923077,0.692308,0.923077,-0.184277,2.99721,-0.0463786,0.765104,3.00323
1,0.692308,0.923077,-9.34252e-35,9,-3.30511e-35,0.667234,9
0,0.769231,0.923077,-4.33703e-36,-2.12037e-35,1.27938e-36,0.115338,2.16805e-35
0.0769231,0.769231,0.923077,-0.0197968,-0.0690576,0.00234336,0.105432,0.0718774
0.153846,0.769231,0.923077,-0.0720439,-0.122187,-0.000905112,0.104292,0.141848
0.230769,0.769231,0.923077,-0.150839,-0.171784,-0.00392757,0.11488,0.228643
0.307692,0.769231,0.923077,-0.255993,-0.2266,-0.00648448,0.141464,0.341939
0.384615,0.769231,0.923077,-0.389091,-0.293115,-0.00878339,0.189036,0.487222
0.461538,0.769231,0.923077,-0.551188,-0.375419,-0.0110648,0.263857,0.666986
0.538462,0.769231,0.923077,-0.73883,-0.473987,-0.0136493,0.3736,0.877906
0.615385,0.769231,0.923077,-0.936749,-0.58049,-0.0171729,0.526321,1.10216
0.692308,0.769231,0.923077,-1.10284,-0.659318,-0.0227664,0.727538,1.2851
0.769231,0.769231,0.923077,-1.1475,-0.585149,-0.0331599,0.967269,1.28851
0.846154,0.769231,0.923077,-0.923326,0.0474518,-0.0480736,1.20339,0.925793
0.923077,0.769231,0.923077,-0.374168,2.47476,-0.064304,1.29473,2.50372
1,0.769231,0.923077,-2.00939e-34,9,-5.03968e-35,1.12483,9
0,0.846154,0.923077,-2.70192e-36,-8.35408e-36,4.81137e-37,0.119499,8.79332e-36
0.0769231,0.846154,0.923077,-0.0169248,-0.0320489,0.00063699,0.11104,0.036249
0.153846,0.846154,0.923077,-0.0639387,-0.0614609,-0.00313169,0.11065,0.0887434
0.230769,0.846154,0.923077,-0.137983,-0.0890937,-0.00675848,0.121854,0.164386
0.307692,0.846154,0.923077,-0.240247,-0.119857,-0.0100919,0.150912,0.268675
0.384615,0.846154,0.923077,-0.374087,-0.158717,-0.0132587,0.204585,0.406581
0.461538,0.846154,0.923077,-0.544952,-0.210478,-0.0164351,0.291777,0.584418
0.538462,0.846154,0.923077,-0.758571,-0.280501,-0.0198341,0.425055,0.809014
0.615385,0.846154,0.923077,-1.01731,-0.374932,-0.0239444,0.621647,1.08447
0.692308,0.846154,0.923077,-1.30688,-0.495897,-0.0295836,0.906973,1.39811
0.769231,0.846154,0.923077,-1.55964,-0.604976,-0.0405116,1.30087,1.67335
0.846154,0.846154,0.923077,-1.55492,-0.418205,-0.0564721,1.79493,1.61117
0.923077,0.846154,0.923077,-0.772481,1.59401,-0.0823608,2.27665,1.77324
1,0.846154,0.923077,-4.50968e-34,9,-5.98326e-35,1.90905,9
0,0.923077,0.923077,8.78796e-37,-1.03988e-36,-3.04055e-37,0.112415,1.39502e-36
0.0769231,0.923077,0.923077,-0.00865201,-0.0073443,-0.00132044,0.108045,0.0114254
0.153846,0.923077,0.923077,-0.0379607,-0.016783,-0.00496076,0.106659,0.0418006
0.230769,0.923077,0.923077,-0.0880132,-0.0252589,-0.00867853,0.115524,0.0919763
0.307692,0.923077,0.923077,-0.159492,-0.0346385,-0.0123388,0.142783,0.163676
0.384615,0.923077,0.923077,-0.255513,-0.0469092,-0.0160535,0.195951,0.260279
0.461538,0.923077,0.923077,-0.382751,-0.0643314,-0.0200084,0.285352,0.388635
0.538462,0.923077,0.923077,-0.551826,-0.0901984,-0.0243733,0.426645,0.55968
0.615385,0.923077,0.923077,-0.779382,-0.130538,-0.0293733,0.645135,0.790784
0.692308,0.923077,0.923077,-1.0901,-0.196089,-0.0339924,0.987227,1.10812
0.769231,0.923077,0.923077,-1.50558,-0.29881,-0.0418636,1.55063,1.53551
0.846154,0.923077,0.923077,-2.03141,-0.47917,-0.0537993,2.49152,2.08785
0.923077,0.923077,0.923077,-1.83179,0.0248778,-0.0796315,3.86141,1.83369
1,0.923077,0.923077,-2.69228e-33,9,-6.64782e-35,3.20984,9
0,1,0.923077,-1.74814e-37,5.35692e-37,2.75107e-38,0.109466,5.64165e-37
0.0769231,1,0.923077,-3.4093e-36,-1.74191e-36,-9.32354e-37,0.103765,3.94041e-36
0.153846,1,0.923077,-1.84807e-35,-7.33717e-36,-3.51734e-36,0.0964601,2.01926e-35
0.230769,1,0.923077,-4.69289e-35,-1.21464e-35,-6.45961e-36,0.100251,4.89038e-35
0.307692,1,0.923077,-8.95759e-35,-1.69246e-35,-9.4773e-36,0.122223,9.16521e-35
0.384615,1,0.923077,-1.479e-34,-2.32963e-35,-1.25192e-35,0.168653,1.50246e-34
0.461538,1,0.923077,-2.25685e-34,-3.25879e-35,-1.56656e-35,0.249141,2.28563e-34
0.538462,1,0.923077,-3.29612e-34,-4.71609e-35,-1.90249e-35,0.378162,3.33512e-34
0.615385,1,0.923077,-4.70728e-34,-7.21088e-35,-2.25209e-35,0.579908,4.76751e-34
0.692308,1,0.923077,-6.66963e-34,-1.17385e-34,-2.66103e-35,0.901307,6.77736e-34
0.769231,1,0.923077,-9.4698e-34,-1.95887e-34,-3.11404e-35,1.44621,9.67529e-34
0.846154,1,0.923077,-1.40571e-33,-7.51468e-34,-4.02642e-35,2.27941,1.59448e-33
0.923077,1,0.923077,-1.46287e-33,-3.21507e-33,-3.31154e-35,6.09691,3.53239e-33
1,1,0.923077,3.03608e-33,9,-1.01816e-35,14.5766,9
0,0,1,1.49595e-37,-1.85686e-37,2.46333e-38,-0.107424,2.39718e-37
0.0769231,0,1,1.70333e-37,-6.22124e-37,-2.52852e-37,-0.104299,6.9281e-37
0.153846,0,1,-4.08747e-36,-2.72499e-36,2.77588e-36,-0.0958513,5.64256e-36
0.230769,0,1,-1.35929e-35,-2.85433e-36,5.81336e-36,-0.0994116,1.50568e-35
0.307692,0,1,-2.74409e-35,-2.29783e-36,9.5732e-36,-0.121018,2.91535e-35
0.384615,0,1,-4.63935e-35,-1.42197e-36,1.47632e-35,-0.167154,4.87066e-35
0.461538,0,1,-7.24799e-35,-4.44428e-37,2.26111e-35,-0.246647,7.59263e-35
0.538462,0,1,-1.08873e-34,1.62247e-36,3.346e-35,-0.375729,1.1391e-34
0.615385,0,1,-1.62899e-34,2.16395e-36,5.46712e-35,-0.571107,1.71842e-34
0.692308,0,1,-2.39997e-34,1.32364e-35,7.32668e-35,-0.904398,2.51281e-34
0.769231,0,1,-4.25661e-34,-6.37287e-35,2.57704e-34,-1.2563,5.01657e-34
0.846154,0,1,-6.60812e-34,3.41254e-34,-3.43672e-35,-2.96528,7.44518e-34
0.923077,0,1,-1.94324e-33,-1.15778e-33,1.56905e-33,-4.35538,2.75292e-33
1,0,1,-3.14203e-33,9,-2.55634e-33,-26.0488,9
0,0.0769231,1,3.49959e-37,-3.37292e-37,3.26201e-37,-0.11041,5.85359e-37
0.0769231,0.0769231,1,1.39493e-36,-1.07407e-36,3.83406e-37,-0.107184,1.80179e-36
0.153846,0.0769231,1,1.02428e-35,-4.15375e-36,2.92284e-36,-0.104104,1.14329e-35
0.230769,0.0769231,1,2.72408e-35,-6.90176e-36,4.50416e-36,-0.112515,2.84602e-35
0.307692,0.0769231,1,5.27055e-35,-9.67207e-36,6.33268e-36,-0.138805,5.39585e-35
0.384615,0.0769231,1,8.75949e-35,-1.32398e-35,8.15412e-36,-0.191125,8.89643e-35
0.461538,0.0769231,1,1.34396e-34,-1.84799e-35,9.96042e-36,-0.2799,1.36026e-34
0.538462,0.0769231,1,1.97328e-34,-2.63216e-35,1.16992e-35,-0.420942,1.99419e-34
0.615385,0.0769231,1,2.83774e-34,-3.99128e-35,1.04684e-35,-0.641799,2.86758e-34
0.692308,0.0769231,1,4.04752e-34,-6.03036e-35,1.38094e-35,-0.980424,4.09453e-34
0.769231,0.0769231,1,5.8914e-34,-1.14751e-34,-8.97664e-36,-1.55935,6.00279e-34
0.846154,0.0769231,1,8.31526e-34,-1.25876e-34,-1.67533e-34,-2.6424,8.57524e-34
0.923077,0.0769231,1,1.0789e-33,-2.42282e-33,-7.09381e-34,-4.52994,2.74542e-33
1,0.0769231,1,8.24867e-34,9,7.26836e-34,-4.5154,9
0,0.153846,1,2.01386e-36,3.12007e-36,-2.22129e-36,-0.118213,4.3272e-36
0.0769231,0.153846,1,4.57586e-36,-8.43373e-36,-1.11264e-36,-0.110485,9.65941e-36
0.153846,0.153846,1,2.25533e-35,-2.04517e-35,1.44518e-36,-0.108063,3.04797e-35
0.230769,0.153846,1,5.49649e-35,-3.15053e-35,3.63264e-36,-0.117544,6.3458e-35
0.307692,0.153846,1,1.01886e-34,-4.32576e-35,5.38143e-36,-0.145069,1.10819e-34
0.384615,0.153846,1,1.64863e-34,-5.80449e-35,6.59696e-36,-0.197656,1.74907e-34
0.461538,0.153846,1,2.47076e-34,-7.82752e-35,7.29076e-36,-0.28417,2.59281e-34
0.538462,0.153846,1,3.53078e-34,-1.06972e-34,6.75209e-36,-0.417607,3.68989e-34
0.615385,0.153846,1,4.88062e-34,-1.48405e-34,4.1624e-36,-0.616205,5.10143e-34
0.692308,0.153846,1,6.55717e-34,-2.08902e-34,-4.52397e-36,-0.908571,6.88204e-34
0.769231,0.153846,1,8.44537e-34,-2.89314e-34,-4.18258e-35,-1.33944,8.93697e-34
0.846154,0.153846,1,9.73599e-34,-3.24935e-34,-8.12149e-35,-1.86125,1.0296e-33
0.923077,0.153846,1,7.57918e-34,-1.64632e-33,5.44112e-35,-2.19858,1.81322e-33
1,0.153846,1,4.72664e-34,9,3.61461e-34,-1.90116,9
0,0.230769,1,1.38647e-36,1.03111e-35,-3.99194e-36,-0.114372,1.11434e-35
0.0769231,0.230769,1,6.23623e-36,-2.14156e-35,-1.48929e-36,-0.104687,2.23548e-35
0.153846,0.230769,1,2.82603e-35,-4.70581e-35,-2.12779e-37,-0.102962,5.48922e-35
0.230769,0.230769,1,6.59959e-35,-6.95376e-35,1.36623e-36,-0.112216,9.58791e-35
0.307692,0.230769,1,1.18579e-34,-9.35111e-35,2.17516e-36,-0.137963,1.5103e-34
0.384615,0.230769,1,1.8703e-34,-1.22717e-34,2.33885e-36,-0.185183,2.23708e-34
0.461538,0.230769,1,2.72918e-34,-1.60215e-34,1.75069e-36,-0.260208,3.16475e-34
0.538462,0.230769,1,3.76942e-34,-2.08355e-34,-1.10096e-38,-0.370985,4.30694e-34
0.615385,0.230769,1,4.9598e-34,-2.67781e-34,-3.78482e-36,-0.526351,5.63664e-34
0.692308,0.230769,1,6.16273e-34,-3.32071e-34,-1.17496e-35,-0.732967,7.00144e-34
0.769231,0.230769,1,6.97741e-34,-3.63173e-34,-1.93684e-35,-0.97623,7.86837e-34
0.846154,0.230769,1,6.54515e-34,-1.86738e-34,-4.25803e-36,-1.19406,6.80647e-34
0.923077,0.230769,1,4.01441e-34,-1.17729e-33,5.41737e-35,-1.28874,1.24503e-33
1,0.230769,1,1.477e-34,9,1.03828e-34,-1.23319,9
0,0.307692,1,-2.77274e-37,1.81375e-35,-4.91267e-36,-0.0955175,1.87931e-35
0.0769231,0.307692,1,6.12241e-36,-3.65408e-35,-1.56066e-36,-0.086995,3.7083e-35
0.153846,0.307692,1,2.70035e-35,-7.6905e-35,-1.18542e-36,-0.0856745,8.15167e-35
0.230769,0.307692,1,6.18582e-35,-1.10458e-34,-1.76112e-37,-0.0930505,1.266e-34
0.307692,0.307692,1,1.08995e-34,-1.45708e-34,-6.6361e-38,-0.113666,1.81963e-34
0.384615,0.307692,1,1.68458e-34,-1.87255e-34,-5.42446e-37,-0.150454,2.51878e-34
0.461538,0.307692,1,2.39913e-34,-2.37282e-34,-1.6549e-36,-0.20713,3.37437e-34
0.538462,0.307692,1,3.20683e-34,-2.94788e-34,-3.50647e-36,-0.287352,4.35603e-34
0.615385,0.307692,1,4.02367e-34,-3.52372e-34,-6.15087e-36,-0.392966,5.34886e-34
0.692308,0.307692,1,4.65616e-34,-3.86625e-34,-8.46344e-36,-0.51926,6.05268e-34
0.769231,0.307692,1,4.75231e-34,-3.30337e-34,-6.64152e-36,-0.647779,5.78802e-34
0.846154,0.307692,1,3.88928e-34,8.28714e-36,7.07551e-36,-0.741114,3.89081e-34
0.923077,0.307692,1,2.05879e-34,-8.47741e-34,3.62057e-35,-0.757982,8.73134e-34
1,0.307692,1,9.56007e-35,9,7.59531e-35,-0.692356,9
0,0.384615,1,-2.14189e-36,2.45098e-35,-5.0953e-36,-0.0632394,2.51253e-35
0.0769231,0.384615,1,4.68184e-36,-4.98909e-35,-1.02888e-36,-0.0574738,5.01207e-35
0.153846,0.384615,1,2.02627e-35,-1.02924e-34,-1.24141e-36,-0.0566757,1.04907e-34
0.230769,0.384615,1,4.5896e-35,-1.45289e-34,-9.22612e-37,-0.0614377,1.52369e-34
0.307692,0.384615,1,7.98563e-35,-1.88895e-34,-1.37825e-36,-0.0747747,2.05086e-34
0.384615,0.384615,1,1.216e-34,-2.38733e-34,-2.23838e-36,-0.0980269,2.67927e-34
0.461538,0.384615,1,1.6989e-34,-2.95412e-34,-3.50426e-36,-0.132975,3.40798e-34
0.538462,0.384615,1,2.21181e-34,-3.5392e-34,-5.01663e-36,-0.180738,4.17379e-34
0.615385,0.384615,1,2.67316e-34,-3.99301e-34,-6.29354e-36,-0.240418,4.80561e-34
0.692308,0.384615,1,2.93434e-34,-3.96793e-34,-6.16144e-36,-0.306699,4.93545e-34
0.769231,0.384615,1,2.79158e-34,-2.69599e-34,-2.38659e-36,-0.367164,3.88096e-34
0.846154,0.384615,1,2.09963e-34,1.60392e-34,8.3641e-36,-0.402428,2.64349e-34
0.923077,0.384615,1,1.01593e-34,-6.54147e-34,2.56548e-35,-0.398331,6.62486e-34
1,0.384615,1,5.3853e-35,9,4.57501e-35,-0.371704,9
0,0.461538,1,-3.8546e-36,2.80522e-35,-4.46307e-36,-0.0216311,2.86653e-35
0.0769231,0.461538,1,2.39085e-36,-5.84687e-35,-1.23691e-37,-0.019705,5.85177e-35
0.153846,0.461538,1,9.95804e-36,-1.19645e-34,-7.75042e-37,-0.0197146,1.20061e-34
0.230769,0.461538,1,2.22794e-35,-1.67378e-34,-1.15083e-36,-0.0215089,1.68858e-34
0.307692,0.461538,1,3.84096e-35,-2.15752e-34,-2.04998e-36,-0.0264238,2.19154e-34
0.384615,0.461538,1,5.79127e-35,-2.69877e-34,-3.19024e-36,-0.0346725,2.76039e-34
0.461538,0.461538,1,7.98921e-35,-3.2908e-34,-4.56083e-36,-0.0467899,3.3867e-34
0.538462,0.461538,1,1.0224e-34,-3.85537e-34,-5.90918e-36,-0.0628685,3.98907e-34
0.615385,0.461538,1,1.20672e-34,-4.19803e-34,-6.72147e-36,-0.0821883,4.36854e-34
0.692308,0.461538,1,1.2833e-34,-3.92122e-34,-6.10104e-36,-0.102477,4.12632e-34
0.769231,0.461538,1,1.1738e-34,-2.25027e-34,-2.77002e-36,-0.11931,2.53816e-34
0.846154,0.461538,1,8.45499e-35,2.46539e-34,4.10791e-36,-0.127224,2.60667e-34
0.923077,0.461538,1,3.94188e-35,-5.58338e-34,1.09479e-35,-0.124705,5.59835e-34
1,0.461538,1,3.36361e-35,9,3.06547e-35,-0.117084,9
0,0.538462,1,-5.02591e-36,2.8058e-35,-3.17496e-36,0.0231964,2.86809e-35
0.0769231,0.538462,1,-2.8883e-37,-6.05465e-35,8.81012e-37,0.0209787,6.05536e-35
0.153846,0.538462,1,-1.94853e-36,-1.23845e-34,-5.80398e-38,0.0201033,1.2386e-34
0.230769,0.538462,1,-4.7498e-36,-1.72937e-34,-1.07682e-36,0.0213888,1.73005e-34
0.307692,0.538462,1,-8.41788e-36,-2.22455e-34,-2.35729e-36,0.0252374,2.22627e-34
0.384615,0.538462,1,-1.28396e-35,-2.77523e-34,-3.77399e-36,0.0323792,2.77845e-34
0.461538,0.538462,1,-1.78711e-35,-3.3711e-34,-5.37347e-36,0.0432295,3.37626e-34
0.538462,0.538462,1,-2.30698e-35,-3.92663e-34,-6.97873e-36,0.0581172,3.93402e-34
0.615385,0.538462,1,-2.74977e-35,-4.23708e-34,-8.19388e-36,0.0767179,4.24678e-34
0.692308,0.538462,1,-2.9536e-35,-3.89623e-34,-8.35296e-36,0.0973758,3.9083e-34
0.769231,0.538462,1,-2.71201e-35,-2.1345e-34,-6.52711e-36,0.116509,2.15265e-34
0.846154,0.538462,1,-1.91348e-35,2.66365e-34,-2.79429e-36,0.128134,2.67066e-34
0.923077,0.538462,1,-7.94628e-36,-5.37987e-34,-1.79258e-36,0.127479,5.38048e-34
1,0.538462,1,2.34245e-35,9,2.35972e-35,0.122022,9
0,0.615385,1,-5.42631e-36,2.45296e-35,-1.46428e-36,0.0646395,2.51652e-35
0.0769231,0.615385,1,-2.91805e-36,-5.57222e-35,1.7151e-36,0.0586836,5.58249e-35
0.153846,0.615385,1,-1.35466e-35,-1.1476e-34,6.00536e-37,0.0571257,1.15559e-34
0.230769,0.615385,1,-3.10612e-35,-1.61077e-34,-9.55409e-37,0.0614331,1.64047e-34
0.307692,0.615385,1,-5.4081e-35,-2.08148e-34,-2.53724e-36,0.0737717,2.15074e-34
0.384615,0.615385,1,-8.20435e-35,-2.6106e-34,-4.23347e-36,0.0959007,2.73681e-34
0.461538,0.615385,1,-1.13911e-34,-3.19494e-34,-6.21264e-36,0.129436,3.3925e-34
0.538462,0.615385,1,-1.46943e-34,-3.76408e-34,-8.50207e-36,0.175591,4.04163e-34
0.615385,0.615385,1,-1.75316e-34,-4.13648e-34,-1.0941e-35,0.233824,4.49399e-34
0.692308,0.615385,1,-1.89153e-34,-3.93042e-34,-1.30567e-35,0.299559,4.36385e-34
0.769231,0.615385,1,-1.75956e-34,-2.3773e-34,-1.36947e-35,0.361652,2.96081e-34
0.846154,0.615385,1,-1.28306e-34,2.20634e-34,-1.22377e-35,0.401133,2.55522e-34
0.923077,0.615385,1,-5.87064e-35,-5.89006e-34,-1.59087e-35,0.401305,5.92139e-34
1,0.615385,1,1.65777e-35,9,1.98325e-35,0.380854,9
0,0.692308,1,-4.92473e-36,1.81638e-35,3.01463e-37,0.0966334,1.8822e-35
0.0769231,0.692308,1,-5.0535e-36,-4.49435e-35,2.10473e-36,0.088073,4.52757e-35
0.153846,0.692308,1,-2.29111e-35,-9.40901e-35,9.13554e-37,0.0862263,9.68436e-35
0.230769,0.692308,1,-5.24965e-35,-1.33763e-34,-1.0067e-36,0.0932539,1.43699e-34
0.307692,0.692308,1,-9.19542e-35,-1.74756e-34,-2.7845e-36,0.113066,1.97491e-34
0.384615,0.692308,1,-1.40851e-34,-2.21978e-34,-4.73049e-36,0.148762,2.62936e-34
0.461538,0.692308,1,-1.98179e-34,-2.76573e-34,-7.15286e-36,0.203855,3.40321e-34
0.538462,0.692308,1,-2.60461e-34,-3.34845e-34,-1.03932e-35,0.281809,4.24346e-34
0.615385,0.692308,1,-3.19096e-34,-3.84259e-34,-1.47641e-35,0.384368,4.99695e-34
0.692308,0.692308,1,-3.57351e-34,-3.93721e-34,-2.03522e-35,0.507559,5.321e-34
0.769231,0.692308,1,-3.49575e-34,-2.89763e-34,-2.65225e-35,0.635737,4.54828e-34
0.846154,0.692308,1,-2.71843e-34,1.08649e-34,-3.00087e-35,0.73259,2.94285e-34
0.923077,0.692308,1,-1.33827e-34,-7.24309e-34,-3.7377e-35,0.751134,7.37516e-34
1,0.692308,1,1.19509e-35,9,1.98342e-35,0.712489,9
0,0.769231,1,-3.55629e-36,1.03553e-35,1.67137e-36,0.114964,1.10758e-35
0.0769231,0.769231,1,-6.23232e-36,-3.04841e-35,1.83005e-36,0.105577,3.11684e-35
0.153846,0.769231,1,-2.80614e-35,-6.59462e-35,6.8629e-37,0.103897,7.16716e-35
0.230769,0.769231,1,-6.48009e-35,-9.58473e-35,-1.40962e-36,0.112845,1.15706e-34
0.307692,0.769231,1,-1.14984e-34,-1.27315e-34,-3.28969e-36,0.138082,1.71584e-34
0.384615,0.769231,1,-1.78973e-34,-1.64739e-34,-5.4013e-36,0.184387,2.43309e-34
0.461538,0.769231,1,-2.57028e-34,-2.107e-34,-8.12913e-36,0.257914,3.32452e-34
0.538462,0.769231,1,-3.47441e-34,-2.65491e-34,-1.21649e-35,0.366075,4.37434e-34
0.615385,0.769231,1,-4.43122e-34,-3.24553e-34,-1.87594e-35,0.516759,5.49585e-34
0.692308,0.769231,1,-5.25928e-34,-3.70091e-34,-2.98929e-35,0.714238,6.43786e-34
0.769231,0.769231,1,-5.58602e-34,-3.44215e-34,-4.88079e-35,0.948692,6.57953e-34
0.846154,0.769231,1,-4.83516e-34,-6.15265e-35,-5.98183e-35,1.17843,4.91071e-34
0.923077,0.769231,1,-2.69609e-34,-9.72605e-34,-6.01555e-35,1.28654,1.01107e-33
1,0.769231,1,5.93034e-36,9,2.24631e-35,1.21013,9
0,0.846154,1,-1.39487e-36,3.29417e-36,1.826e-36,0.118288,4.0164e-36
0.0769231,0.846154,1,-5.95445e-36,-1.58345e-35,8.26864e-37,0.110715,1.69372e-35
0.153846,0.846154,1,-2.71349e-35,-3.65621e-35,-2.85257e-37,0.109248,4.55321e-35
0.230769,0.846154,1,-6.40002e-35,-5.49869e-35,-2.60777e-36,0.118476,8.44179e-35
0.307692,0.846154,1,-1.16042e-34,-7.45685e-35,-4.67131e-36,0.145899,1.38014e-34
0.384615,0.846154,1,-1.8457e-34,-9.86279e-35,-6.9295e-36,0.197942,2.09384e-34
0.461538,0.846154,1,-2.71786e-34,-1.30141e-34,-9.69033e-36,0.283473,3.01494e-34
0.538462,0.846154,1,-3.79854e-34,-1.71995e-34,-1.37342e-35,0.414703,4.17205e-34
0.615385,0.846154,1,-5.08448e-34,-2.26722e-34,-2.11854e-35,0.609087,5.5711e-34
0.692308,0.846154,1,-6.48862e-34,-2.92897e-34,-3.54897e-35,0.890376,7.1279e-34
0.769231,0.846154,1,-7.68866e-34,-3.45245e-34,-7.10477e-35,1.28297,8.45812e-34
0.846154,0.846154,1,-7.82337e-34,-2.4098e-34,-1.35798e-34,1.78385,8.29797e-34
0.923077,0.846154,1,-5.43152e-34,-1.37605e-33,-1.55889e-34,2.14951,1.48756e-33
1,0.846154,1,-9.48682e-36,9,2.34324e-35,2.09427,9
0,0.923077,1,2.93853e-37,-5.21756e-37,9.56732e-37,0.112088,1.12868e-36
0.0769231,0.923077,1,-3.97456e-36,-5.00514e-36,-7.23694e-37,0.107612,6.43213e-36
0.153846,0.923077,1,-1.90838e-35,-1.31869e-35,-2.54014e-36,0.105252,2.33353e-35
0.230769,0.923077,1,-4.73644e-35,-2.07949e-35,-5.5581e-36,0.112744,5.2026e-35
0.307692,0.923077,1,-8.88016e-35,-2.88329e-35,-8.23526e-36,0.138869,9.37277e-35
0.384615,0.923077,1,-1.44935e-34,-3.9005e-35,-1.11551e-35,0.190813,1.50506e-34
0.461538,0.923077,1,-2.1902e-34,-5.3165e-35,-1.45356e-35,0.278953,2.25849e-34
0.538462,0.923077,1,-3.16267e-34,-7.38026e-35,-1.89528e-35,0.418758,3.25316e-34
0.615385,0.923077,1,-4.43973e-34,-1.0507e-34,-2.59951e-35,0.635566,4.56976e-34
0.692308,0.923077,1,-6.10424e-34,-1.5372e-34,-3.53756e-35,0.976621,6.30475e-34
0.769231,0.923077,1,-8.19644e-34,-2.28894e-34,-7.0235e-35,1.51558,8.53899e-34
0.846154,0.923077,1,-1.01997e-33,-2.8681e-34,-2.19201e-34,2.44193,1.08196e-33
0.923077,0.923077,1,-9.66585e-34,-1.86095e-33,-7.40273e-34,3.89785,2.22384e-33
1,0.923077,1,-1.50061e-34,9,-9.05692e-35,4.19318,9
0,1,1,1.07602e-36,-6.18163e-37,-4.61809e-37,0.105882,1.32409e-36
0.0769231,1,1,-8.52165e-37,-9.42051e-37,-6.71829e-37,0.105377,1.43701e-36
0.153846,1,1,-1.16198e-36,-2.43855e-36,-1.65468e-36,0.100221,3.16775e-36
0.230769,1,1,-5.32015e-37,-2.81862e-36,-1.61986e-36,0.105762,3.29418e-36
0.307692,1,1,3.58094e-37,-2.34164e-36,-7.30619e-37,0.129685,2.47898e-36
0.384615,1,1,1.54209e-36,-1.55573e-36,6.18496e-37,0.178682,2.27615e-36
0.461538,1,1,3.62936e-36,-3.61044e-37,2.6766e-36,0.262975,4.52402e-36
0.538462,1,1,7.6803e-36,1.29925e-36,5.68707e-36,0.397803,9.64457e-36
0.615385,1,1,1.60966e-35,3.83066e-36,1.03398e-35,0.609177,1.95112e-35
0.692308,1,1,3.44644e-35,8.23637e-36,1.80456e-35,0.945389,3.97653e-35
0.769231,1,1,8.6204e-35,9.89517e-36,2.43173e-35,1.5002,9.01131e-35
0.846154,1,1,2.50889e-34,3.70506e-35,5.46644e-35,2.61368,2.59434e-34
0.923077,1,1,8.30967e-34,-1.17218e-33,1.48728e-34,5.55557,1.44452e-33
1,1,1,2.38265e-33,9,1.94081e-33,14.2598,9
