Variables=X,Y,Z,u,v,w
Zone   N=2744,E=13182,F=FEPOINT,ET=TRIANGLE
0   0   0   6.21001e-37   -5.75427e-37   -8.59944e-38
0.0769231   0   0   2.92655e-36   -1.2878e-36   -5.90715e-37
0.153846   0   0   4.40804e-36   -3.73057e-36   -2.63313e-36
0.230769   0   0   5.46218e-36   -6.90362e-36   -5.38685e-36
0.307692   0   0   6.49252e-36   -1.1062e-35   -8.95617e-36
0.384615   0   0   7.47769e-36   -1.68773e-35   -1.38433e-35
0.461538   0   0   8.07043e-36   -2.51722e-35   -2.06252e-35
0.538462   0   0   8.61879e-36   -3.67365e-35   -2.98079e-35
0.615385   0   0   8.19774e-37   -6.41116e-35   -5.25598e-35
0.692308   0   0   -1.22789e-35   -8.34343e-35   -6.44087e-35
0.769231   0   0   4.02517e-36   -1.05553e-34   -8.39712e-35
0.846154   0   0   -6.64132e-34   -7.76088e-34   -7.25306e-34
0.923077   0   0   -6.63652e-34   2.60396e-34   1.2757e-33
1   0   0   -8.52443e-35   9   -2.87803e-34
0   0.0769231   0   1.23521e-36   -2.64081e-36   1.45431e-37
0.0769231   0.0769231   0   1.16878e-35   -1.04042e-35   -1.06972e-36
0.153846   0.0769231   0   3.45736e-35   -1.8252e-35   -4.68032e-36
0.230769   0.0769231   0   7.05473e-35   -2.59885e-35   -7.58706e-36
0.307692   0.0769231   0   1.20357e-34   -3.51775e-35   -1.02743e-35
0.384615   0.0769231   0   1.86422e-34   -4.75682e-35   -1.30625e-35
0.461538   0.0769231   0   2.72977e-34   -6.52226e-35   -1.58537e-35
0.538462   0.0769231   0   3.85889e-34   -9.10819e-35   -1.95268e-35
0.615385   0.0769231   0   5.32486e-34   -1.29982e-34   -2.14135e-35
0.692308   0.0769231   0   7.20771e-34   -1.87101e-34   -8.90859e-36
0.769231   0.0769231   0   9.31312e-34   -2.41987e-34   -6.07274e-35
0.846154   0.0769231   0   1.0839e-33   -1.43668e-34   2.20088e-34
0.923077   0.0769231   0   5.66697e-34   -1.86526e-34   4.44434e-34
1   0.0769231   0   -3.49719e-34   9   -4.53915e-34
0   0.153846   0   3.08772e-36   -3.59512e-36   1.70547e-36
0.0769231   0.153846   0   1.72447e-35   -2.94651e-35   1.21107e-36
0.153846   0.153846   0   4.80999e-35   -4.83493e-35   -2.07101e-36
0.230769   0.153846   0   9.42013e-35   -6.70675e-35   -4.02839e-36
0.307692   0.153846   0   1.56107e-34   -8.90025e-35   -5.37262e-36
0.384615   0.153846   0   2.35711e-34   -1.17156e-34   -6.28738e-36
0.461538   0.153846   0   3.3535e-34   -1.54256e-34   -6.70012e-36
0.538462   0.153846   0   4.56123e-34   -2.02717e-34   -6.0619e-36
0.615385   0.153846   0   5.94334e-34   -2.63006e-34   -1.96937e-36
0.692308   0.153846   0   7.31331e-34   -3.23065e-34   1.99909e-36
0.769231   0.153846   0   8.10709e-34   -3.14271e-34   3.02842e-35
0.846154   0.153846   0   6.80555e-34   1.26998e-34   8.93415e-35
0.923077   0.153846   0   2.54674e-34   5.39958e-34   2.50361e-35
1   0.153846   0   9.74745e-35   9   -4.43445e-34
0   0.230769   0   4.58537e-36   -3.55402e-36   3.25578e-36
0.0769231   0.230769   0   1.80775e-35   -5.40734e-35   2.41914e-36
0.153846   0.230769   0   4.93312e-35   -8.49738e-35   -3.25988e-37
0.230769   0.230769   0   9.44436e-35   -1.15152e-34   -1.44273e-36
0.307692   0.230769   0   1.53186e-34   -1.49805e-34   -1.80811e-36
0.384615   0.230769   0   2.26024e-34   -1.92122e-34   -1.59876e-36
0.461538   0.230769   0   3.12381e-34   -2.43308e-34   -6.92498e-37
0.538462   0.230769   0   4.07983e-34   -3.0109e-34   1.37047e-36
0.615385   0.230769   0   5.00108e-34   -3.5445e-34   4.68694e-36
0.692308   0.230769   0   5.59953e-34   -3.67048e-34   1.11957e-35
0.769231   0.230769   0   5.33499e-34   -2.22625e-34   1.98776e-35
0.846154   0.230769   0   3.59735e-34   4.68506e-34   1.08649e-35
0.923077   0.230769   0   1.06017e-34   9.32064e-34   -4.05541e-35
1   0.230769   0   1.39475e-35   9   -1.52106e-34
0   0.307692   0   5.34256e-36   -2.98532e-36   4.31366e-36
0.0769231   0.307692   0   1.48545e-35   -7.79671e-35   2.39965e-36
0.153846   0.307692   0   4.02612e-35   -1.19419e-34   4.17336e-37
0.230769   0.307692   0   7.6126e-35   -1.59022e-34   3.56728e-38
0.307692   0.307692   0   1.21638e-34   -2.03442e-34   3.36303e-37
0.384615   0.307692   0   1.7619e-34   -2.55217e-34   1.14232e-36
0.461538   0.307692   0   2.37573e-34   -3.12739e-34   2.49159e-36
0.538462   0.307692   0   2.9957e-34   -3.67563e-34   4.42866e-36
0.615385   0.307692   0   3.48778e-34   -3.97468e-34   6.89784e-36
0.692308   0.307692   0   3.61994e-34   -3.49554e-34   9.07885e-36
0.769231   0.307692   0   3.10266e-34   -9.61876e-35   6.84083e-36
0.846154   0.307692   0   1.84346e-34   7.09315e-34   -7.22932e-36
0.923077   0.307692   0   4.96724e-35   1.12618e-33   -2.36852e-35
1   0.307692   0   -1.74717e-36   9   -8.15179e-35
0   0.384615   0   5.2494e-36   -2.19433e-36   4.67794e-36
0.0769231   0.384615   0   8.8211e-36   -9.5672e-35   1.50372e-36
0.153846   0.384615   0   2.39608e-35   -1.44471e-34   5.05387e-37
0.230769   0.384615   0   4.50505e-35   -1.90254e-34   8.03304e-37
0.307692   0.384615   0   7.13418e-35   -2.40625e-34   1.59382e-36
0.384615   0.384615   0   1.02085e-34   -2.97293e-34   2.73425e-36
0.461538   0.384615   0   1.35348e-34   -3.56072e-34   4.22561e-36
0.538462   0.384615   0   1.66593e-34   -4.03734e-34   5.90189e-36
0.615385   0.384615   0   1.87309e-34   -4.11053e-34   7.20286e-36
0.692308   0.384615   0   1.852e-34   -3.18652e-34   7.1564e-36
0.769231   0.384615   0   1.49153e-34   -3.57446e-36   3.50027e-36
0.846154   0.384615   0   8.26782e-35   8.4591e-34   -5.23098e-36
0.923077   0.384615   0   2.03457e-35   1.22209e-33   -1.41968e-35
1   0.384615   0   -1.16701e-35   9   -4.66544e-35
0   0.461538   0   4.3562e-36   -1.38526e-36   4.32098e-36
0.0769231   0.461538   0   1.29437e-36   -1.03552e-34   1.31131e-37
0.153846   0.461538   0   3.76877e-36   -1.55441e-34   2.48679e-37
0.230769   0.461538   0   7.18264e-36   -2.03753e-34   1.16382e-36
0.307692   0.461538   0   1.13962e-35   -2.56453e-34   2.33582e-36
0.384615   0.461538   0   1.62836e-35   -3.14798e-34   3.73911e-36
0.461538   0.461538   0   2.15025e-35   -3.7339e-34   5.32493e-36
0.538462   0.461538   0   2.623e-35   -4.16919e-34   6.769e-36
0.615385   0.461538   0   2.90702e-35   -4.1343e-34   7.97724e-36
0.692308   0.461538   0   2.81215e-35   -3.02088e-34   8.32957e-36
0.769231   0.461538   0   2.17813e-35   3.57851e-35   5.81351e-36
0.846154   0.461538   0   1.12707e-35   8.98093e-34   7.3598e-37
0.923077   0.461538   0   2.09918e-36   1.25668e-33   -5.17941e-36
1   0.461538   0   -1.80575e-35   9   -3.10264e-35
0   0.538462   0   2.82698e-36   -7.15369e-37   3.33737e-36
0.0769231   0.538462   0   -6.44473e-36   -1.00085e-34   -1.29053e-36
0.153846   0.538462   0   -1.7021e-35   -1.50401e-34   -4.17268e-38
0.230769   0.538462   0   -3.17388e-35   -1.97513e-34   1.40801e-36
0.307692   0.538462   0   -5.00302e-35   -2.49172e-34   2.8934e-36
0.384615   0.538462   0   -7.12633e-35   -3.0684e-34   4.52619e-36
0.461538   0.538462   0   -9.39769e-35   -3.65658e-34   6.28106e-36
0.538462   0.538462   0   -1.14844e-34   -4.11185e-34   8.32284e-36
0.615385   0.538462   0   -1.27943e-34   -4.12559e-34   1.055e-35
0.692308   0.538462   0   -1.25329e-34   -3.09807e-34   1.07354e-35
0.769231   0.538462   0   -1.00334e-34   1.79632e-35   9.44572e-36
0.846154   0.538462   0   -5.5656e-35   8.75545e-34   9.81962e-36
0.923077   0.538462   0   -1.52218e-35   1.24335e-33   4.40047e-36
1   0.538462   0   -2.71461e-35   9   -2.14952e-35
0   0.615385   0   9.32044e-37   -3.25443e-37   1.92633e-36
0.0769231   0.615385   0   -1.31259e-35   -8.59156e-35   -2.34449e-36
0.153846   0.615385   0   -3.51303e-35   -1.30205e-34   -8.87955e-38
0.230769   0.615385   0   -6.60248e-35   -1.72423e-34   1.76479e-36
0.307692   0.615385   0   -1.0495e-34   -2.19542e-34   3.46734e-36
0.384615   0.615385   0   -1.5107e-34   -2.73752e-34   5.3801e-36
0.461538   0.615385   0   -2.02035e-34   -3.3234e-34   7.614e-36
0.538462   0.615385   0   -2.51691e-34   -3.84793e-34   1.04696e-35
0.615385   0.615385   0   -2.88392e-34   -4.05521e-34   1.24183e-35
0.692308   0.615385   0   -2.92606e-34   -3.37693e-34   1.57487e-35
0.769231   0.615385   0   -2.44156e-34   -5.33272e-35   2.40814e-35
0.846154   0.615385   0   -1.41649e-34   7.75497e-34   2.66856e-35
0.923077   0.615385   0   -4.03565e-35   1.17491e-33   8.45434e-36
1   0.615385   0   -3.69026e-35   9   -1.73775e-35
0   0.692308   0   -9.0196e-37   -2.95357e-37   4.29098e-37
0.0769231   0.692308   0   -1.74455e-35   -6.38301e-35   -2.64894e-36
0.153846   0.692308   0   -4.72143e-35   -9.84858e-35   3.47991e-37
0.230769   0.692308   0   -8.97568e-35   -1.32358e-34   2.42501e-36
0.307692   0.692308   0   -1.44601e-34   -1.71097e-34   4.29341e-36
0.384615   0.692308   0   -2.11657e-34   -2.17701e-34   6.59115e-36
0.461538   0.692308   0   -2.89598e-34   -2.72462e-34   9.05841e-36
0.538462   0.692308   0   -3.72529e-34   -3.30854e-34   1.28575e-35
0.615385   0.692308   0   -4.46839e-34   -3.76738e-34   1.77444e-35
0.692308   0.692308   0   -4.81552e-34   -3.65165e-34   3.14945e-35
0.769231   0.692308   0   -4.396e-34   -1.71892e-34   2.94127e-35
0.846154   0.692308   0   -2.8144e-34   5.73052e-34   2.35263e-35
0.923077   0.692308   0   -8.72275e-35   1.03301e-33   2.02917e-35
1   0.692308   0   -9.01934e-35   9   1.16941e-35
0   0.769231   0   -2.2852e-36   -7.03438e-37   -8.67707e-37
0.0769231   0.769231   0   -1.81237e-35   -3.86467e-35   -2.02124e-36
0.153846   0.769231   0   -5.00197e-35   -6.15954e-35   1.30543e-36
0.230769   0.769231   0   -9.69271e-35   -8.45165e-35   3.41665e-36
0.307692   0.769231   0   -1.59202e-34   -1.1135e-34   5.43685e-36
0.384615   0.769231   0   -2.38243e-34   -1.45332e-34   7.89194e-36
0.461538   0.769231   0   -3.35476e-34   -1.89024e-34   1.04212e-35
0.538462   0.769231   0   -4.49038e-34   -2.43655e-34   1.64437e-35
0.615385   0.769231   0   -5.71796e-34   -3.06508e-34   2.07567e-35
0.692308   0.769231   0   -6.73874e-34   -3.57478e-34   3.24787e-35
0.769231   0.769231   0   -7.05519e-34   -2.97708e-34   2.38379e-35
0.846154   0.769231   0   -5.12953e-34   2.83905e-34   1.45969e-34
0.923077   0.769231   0   -1.8344e-34   7.92451e-34   1.08376e-34
1   0.769231   0   -1.04972e-34   9   -1.60908e-35
0   0.846154   0   -2.42461e-36   -1.24122e-36   -1.29156e-36
0.0769231   0.846154   0   -1.41837e-35   -1.64921e-35   -2.2246e-37
0.153846   0.846154   0   -4.09946e-35   -2.77955e-35   2.86564e-36
0.230769   0.846154   0   -8.22268e-35   -3.90588e-35   5.02858e-36
0.307692   0.846154   0   -1.3872e-34   -5.24542e-35   7.35244e-36
0.384615   0.846154   0   -2.12996e-34   -7.03112e-35   1.00053e-35
0.461538   0.846154   0   -3.08972e-34   -9.51749e-35   1.35402e-35
0.538462   0.846154   0   -4.31426e-34   -1.30586e-34   1.99556e-35
0.615385   0.846154   0   -5.86896e-34   -1.82136e-34   2.22355e-35
0.692308   0.846154   0   -7.62777e-34   -2.48919e-34   6.25877e-35
0.769231   0.846154   0   -9.43295e-34   -3.01831e-34   8.96179e-35
0.846154   0.846154   0   -8.75825e-34   -8.45327e-35   2.4208e-34
0.923077   0.846154   0   -4.78007e-34   1.39093e-34   -3.31819e-34
1   0.846154   0   -9.8341e-35   9   -3.45883e-36
0   0.923077   0   -8.4542e-37   -7.8662e-37   -4.25017e-37
0.0769231   0.923077   0   -6.03788e-36   -3.42135e-36   5.55173e-37
0.153846   0.923077   0   -1.94713e-35   -6.21192e-36   2.563e-36
0.230769   0.923077   0   -4.13855e-35   -8.93823e-36   4.26721e-36
0.307692   0.923077   0   -7.21768e-35   -1.22525e-35   5.95348e-36
0.384615   0.923077   0   -1.13576e-34   -1.69504e-35   7.62016e-36
0.461538   0.923077   0   -1.68737e-34   -2.40451e-35   9.83986e-36
0.538462   0.923077   0   -2.43798e-34   -3.54141e-35   1.04567e-35
0.615385   0.923077   0   -3.47604e-34   -5.51713e-35   1.25514e-35
0.692308   0.923077   0   -4.79222e-34   -8.61854e-35   4.12211e-35
0.769231   0.923077   0   -7.52142e-34   -1.68843e-34   -9.67889e-35
0.846154   0.923077   0   -8.19057e-34   -1.90549e-34   2.33032e-34
0.923077   0.923077   0   -7.96174e-34   -2.07506e-34   7.1973e-34
1   0.923077   0   -2.73963e-33   9   1.66623e-33
0   1   0   -6.89859e-37   1.18144e-36   -5.10218e-37
0.0769231   1   0   -3.83777e-37   1.88771e-37   9.07485e-37
0.153846   1   0   4.19817e-36   -1.97228e-36   2.02508e-36
0.230769   1   0   1.35955e-35   -4.99916e-36   2.24028e-36
0.307692   1   0   2.74117e-35   -8.64734e-36   1.69121e-36
0.384615   1   0   4.63988e-35   -1.36694e-35   9.71692e-37
0.461538   1   0   7.24755e-35   -2.06133e-35   -1.97503e-38
0.538462   1   0   1.08467e-34   -3.04014e-35   -1.18673e-36
0.615385   1   0   1.63131e-34   -5.23562e-35   3.15688e-36
0.692308   1   0   2.53338e-34   -8.72186e-35   3.57713e-36
0.769231   1   0   3.29006e-34   -2.75336e-35   -5.14537e-35
0.846154   1   0   9.52255e-34   -1.10849e-33   6.29835e-34
0.923077   1   0   1.71115e-33   -9.39917e-34   -1.3201e-33
1   1   0   1.06517e-33   9   -2.32271e-33
0   0   0.0769231   1.11577e-36   -6.84511e-37   -1.31695e-37
0.0769231   0   0.0769231   1.11654e-35   -3.71772e-36   -2.24749e-36
0.153846   0   0.0769231   3.39845e-35   -9.87661e-36   -5.10074e-36
0.230769   0   0.0769231   7.09866e-35   -1.46688e-35   -8.11508e-36
0.307692   0   0.0769231   1.22772e-34   -2.00661e-35   -1.1095e-35
0.384615   0   0.0769231   1.92103e-34   -2.75804e-35   -1.41006e-35
0.461538   0   0.0769231   2.84142e-34   -3.8866e-35   -1.72284e-35
0.538462   0   0.0769231   4.08753e-34   -5.54696e-35   -2.05022e-35
0.615385   0   0.0769231   5.7505e-34   -8.99211e-35   -2.39563e-35
0.692308   0   0.0769231   8.05602e-34   -1.35658e-34   -2.80542e-35
0.769231   0   0.0769231   1.2169e-33   -1.72208e-34   -2.97835e-35
0.846154   0   0.0769231   1.09966e-33   -8.95712e-34   -4.82847e-35
0.923077   0   0.0769231   2.26316e-34   -2.22409e-34   -2.85169e-35
1   0   0.0769231   -4.5204e-33   9   -2.80723e-34
0   0.0769231   0.0769231   4.38315e-36   -9.57369e-36   -7.46159e-37
0.0769231   0.0769231   0.0769231   0.00871554   -0.00752889   -0.00145239
0.153846   0.0769231   0.0769231   0.0375444   -0.0170115   -0.00509135
0.230769   0.0769231   0.0769231   0.0874734   -0.0255015   -0.00882715
0.307692   0.0769231   0.0769231   0.158672   -0.0348933   -0.0124705
0.384615   0.0769231   0.0769231   0.254336   -0.0472384   -0.0161836
0.461538   0.0769231   0.0769231   0.380907   -0.0648192   -0.0201521
0.538462   0.0769231   0.0769231   0.549004   -0.0909304   -0.0244916
0.615385   0.0769231   0.0769231   0.774649   -0.131198   -0.0291866
0.692308   0.0769231   0.0769231   1.07422   -0.198494   -0.035377
0.769231   0.0769231   0.0769231   1.51052   -0.300816   -0.0378967
0.846154   0.0769231   0.0769231   2.01364   -0.398668   -0.0393374
0.923077   0.0769231   0.0769231   1.7386   0.0121025   -0.107789
1   0.0769231   0.0769231   1.45583e-33   9   -3.15561e-34
0   0.153846   0.0769231   9.52695e-36   -2.78356e-35   5.82117e-37
0.0769231   0.153846   0.0769231   0.0170529   -0.0320766   0.000398868
0.153846   0.153846   0.0769231   0.0635888   -0.0615897   -0.00333095
0.230769   0.153846   0.0769231   0.137577   -0.089257   -0.00695488
0.307692   0.153846   0.0769231   0.239634   -0.119997   -0.0102699
0.384615   0.153846   0.0769231   0.373182   -0.158778   -0.0134343
0.461538   0.153846   0.0769231   0.543619   -0.210343   -0.0166132
0.538462   0.153846   0.0769231   0.756763   -0.279781   -0.0199721
0.615385   0.153846   0.0769231   1.01435   -0.372695   -0.02387
0.692308   0.153846   0.0769231   1.30606   -0.489074   -0.0287515
0.769231   0.153846   0.0769231   1.57058   -0.586264   -0.0355537
0.846154   0.153846   0.0769231   1.55413   -0.425879   -0.0587002
0.923077   0.153846   0.0769231   0.815925   1.48372   -0.0982432
1   0.153846   0.0769231   5.48087e-34   9   -4.71665e-35
0   0.230769   0.0769231   1.06763e-35   -5.24353e-35   1.72509e-36
0.0769231   0.230769   0.0769231   0.0198924   -0.0689779   0.00212817
0.153846   0.230769   0.0769231   0.0717743   -0.122167   -0.00107141
0.230769   0.230769   0.0769231   0.150545   -0.171732   -0.00404827
0.307692   0.230769   0.0769231   0.255594   -0.226456   -0.00656468
0.384615   0.230769   0.0769231   0.388574   -0.29279   -0.00882067
0.461538   0.230769   0.0769231   0.550604   -0.374756   -0.0110265
0.538462   0.230769   0.0769231   0.738419   -0.472735   -0.0134574
0.615385   0.230769   0.0769231   0.93729   -0.578417   -0.0166153
0.692308   0.230769   0.0769231   1.10642   -0.656589   -0.0215956
0.769231   0.230769   0.0769231   1.15226   -0.587685   -0.031703
0.846154   0.230769   0.0769231   0.917684   0.0375363   -0.0525871
0.923077   0.230769   0.0769231   0.380215   2.44525   -0.072137
1   0.230769   0.0769231   1.59159e-34   9   -4.74517e-35
0   0.307692   0.0769231   9.02299e-36   -7.6603e-35   2.00386e-36
0.0769231   0.307692   0.0769231   0.0177715   -0.107964   0.00270933
0.153846   0.307692   0.0769231   0.0635153   -0.183804   0.000289267
0.230769   0.307692   0.0769231   0.131279   -0.252764   -0.00193083
0.307692   0.307692   0.0769231   0.219199   -0.327621   -0.00369613
0.384615   0.307692   0.0769231   0.326952   -0.414861   -0.00520174
0.461538   0.307692   0.0769231   0.452197   -0.515022   -0.00667255
0.538462   0.307692   0.0769231   0.586397   -0.619543   -0.00841293
0.615385   0.307692   0.0769231   0.708517   -0.701768   -0.0109686
0.692308   0.307692   0.0769231   0.776983   -0.694726   -0.0154905
0.769231   0.307692   0.0769231   0.727838   -0.43554   -0.0239602
0.846154   0.307692   0.0769231   0.508901   0.465908   -0.0372797
0.923077   0.307692   0.0769231   0.184762   2.96946   -0.0467537
1   0.307692   0.0769231   6.9983e-35   9   -2.87895e-35
0   0.384615   0.0769231   5.55314e-36   -9.45928e-35   1.438e-36
0.0769231   0.384615   0.0769231   0.0120502   -0.139599   0.00214053
0.153846   0.384615   0.0769231   0.0429935   -0.232981   0.000640013
0.230769   0.384615   0.0769231   0.0882329   -0.315959   -0.000729723
0.307692   0.384615   0.0769231   0.1458   -0.404412   -0.00178315
0.384615   0.384615   0.0769231   0.214587   -0.504159   -0.0026558
0.461538   0.384615   0.0769231   0.291516   -0.611724   -0.00351944
0.538462   0.384615   0.0769231   0.368623   -0.710105   -0.00460295
0.615385   0.384615   0.0769231   0.429585   -0.758695   -0.00629366
0.692308   0.384615   0.0769231   0.447747   -0.673224   -0.00927432
0.769231   0.384615   0.0769231   0.392646   -0.28604   -0.0143571
0.846154   0.384615   0.0769231   0.254645   0.744075   -0.0215245
0.923077   0.384615   0.0769231   0.0859087   3.24313   -0.0258544
1   0.384615   0.0769231   3.26183e-35   9   -1.59988e-35
0   0.461538   0.0769231   1.12476e-36   -1.02626e-34   3.43754e-37
0.0769231   0.461538   0.0769231   0.00420533   -0.157168   0.000788897
0.153846   0.461538   0.0769231   0.015123   -0.26005   0.000282834
0.230769   0.461538   0.0769231   0.0310036   -0.350289   -0.00015954
0.307692   0.461538   0.0769231   0.0509755   -0.445409   -0.000503145
0.384615   0.461538   0.0769231   0.0745081   -0.550655   -0.000790084
0.461538   0.461538   0.0769231   0.100246   -0.659999   -0.00107995
0.538462   0.461538   0.0769231   0.125042   -0.75162   -0.0014501
0.615385   0.461538   0.0769231   0.14286   -0.778128   -0.00204854
0.692308   0.461538   0.0769231   0.144934   -0.649494   -0.00307123
0.769231   0.461538   0.0769231   0.123004   -0.2023   -0.00466502
0.846154   0.461538   0.0769231   0.0769764   0.876614   -0.00680054
0.923077   0.461538   0.0769231   0.0254683   3.36222   -0.00785114
1   0.461538   0.0769231   1.42553e-35   9   -6.56697e-36
0   0.538462   0.0769231   -3.48148e-36   -9.91299e-35   -8.53232e-37
0.0769231   0.538462   0.0769231   -0.00432919   -0.157243   -0.00083021
0.153846   0.538462   0.0769231   -0.0151747   -0.260084   -0.000315481
0.230769   0.538462   0.0769231   -0.0309108   -0.350323   0.000197476
0.307692   0.538462   0.0769231   -0.0508106   -0.445468   0.000569379
0.384615   0.538462   0.0769231   -0.0742554   -0.550741   0.000863828
0.461538   0.538462   0.0769231   -0.0999086   -0.660092   0.00115182
0.538462   0.538462   0.0769231   -0.124737   -0.7517   0.00150514
0.615385   0.538462   0.0769231   -0.142983   -0.7781   0.00206025
0.692308   0.538462   0.0769231   -0.145719   -0.648981   0.0031529
0.769231   0.538462   0.0769231   -0.124394   -0.201418   0.00503166
0.846154   0.538462   0.0769231   -0.0783937   0.876743   0.00754535
0.923077   0.538462   0.0769231   -0.0247167   3.36167   0.00929779
1   0.538462   0.0769231   3.89185e-36   9   1.76207e-36
0   0.615385   0.0769231   -7.51479e-36   -8.47823e-35   -1.71358e-36
0.0769231   0.615385   0.0769231   -0.0121504   -0.139801   -0.0021633
0.153846   0.615385   0.0769231   -0.0430466   -0.233061   -0.000646306
0.230769   0.615385   0.0769231   -0.0881906   -0.316038   0.000787286
0.307692   0.615385   0.0769231   -0.145707   -0.404562   0.00187378
0.384615   0.615385   0.0769231   -0.214411   -0.504413   0.0027652
0.461538   0.615385   0.0769231   -0.291195   -0.612072   0.00364241
0.538462   0.615385   0.0769231   -0.368247   -0.710357   0.00471838
0.615385   0.615385   0.0769231   -0.429094   -0.758339   0.00645768
0.692308   0.615385   0.0769231   -0.447846   -0.671921   0.00941776
0.769231   0.615385   0.0769231   -0.394508   -0.285349   0.0143406
0.846154   0.615385   0.0769231   -0.257   0.742922   0.0219377
0.923077   0.615385   0.0769231   -0.0842091   3.24247   0.0279805
1   0.615385   0.0769231   -5.25622e-36   9   1.03782e-35
0   0.692308   0.0769231   -1.01598e-35   -6.24741e-35   -1.86699e-36
0.0769231   0.692308   0.0769231   -0.0178221   -0.108224   -0.00269791
0.153846   0.692308   0.0769231   -0.0635681   -0.183873   -0.000248386
0.230769   0.692308   0.0769231   -0.131321   -0.252831   0.00202183
0.307692   0.692308   0.0769231   -0.219235   -0.32779   0.00382821
0.384615   0.692308   0.0769231   -0.32698   -0.415215   0.00536952
0.461538   0.692308   0.0769231   -0.452029   -0.515604   0.00690772
0.538462   0.692308   0.0769231   -0.585958   -0.620262   0.00868344
0.615385   0.692308   0.0769231   -0.707062   -0.702529   0.0113024
0.692308   0.692308   0.0769231   -0.776477   -0.694538   0.0154545
0.769231   0.692308   0.0769231   -0.728106   -0.431506   0.0241922
0.846154   0.692308   0.0769231   -0.513638   0.47397   0.0382139
0.923077   0.692308   0.0769231   -0.182948   2.96719   0.0508554
1   0.692308   0.0769231   -3.35631e-35   9   2.40148e-35
0   0.769231   0.0769231   -1.06939e-35   -3.72493e-35   -1.15131e-36
0.0769231   0.769231   0.0769231   -0.0198554   -0.0691717   -0.00206636
0.153846   0.769231   0.0769231   -0.0718243   -0.122151   0.00117327
0.230769   0.769231   0.0769231   -0.150668   -0.171701   0.0041838
0.307692   0.769231   0.0769231   -0.255776   -0.226504   0.00675667
0.384615   0.769231   0.0769231   -0.388862   -0.293017   0.00908318
0.461538   0.769231   0.0769231   -0.550756   -0.375323   0.0114276
0.538462   0.769231   0.0769231   -0.738743   -0.474017   0.0139025
0.615385   0.769231   0.0769231   -0.936009   -0.580369   0.0174185
0.692308   0.769231   0.0769231   -1.10405   -0.657167   0.0226172
0.769231   0.769231   0.0769231   -1.14191   -0.581878   0.0338353
0.846154   0.769231   0.0769231   -0.935211   0.0436737   0.0473116
0.923077   0.769231   0.0769231   -0.375096   2.42569   0.0761507
1   0.769231   0.0769231   -6.73788e-35   9   3.86361e-35
0   0.846154   0.0769231   -8.11311e-36   -1.56545e-35   1.11657e-37
0.0769231   0.846154   0.0769231   -0.0169435   -0.0322067   -0.000334863
0.153846   0.846154   0.0769231   -0.0636396   -0.0615313   0.00343631
0.230769   0.846154   0.0769231   -0.13773   -0.089147   0.0070784
0.307692   0.846154   0.0769231   -0.239888   -0.119897   0.0104549
0.384615   0.846154   0.0769231   -0.373625   -0.158764   0.013708
0.461538   0.846154   0.0769231   -0.544295   -0.210603   0.0170318
0.538462   0.846154   0.0769231   -0.758267   -0.280789   0.0205093
0.615385   0.846154   0.0769231   -1.01454   -0.375346   0.0249577
0.692308   0.846154   0.0769231   -1.30634   -0.498145   0.0290319
0.769231   0.846154   0.0769231   -1.55165   -0.609036   0.0379092
0.846154   0.846154   0.0769231   -1.5806   -0.40959   0.0518734
0.923077   0.846154   0.0769231   -0.743776   1.60064   0.12075
1   0.846154   0.0769231   -1.64201e-34   9   5.71923e-35
0   0.923077   0.0769231   -2.29815e-36   -2.81965e-36   8.37435e-37
0.0769231   0.923077   0.0769231   -0.00860749   -0.00732008   0.00153324
0.153846   0.923077   0.0769231   -0.0375998   -0.0166433   0.00522594
0.230769   0.923077   0.0769231   -0.0876139   -0.0250348   0.00896949
0.307692   0.923077   0.0769231   -0.158898   -0.034269   0.0126695
0.384615   0.923077   0.0769231   -0.254716   -0.0463759   0.0164896
0.461538   0.923077   0.0769231   -0.381755   -0.0635932   0.0206344
0.538462   0.923077   0.0769231   -0.550283   -0.0889705   0.0253536
0.615385   0.923077   0.0769231   -0.776657   -0.129032   0.0309303
0.692308   0.923077   0.0769231   -1.09186   -0.194783   0.0369832
0.769231   0.923077   0.0769231   -1.48238   -0.287001   0.048636
0.846154   0.923077   0.0769231   -2.03184   -0.465665   0.0436991
0.923077   0.923077   0.0769231   -1.7525   0.00241656   0.0731358
1   0.923077   0.0769231   -2.16615e-33   9   2.36094e-34
0   1   0.0769231   3.54535e-37   9.1452e-38   -4.31272e-37
0.0769231   1   0.0769231   -1.38268e-36   1.42365e-36   3.53486e-37
0.153846   1   0.0769231   -1.01123e-35   -1.287e-36   1.94722e-36
0.230769   1   0.0769231   -2.71324e-35   -2.78089e-36   3.61095e-36
0.307692   1   0.0769231   -5.2802e-35   -4.22913e-36   5.30976e-36
0.384615   1   0.0769231   -8.81482e-35   -6.39068e-36   7.11811e-36
0.461538   1   0.0769231   -1.35711e-34   -1.01538e-35   9.15011e-36
0.538462   1   0.0769231   -2.00048e-34   -1.64372e-35   1.16469e-35
0.615385   1   0.0769231   -2.89798e-34   -3.31252e-35   1.49581e-35
0.692308   1   0.0769231   -4.17617e-34   -5.60453e-35   2.13287e-35
0.769231   1   0.0769231   -6.01352e-34   -1.07377e-34   1.46499e-35
0.846154   1   0.0769231   -9.97743e-34   -6.31002e-34   1.06642e-34
0.923077   1   0.0769231   -8.82928e-34   -3.41425e-33   -7.49714e-35
1   1   0.0769231   3.05324e-33   9   -4.10251e-35
0   0   0.153846   1.55338e-36   -9.63837e-37   1.68236e-39
0.0769231   0   0.153846   1.59315e-35   -6.50344e-36   -4.3589e-36
0.153846   0   0.153846   4.79511e-35   -1.66915e-35   -9.04562e-36
0.230769   0   0.153846   9.91984e-35   -2.45339e-35   -1.41165e-35
0.307692   0   0.153846   1.70123e-34   -3.31945e-35   -1.91731e-35
0.384615   0   0.153846   2.6396e-34   -4.45392e-35   -2.41767e-35
0.461538   0   0.153846   3.86609e-34   -6.04531e-35   -2.91819e-35
0.538462   0   0.153846   5.48738e-34   -8.19898e-35   -3.42461e-35
0.615385   0   0.153846   7.59164e-34   -1.23271e-34   -3.95231e-35
0.692308   0   0.153846   1.03663e-33   -1.73939e-34   -4.51199e-35
0.769231   0   0.153846   1.49446e-33   -1.82624e-34   -5.25234e-35
0.846154   0   0.153846   1.33633e-33   -9.65556e-34   -6.18852e-35
0.923077   0   0.153846   4.80124e-34   1.51502e-34   -5.88335e-35
1   0   0.153846   -4.25521e-33   9   5.79229e-35
0   0.0769231   0.153846   7.14006e-36   -1.44395e-35   -1.61464e-36
0.0769231   0.0769231   0.153846   0.0150189   -0.0138466   -0.00398185
0.153846   0.0769231   0.153846   0.0612203   -0.0312865   -0.0112791
0.230769   0.0769231   0.153846   0.138868   -0.047026   -0.01933
0.307692   0.0769231   0.153846   0.247967   -0.0638706   -0.0272948
0.384615   0.0769231   0.153846   0.392786   -0.0847383   -0.0351677
0.461538   0.0769231   0.153846   0.581425   -0.112488   -0.0431
0.538462   0.0769231   0.153846   0.826159   -0.150572   -0.051203
0.615385   0.0769231   0.153846   1.14373   -0.204103   -0.0596996
0.692308   0.0769231   0.153846   1.54657   -0.281706   -0.0686088
0.769231   0.0769231   0.153846   2.07877   -0.377154   -0.0785554
0.846154   0.0769231   0.153846   2.59771   -0.416787   -0.0992322
0.923077   0.0769231   0.153846   2.09062   0.250082   -0.106877
1   0.0769231   0.153846   1.82819e-33   9   -2.70108e-35
0   0.153846   0.153846   1.55921e-35   -4.13126e-35   2.77386e-37
0.0769231   0.153846   0.153846   0.0299845   -0.055176   -0.00107205
0.153846   0.153846   0.153846   0.107319   -0.108578   -0.00890545
0.230769   0.153846   0.153846   0.226897   -0.158771   -0.0175135
0.307692   0.153846   0.153846   0.389764   -0.212644   -0.0257502
0.384615   0.153846   0.153846   0.600541   -0.27712   -0.0336335
0.461538   0.153846   0.153846   0.86558   -0.357704   -0.0414605
0.538462   0.153846   0.153846   1.18986   -0.458193   -0.0497094
0.615385   0.153846   0.153846   1.56915   -0.578499   -0.0592736
0.692308   0.153846   0.153846   1.97465   -0.701244   -0.0718845
0.769231   0.153846   0.153846   2.29743   -0.739034   -0.0920139
0.846154   0.153846   0.153846   2.18064   -0.335476   -0.125172
0.923077   0.153846   0.153846   1.11425   2.0381   -0.146081
1   0.153846   0.153846   9.01079e-34   9   -7.69529e-35
0   0.230769   0.153846   1.74202e-35   -7.68417e-35   2.14214e-36
0.0769231   0.230769   0.153846   0.0354246   -0.114947   0.00255584
0.153846   0.230769   0.153846   0.123264   -0.210238   -0.00400252
0.230769   0.230769   0.153846   0.253072   -0.29911   -0.0113106
0.307692   0.230769   0.153846   0.424261   -0.393874   -0.0179989
0.384615   0.230769   0.153846   0.638846   -0.503249   -0.0241959
0.461538   0.230769   0.153846   0.896894   -0.630623   -0.0303785
0.538462   0.230769   0.153846   1.19027   -0.770758   -0.0373079
0.615385   0.230769   0.153846   1.49132   -0.900099   -0.0463371
0.692308   0.230769   0.153846   1.73152   -0.94828   -0.0600169
0.769231   0.230769   0.153846   1.7673   -0.719387   -0.0824633
0.846154   0.230769   0.153846   1.38323   0.322565   -0.114145
0.923077   0.230769   0.153846   0.572364   3.27475   -0.126519
1   0.230769   0.153846   3.33027e-34   9   -6.62825e-35
0   0.307692   0.153846   1.47776e-35   -1.11364e-34   2.7642e-36
0.0769231   0.307692   0.153846   0.0319324   -0.176987   0.00428913
0.153846   0.307692   0.153846   0.110198   -0.312184   -0.000470897
0.230769   0.307692   0.153846   0.223064   -0.43532   -0.00595332
0.307692   0.307692   0.153846   0.368049   -0.564409   -0.0107932
0.384615   0.307692   0.153846   0.544236   -0.707895   -0.0151586
0.461538   0.307692   0.153846   0.746758   -0.863109   -0.0195755
0.538462   0.307692   0.153846   0.960235   -1.01012   -0.0248379
0.615385   0.307692   0.153846   1.14923   -1.09701   -0.0322596
0.692308   0.307692   0.153846   1.24722   -1.00741   -0.0439468
0.769231   0.307692   0.153846   1.15732   -0.492966   -0.0621477
0.846154   0.307692   0.153846   0.807021   0.928914   -0.0847642
0.923077   0.307692   0.153846   0.29597   3.97289   -0.0900651
1   0.307692   0.153846   1.71756e-34   9   -4.89514e-35
0   0.384615   0.153846   9.11736e-36   -1.36881e-34   2.04537e-36
0.0769231   0.384615   0.153846   0.0217853   -0.226951   0.00371905
0.153846   0.384615   0.153846   0.0750553   -0.393034   0.000865336
0.230769   0.384615   0.153846   0.150834   -0.541048   -0.00253352
0.307692   0.384615   0.153846   0.246403   -0.693471   -0.00547158
0.384615   0.384615   0.153846   0.359758   -0.857526   -0.00807588
0.461538   0.384615   0.153846   0.485355   -1.02396   -0.0107466
0.538462   0.384615   0.153846   0.609576   -1.15945   -0.0140618
0.615385   0.384615   0.153846   0.705591   -1.19095   -0.018905
0.692308   0.384615   0.153846   0.731094   -0.978218   -0.0264929
0.769231   0.384615   0.153846   0.639349   -0.272228   -0.0377597
0.846154   0.384615   0.153846   0.417035   1.32929   -0.0507783
0.923077   0.384615   0.153846   0.143236   4.35043   -0.0526113
1   0.384615   0.153846   8.4323e-35   9   -3.03265e-35
0   0.461538   0.153846   1.8092e-36   -1.48177e-34   4.56487e-37
0.0769231   0.461538   0.153846   0.00764639   -0.254578   0.00147055
0.153846   0.461538   0.153846   0.0265176   -0.437411   0.000519539
0.230769   0.461538   0.153846   0.0531471   -0.598372   -0.000629519
0.307692   0.461538   0.153846   0.0863967   -0.762311   -0.00161803
0.384615   0.461538   0.153846   0.125311   -0.935479   -0.00248892
0.461538   0.461538   0.153846   0.167518   -1.10451   -0.00339261
0.538462   0.461538   0.153846   0.207711   -1.22856   -0.00453838
0.615385   0.461538   0.153846   0.236075   -1.22438   -0.00622283
0.692308   0.461538   0.153846   0.238707   -0.944158   -0.0088053
0.769231   0.461538   0.153846   0.202746   -0.147754   -0.0125158
0.846154   0.461538   0.153846   0.128262   1.52289   -0.0166415
0.923077   0.461538   0.153846   0.0432075   4.51775   -0.016961
1   0.461538   0.153846   3.68007e-35   9   -1.274e-35
0   0.538462   0.153846   -5.82442e-36   -1.43098e-34   -1.29789e-36
0.0769231   0.538462   0.153846   -0.00780348   -0.254626   -0.00138184
0.153846   0.538462   0.153846   -0.0264772   -0.437446   -0.000437215
0.230769   0.538462   0.153846   -0.0529909   -0.598416   0.000725466
0.307692   0.538462   0.153846   -0.0861442   -0.762385   0.00171348
0.384615   0.538462   0.153846   -0.124945   -0.935578   0.00257991
0.461538   0.538462   0.153846   -0.167084   -1.1046   0.00346492
0.538462   0.538462   0.153846   -0.207407   -1.22859   0.00457394
0.615385   0.538462   0.153846   -0.236428   -1.22424   0.00622634
0.692308   0.538462   0.153846   -0.239968   -0.943489   0.00884957
0.769231   0.538462   0.153846   -0.204699   -0.146807   0.012733
0.846154   0.538462   0.153846   -0.12981   1.52289   0.0172131
0.923077   0.538462   0.153846   -0.0422304   4.51708   0.0178275
1   0.538462   0.153846   3.95135e-36   9   4.52728e-36
0   0.615385   0.153846   -1.24886e-35   -1.2261e-34   -2.47944e-36
0.0769231   0.615385   0.153846   -0.0219116   -0.227076   -0.00364214
0.153846   0.615385   0.153846   -0.0750342   -0.393114   -0.000786077
0.230769   0.615385   0.153846   -0.150748   -0.541154   0.00262927
0.307692   0.615385   0.153846   -0.246243   -0.693663   0.00557595
0.384615   0.615385   0.153846   -0.359483   -0.857826   0.00819106
0.461538   0.615385   0.153846   -0.484907   -1.02431   0.0108642
0.538462   0.615385   0.153846   -0.609089   -1.15959   0.0141662
0.615385   0.615385   0.153846   -0.705087   -1.19021   0.0189675
0.692308   0.615385   0.153846   -0.731501   -0.976382   0.026486
0.769231   0.615385   0.153846   -0.641953   -0.271469   0.037826
0.846154   0.615385   0.153846   -0.419449   1.32727   0.0513907
0.923077   0.615385   0.153846   -0.140851   4.34939   0.0537813
1   0.615385   0.153846   -2.75816e-35   9   2.24577e-35
0   0.692308   0.153846   -1.68015e-35   -9.07543e-35   -2.49598e-36
0.0769231   0.692308   0.153846   -0.0319932   -0.177133   -0.00423652
0.153846   0.692308   0.153846   -0.110213   -0.312247   0.000536767
0.230769   0.692308   0.153846   -0.223097   -0.43542   0.00603651
0.307692   0.692308   0.153846   -0.368062   -0.56464   0.010898
0.384615   0.692308   0.153846   -0.544211   -0.70834   0.0153002
0.461538   0.692308   0.153846   -0.746459   -0.863771   0.0197619
0.538462   0.692308   0.153846   -0.959572   -1.01083   0.0250634
0.615385   0.692308   0.153846   -1.14739   -1.09744   0.0324676
0.692308   0.692308   0.153846   -1.24659   -1.00653   0.0440306
0.769231   0.692308   0.153846   -1.1579   -0.48809   0.0620145
0.846154   0.692308   0.153846   -0.811243   0.935998   0.0849541
0.923077   0.692308   0.153846   -0.292331   3.97155   0.0916051
1   0.692308   0.153846   -8.63783e-35   9   4.19689e-35
0   0.769231   0.153846   -1.75104e-35   -5.45539e-35   -1.16244e-36
0.0769231   0.769231   0.153846   -0.0353668   -0.115012   -0.00254007
0.153846   0.769231   0.153846   -0.123333   -0.210203   0.00403059
0.230769   0.769231   0.153846   -0.253224   -0.299104   0.0113463
0.307692   0.769231   0.153846   -0.424479   -0.393978   0.0180625
0.384615   0.769231   0.153846   -0.63917   -0.503577   0.0243159
0.461538   0.769231   0.153846   -0.897011   -0.631338   0.0305818
0.538462   0.769231   0.153846   -1.19044   -0.772243   0.0376291
0.615385   0.769231   0.153846   -1.48927   -0.902077   0.0467863
0.692308   0.769231   0.153846   -1.72809   -0.947853   0.0604857
0.769231   0.769231   0.153846   -1.75615   -0.710047   0.0819715
0.846154   0.769231   0.153846   -1.40252   0.327267   0.11317
0.923077   0.769231   0.153846   -0.559031   3.24791   0.128953
1   0.769231   0.153846   -2.03729e-34   9   6.08163e-35
0   0.846154   0.153846   -1.31121e-35   -2.31712e-35   8.62741e-37
0.0769231   0.846154   0.153846   -0.0298027   -0.055294   0.00103274
0.153846   0.846154   0.153846   -0.10745   -0.108553   0.00886557
0.230769   0.846154   0.153846   -0.227097   -0.158716   0.0174657
0.307692   0.846154   0.153846   -0.390101   -0.212632   0.0257242
0.384615   0.846154   0.153846   -0.601102   -0.277248   0.033657
0.461538   0.846154   0.153846   -0.866372   -0.358215   0.0415785
0.538462   0.846154   0.153846   -1.19153   -0.459593   0.0500217
0.615385   0.846154   0.153846   -1.56877   -0.581643   0.0598299
0.692308   0.846154   0.153846   -1.9745   -0.711769   0.0729037
0.769231   0.846154   0.153846   -2.2744   -0.761227   0.0924822
0.846154   0.846154   0.153846   -2.20712   -0.313419   0.124844
0.923077   0.846154   0.153846   -1.02837   2.15938   0.143483
1   0.846154   0.153846   -3.43636e-34   9   7.57568e-35
0   0.923077   0.153846   -3.40388e-36   -3.92526e-36   1.52878e-36
0.0769231   0.923077   0.153846   -0.0148105   -0.0135093   0.00391312
0.153846   0.923077   0.153846   -0.0613628   -0.0308025   0.0111582
0.230769   0.923077   0.153846   -0.138997   -0.0464751   0.0191623
0.307692   0.923077   0.153846   -0.248208   -0.0631678   0.027092
0.384615   0.923077   0.153846   -0.393196   -0.0837895   0.0349271
0.461538   0.923077   0.153846   -0.582314   -0.111181   0.0428369
0.538462   0.923077   0.153846   -0.827644   -0.148553   0.0509783
0.615385   0.923077   0.153846   -1.14494   -0.201968   0.0594114
0.692308   0.923077   0.153846   -1.56522   -0.278429   0.0688844
0.769231   0.923077   0.153846   -2.04605   -0.365851   0.0779363
0.846154   0.923077   0.153846   -2.61641   -0.481401   0.0948205
0.923077   0.923077   0.153846   -2.10347   0.193195   0.106671
1   0.923077   0.153846   -2.7473e-33   9   5.05201e-35
0   1   0.153846   -5.72765e-37   1.2323e-36   -6.76859e-37
0.0769231   1   0.153846   -3.4768e-36   4.7565e-37   1.42798e-36
0.153846   1   0.153846   -2.09913e-35   -6.44143e-36   4.6271e-36
0.230769   1   0.153846   -5.4176e-35   -1.22063e-35   8.43623e-36
0.307692   1   0.153846   -1.03596e-34   -1.77874e-35   1.23216e-35
0.384615   1   0.153846   -1.70911e-34   -2.47821e-35   1.61762e-35
0.461538   1   0.153846   -2.60316e-34   -3.49967e-35   2.00423e-35
0.538462   1   0.153846   -3.78938e-34   -4.99646e-35   2.3962e-35
0.615385   1   0.153846   -5.38955e-34   -7.72814e-35   2.80043e-35
0.692308   1   0.153846   -7.5761e-34   -1.29927e-34   3.12847e-35
0.769231   1   0.153846   -1.0641e-33   -1.64431e-34   3.65753e-35
0.846154   1   0.153846   -1.55049e-33   -8.10491e-34   3.83298e-35
0.923077   1   0.153846   -1.60796e-33   -3.27217e-33   5.91136e-35
1   1   0.153846   3.00603e-33   9   -3.97146e-37
0   0   0.230769   1.682e-36   -1.19704e-36   1.26356e-37
0.0769231   0   0.230769   1.79183e-35   -7.73961e-36   -5.02221e-36
0.153846   0   0.230769   5.478e-35   -2.02938e-35   -9.7812e-36
0.230769   0   0.230769   1.13899e-34   -2.9597e-35   -1.49981e-35
0.307692   0   0.230769   1.95252e-34   -3.96242e-35   -2.01961e-35
0.384615   0   0.230769   3.01899e-34   -5.22306e-35   -2.51794e-35
0.461538   0   0.230769   4.39533e-34   -6.90454e-35   -2.98985e-35
0.538462   0   0.230769   6.18056e-34   -9.07349e-35   -3.43845e-35
0.615385   0   0.230769   8.44232e-34   -1.3023e-34   -3.88245e-35
0.692308   0   0.230769   1.1326e-33   -1.74299e-34   -4.37804e-35
0.769231   0   0.230769   1.58513e-33   -1.76343e-34   -5.0001e-35
0.846154   0   0.230769   1.40368e-33   -9.27149e-34   -5.51196e-35
0.923077   0   0.230769   4.63486e-34   1.18914e-34   -3.77496e-35
1   0   0.230769   -4.36315e-33   9   1.98079e-35
0   0.0769231   0.230769   7.78093e-36   -1.71711e-35   -2.48565e-36
0.0769231   0.0769231   0.230769   0.0177068   -0.0173814   -0.0056908
0.153846   0.0769231   0.230769   0.0733771   -0.0402456   -0.013629
0.230769   0.0769231   0.230769   0.166924   -0.0608602   -0.0227359
0.307692   0.0769231   0.230769   0.29738   -0.0822879   -0.0318896
0.384615   0.0769231   0.230769   0.468913   -0.107664   -0.0407226
0.461538   0.0769231   0.230769   0.689498   -0.139702   -0.0491758
0.538462   0.0769231   0.230769   0.970514   -0.181117   -0.0573134
0.615385   0.0769231   0.230769   1.32569   -0.235245   -0.0653791
0.692308   0.0769231   0.230769   1.7597   -0.307271   -0.0741755
0.769231   0.0769231   0.230769   2.29939   -0.385293   -0.0859496
0.846154   0.0769231   0.230769   2.77079   -0.38984   -0.10005
0.923077   0.0769231   0.230769   2.1511   0.296822   -0.101135
1   0.0769231   0.230769   1.95983e-33   9   -4.3171e-35
0   0.153846   0.230769   1.81086e-35   -4.95679e-35   -9.22177e-37
0.0769231   0.153846   0.230769   0.0370493   -0.0696229   -0.00361556
0.153846   0.153846   0.230769   0.132905   -0.139731   -0.0125992
0.230769   0.153846   0.230769   0.280028   -0.205633   -0.0230806
0.307692   0.153846   0.230769   0.478736   -0.274489   -0.0335117
0.384615   0.153846   0.230769   0.733414   -0.353557   -0.0435476
0.461538   0.153846   0.230769   1.0495   -0.447537   -0.053386
0.538462   0.153846   0.230769   1.42908   -0.557416   -0.0636055
0.615385   0.153846   0.230769   1.86077   -0.677042   -0.0753554
0.692308   0.153846   0.230769   2.30088   -0.777919   -0.0907692
0.769231   0.153846   0.230769   2.61381   -0.755843   -0.11245
0.846154   0.153846   0.230769   2.4122   -0.249428   -0.137008
0.923077   0.153846   0.230769   1.19948   2.18685   -0.133193
1   0.153846   0.230769   9.82481e-34   9   -7.24162e-35
0   0.230769   0.230769   2.02184e-35   -9.23634e-35   9.98708e-37
0.0769231   0.230769   0.230769   0.044587   -0.144842   0.000278695
0.153846   0.230769   0.230769   0.155227   -0.269588   -0.00723436
0.230769   0.230769   0.230769   0.317147   -0.386074   -0.0163882
0.307692   0.230769   0.230769   0.528861   -0.507202   -0.0253324
0.384615   0.230769   0.230769   0.791745   -0.641675   -0.0338666
0.461538   0.230769   0.230769   1.104   -0.790609   -0.0424507
0.538462   0.230769   0.230769   1.45274   -0.942748   -0.0520305
0.615385   0.230769   0.230769   1.80044   -1.06288   -0.0642324
0.692308   0.230769   0.230769   2.06129   -1.06147   -0.0814654
0.769231   0.230769   0.230769   2.06785   -0.719721   -0.105475
0.846154   0.230769   0.230769   1.5882   0.489856   -0.130365
0.923077   0.230769   0.230769   0.646126   3.52043   -0.123658
1   0.230769   0.230769   3.71072e-34   9   -7.90514e-35
0   0.307692   0.230769   1.7023e-35   -1.33838e-34   1.90996e-36
0.0769231   0.307692   0.230769   0.0405949   -0.22246   0.00273531
0.153846   0.307692   0.230769   0.140109   -0.399027   -0.00258454
0.230769   0.307692   0.230769   0.282109   -0.560293   -0.00947699
0.307692   0.307692   0.230769   0.463013   -0.725387   -0.0161109
0.384615   0.307692   0.230769   0.680906   -0.902139   -0.0223852
0.461538   0.307692   0.230769   0.928588   -1.08374   -0.0288432
0.538462   0.307692   0.230769   1.18547   -1.24075   -0.0364641
0.615385   0.307692   0.230769   1.40657   -1.30452   -0.0467596
0.692308   0.307692   0.230769   1.51096   -1.1345   -0.0616105
0.769231   0.307692   0.230769   1.38615   -0.461012   -0.0816792
0.846154   0.307692   0.230769   0.955107   1.16913   -0.100886
0.923077   0.307692   0.230769   0.346024   4.28453   -0.0939076
1   0.307692   0.230769   2.0394e-34   9   -6.25188e-35
0   0.384615   0.230769   1.02493e-35   -1.64418e-34   1.55593e-36
0.0769231   0.384615   0.230769   0.0278476   -0.284748   0.00287274
0.153846   0.384615   0.230769   0.0959542   -0.501328   -0.000222732
0.230769   0.384615   0.230769   0.191769   -0.695129   -0.00447429
0.307692   0.384615   0.230769   0.311664   -0.890215   -0.00853264
0.384615   0.384615   0.230769   0.452699   -1.09262   -0.012348
0.461538   0.384615   0.230769   0.607412   -1.28728   -0.016341
0.538462   0.384615   0.230769   0.75825   -1.42862   -0.0212196
0.615385   0.384615   0.230769   0.871737   -1.42346   -0.0279932
0.692308   0.384615   0.230769   0.896654   -1.10566   -0.0377617
0.769231   0.384615   0.230769   0.778308   -0.209597   -0.0505982
0.846154   0.384615   0.230769   0.503894   1.62119   -0.06224
0.923077   0.384615   0.230769   0.171713   4.70334   -0.0571534
1   0.384615   0.230769   1.01051e-34   9   -4.04898e-35
0   0.461538   0.230769   1.54933e-36   -1.77921e-34   3.40063e-37
0.0769231   0.461538   0.230769   0.00979494   -0.319113   0.00118275
0.153846   0.461538   0.230769   0.0340071   -0.557372   0.000182957
0.230769   0.461538   0.230769   0.0677322   -0.768126   -0.0012446
0.307692   0.461538   0.230769   0.109551   -0.978067   -0.0026061
0.384615   0.461538   0.230769   0.158104   -1.19191   -0.00388586
0.461538   0.461538   0.230769   0.210281   -1.38953   -0.005241
0.538462   0.461538   0.230769   0.259321   -1.51631   -0.00692466
0.615385   0.461538   0.230769   0.293066   -1.4674   -0.00927942
0.692308   0.461538   0.230769   0.294676   -1.06883   -0.0126466
0.769231   0.461538   0.230769   0.248963   -0.0672469   -0.0169805
0.846154   0.461538   0.230769   0.156767   1.84131   -0.0207642
0.923077   0.461538   0.230769   0.0525473   4.89037   -0.0188586
1   0.461538   0.230769   4.37591e-35   9   -1.78473e-35
0   0.538462   0.230769   -7.45283e-36   -1.71806e-34   -1.03619e-36
0.0769231   0.538462   0.230769   -0.0100078   -0.319154   -0.00117971
0.153846   0.538462   0.230769   -0.0338907   -0.557404   -0.000146795
0.230769   0.538462   0.230769   -0.0675436   -0.768175   0.00130837
0.307692   0.538462   0.230769   -0.109247   -0.978148   0.00268646
0.384615   0.538462   0.230769   -0.157686   -1.19201   0.00397158
0.461538   0.538462   0.230769   -0.209811   -1.3896   0.00531726
0.538462   0.538462   0.230769   -0.259031   -1.51631   0.00698025
0.615385   0.538462   0.230769   -0.293511   -1.4672   0.00931747
0.692308   0.538462   0.230769   -0.296075   -1.06811   0.0127099
0.769231   0.538462   0.230769   -0.250993   -0.0663289   0.0171751
0.846154   0.538462   0.230769   -0.158029   1.84121   0.0212331
0.923077   0.538462   0.230769   -0.0510795   4.88966   0.0195064
1   0.538462   0.230769   1.78308e-36   9   4.76034e-36
0   0.615385   0.230769   -1.51628e-35   -1.47224e-34   -1.82628e-36
0.0769231   0.615385   0.230769   -0.0280189   -0.284853   -0.00286943
0.153846   0.615385   0.230769   -0.0958708   -0.501402   0.000260721
0.230769   0.615385   0.230769   -0.191658   -0.695249   0.0045399
0.307692   0.615385   0.230769   -0.311458   -0.890427   0.00861954
0.384615   0.615385   0.230769   -0.452367   -1.09293   0.0124517
0.461538   0.615385   0.230769   -0.606904   -1.28761   0.016452
0.538462   0.615385   0.230769   -0.757719   -1.42866   0.0213229
0.615385   0.615385   0.230769   -0.871247   -1.42255   0.0280687
0.692308   0.615385   0.230769   -0.897149   -1.10369   0.0378183
0.769231   0.615385   0.230769   -0.780929   -0.208899   0.050741
0.846154   0.615385   0.230769   -0.505785   1.61904   0.0626839
0.923077   0.615385   0.230769   -0.168594   4.70256   0.0578172
1   0.615385   0.230769   -3.96248e-35   9   2.74542e-35
0   0.692308   0.230769   -1.99006e-35   -1.08967e-34   -1.47335e-36
0.0769231   0.692308   0.230769   -0.040679   -0.222577   -0.00273153
0.153846   0.692308   0.230769   -0.140091   -0.399088   0.00262157
0.230769   0.692308   0.230769   -0.282129   -0.560423   0.00953922
0.307692   0.692308   0.230769   -0.462994   -0.72566   0.0162017
0.384615   0.692308   0.230769   -0.680826   -0.902622   0.0225131
0.461538   0.692308   0.230769   -0.9282   -1.0844   0.0290116
0.538462   0.692308   0.230769   -1.18468   -1.24138   0.0366616
0.615385   0.692308   0.230769   -1.4046   -1.30473   0.0469427
0.692308   0.692308   0.230769   -1.51028   -1.1333   0.061696
0.769231   0.692308   0.230769   -1.38663   -0.456079   0.0816684
0.846154   0.692308   0.230769   -0.958291   1.17562   0.101183
0.923077   0.692308   0.230769   -0.340816   4.28294   0.0947135
1   0.692308   0.230769   -1.12796e-34   9   5.0096e-35
0   0.769231   0.230769   -2.01422e-35   -6.53982e-35   8.45688e-38
0.0769231   0.769231   0.230769   -0.0445141   -0.144872   -0.000268626
0.153846   0.769231   0.230769   -0.155311   -0.269553   0.00726384
0.230769   0.769231   0.230769   -0.317299   -0.386111   0.0164345
0.307692   0.769231   0.230769   -0.529066   -0.507373   0.0254136
0.384615   0.769231   0.230769   -0.792025   -0.64208   0.0340066
0.461538   0.769231   0.230769   -1.10402   -0.791389   0.0426737
0.538462   0.769231   0.230769   -1.4527   -0.944236   0.0523488
0.615385   0.769231   0.230769   -1.79807   -1.06467   0.0646105
0.692308   0.769231   0.230769   -2.05753   -1.06056   0.0817054
0.769231   0.769231   0.230769   -2.05667   -0.709969   0.105359
0.846154   0.769231   0.230769   -1.60651   0.493836   0.130119
0.923077   0.769231   0.230769   -0.629391   3.49185   0.123648
1   0.769231   0.230769   -2.40742e-34   9   7.05501e-35
0   0.846154   0.230769   -1.42234e-35   -2.75205e-35   1.98875e-36
0.0769231   0.846154   0.230769   -0.0367822   -0.0697534   0.00363927
0.153846   0.846154   0.230769   -0.133094   -0.13971   0.0126209
0.230769   0.846154   0.230769   -0.28022   -0.205579   0.0231125
0.307692   0.846154   0.230769   -0.479063   -0.274473   0.0335832
0.384615   0.846154   0.230769   -0.733929   -0.353678   0.0436902
0.461538   0.846154   0.230769   -1.0502   -0.448024   0.0536453
0.538462   0.846154   0.230769   -1.43048   -0.558733   0.0640237
0.615385   0.846154   0.230769   -1.85995   -0.679979   0.0759628
0.692308   0.846154   0.230769   -2.30005   -0.787992   0.0913455
0.769231   0.846154   0.230769   -2.59064   -0.777272   0.112441
0.846154   0.846154   0.230769   -2.43842   -0.227225   0.135864
0.923077   0.846154   0.230769   -1.1155   2.30423   0.130738
1   0.846154   0.230769   -4.11166e-34   9   7.95797e-35
0   0.923077   0.230769   -2.41484e-36   -4.48307e-36   2.05386e-36
0.0769231   0.923077   0.230769   -0.0174006   -0.0169698   0.00573352
0.153846   0.923077   0.230769   -0.0735979   -0.0397484   0.0136478
0.230769   0.923077   0.230769   -0.167019   -0.0603795   0.0227637
0.307692   0.923077   0.230769   -0.297587   -0.0817265   0.0319448
0.384615   0.923077   0.230769   -0.469255   -0.106925   0.0408258
0.461538   0.923077   0.230769   -0.690271   -0.138696   0.0493693
0.538462   0.923077   0.230769   -0.971698   -0.179525   0.0576395
0.615385   0.923077   0.230769   -1.32652   -0.233744   0.0659483
0.692308   0.923077   0.230769   -1.77753   -0.304923   0.0748594
0.769231   0.923077   0.230769   -2.26664   -0.375391   0.0861802
0.846154   0.923077   0.230769   -2.79049   -0.457967   0.0995165
0.923077   0.923077   0.230769   -2.17564   0.237322   0.0965941
1   0.923077   0.230769   -2.80646e-33   9   6.63757e-35
0   1   0.230769   -7.4065e-38   1.01152e-36   -1.23651e-36
0.0769231   1   0.230769   -4.41149e-36   -2.49094e-37   2.32062e-36
0.153846   1   0.230769   -2.67171e-35   -9.79081e-36   6.55135e-36
0.230769   1   0.230769   -6.8762e-35   -1.8139e-35   1.15677e-35
0.307692   1   0.230769   -1.30906e-34   -2.59961e-35   1.68107e-35
0.384615   1   0.230769   -2.14785e-34   -3.54645e-35   2.19484e-35
0.461538   1   0.230769   -3.24805e-34   -4.83647e-35   2.69231e-35
0.538462   1   0.230769   -4.68242e-34   -6.60298e-35   3.17354e-35
0.615385   1   0.230769   -6.56754e-34   -9.64814e-35   3.63902e-35
0.692308   1   0.230769   -9.05552e-34   -1.46961e-34   4.12595e-35
0.769231   1   0.230769   -1.2352e-33   -1.82042e-34   4.65991e-35
0.846154   1   0.230769   -1.72345e-33   -8.0533e-34   5.45853e-35
0.923077   1   0.230769   -1.7216e-33   -3.27157e-33   5.81617e-35
1   1   0.230769   2.99432e-33   9   -5.6816e-36
0   0   0.307692   1.63259e-36   -1.41169e-36   1.88356e-37
0.0769231   0   0.307692   1.85115e-35   -8.31913e-36   -4.34836e-36
0.153846   0   0.307692   5.77562e-35   -2.23693e-35   -8.08057e-36
0.230769   0   0.307692   1.21169e-34   -3.24924e-35   -1.21865e-35
0.307692   0   0.307692   2.08279e-34   -4.31502e-35   -1.62744e-35
0.384615   0   0.307692   3.21793e-34   -5.61794e-35   -2.01135e-35
0.461538   0   0.307692   4.6696e-34   -7.3047e-35   -2.36241e-35
0.538462   0   0.307692   6.52795e-34   -9.41025e-35   -2.68557e-35
0.615385   0   0.307692   8.84336e-34   -1.31788e-34   -3.00637e-35
0.692308   0   0.307692   1.1731e-33   -1.73016e-34   -3.37321e-35
0.769231   0   0.307692   1.61793e-33   -1.70334e-34   -3.79495e-35
0.846154   0   0.307692   1.41979e-33   -9.22947e-34   -3.9645e-35
0.923077   0   0.307692   4.73275e-34   1.20022e-34   -2.68683e-35
1   0   0.307692   -4.32631e-33   9   2.07993e-35
0   0.0769231   0.307692   7.75497e-36   -1.8592e-35   -2.53767e-36
0.0769231   0.0769231   0.307692   0.0185584   -0.0192325   -0.00572911
0.153846   0.0769231   0.307692   0.0788485   -0.0454591   -0.0124239
0.230769   0.0769231   0.307692   0.181229   -0.0690906   -0.0201622
0.307692   0.0769231   0.307692   0.323749   -0.0931344   -0.0280256
0.384615   0.0769231   0.307692   0.510006   -0.12071   -0.0355218
0.461538   0.0769231   0.307692   0.747282   -0.154272   -0.0424874
0.538462   0.0769231   0.307692   1.04553   -0.195909   -0.0489908
0.615385   0.0769231   0.307692   1.41544   -0.247915   -0.0554401
0.692308   0.0769231   0.307692   1.85604   -0.314172   -0.0627991
0.769231   0.0769231   0.307692   2.38549   -0.382142   -0.07197
0.846154   0.0769231   0.307692   2.82479   -0.376052   -0.0806726
0.923077   0.0769231   0.307692   2.16663   0.310787   -0.0716228
1   0.0769231   0.307692   1.94821e-33   9   -3.36629e-35
0   0.153846   0.307692   1.92994e-35   -5.43527e-35   -1.54539e-36
0.0769231   0.153846   0.307692   0.0405208   -0.0780749   -0.00473167
0.153846   0.153846   0.307692   0.146463   -0.15879   -0.0126564
0.230769   0.153846   0.307692   0.309441   -0.234611   -0.02201
0.307692   0.153846   0.307692   0.528737   -0.312297   -0.031538
0.384615   0.153846   0.307692   0.807875   -0.398839   -0.0407546
0.461538   0.153846   0.307692   1.15087   -0.497925   -0.0497215
0.538462   0.153846   0.307692   1.55692   -0.608369   -0.0589453
0.615385   0.153846   0.307692   2.00916   -0.720533   -0.0694645
0.692308   0.153846   0.307692   2.45493   -0.801727   -0.0827472
0.769231   0.153846   0.307692   2.74769   -0.74627   -0.0991297
0.846154   0.153846   0.307692   2.49625   -0.203916   -0.11222
0.923077   0.153846   0.307692   1.22594   2.23695   -0.0964404
1   0.153846   0.307692   9.82342e-34   9   -6.20987e-35
0   0.230769   0.307692   2.1659e-35   -1.01825e-34   -2.89074e-38
0.0769231   0.230769   0.307692   0.0495721   -0.163359   -0.00158854
0.153846   0.230769   0.307692   0.173337   -0.307108   -0.0083252
0.230769   0.230769   0.307692   0.354323   -0.441282   -0.0167005
0.307692   0.230769   0.307692   0.589862   -0.578312   -0.0252027
0.384615   0.230769   0.307692   0.880243   -0.726107   -0.0334836
0.461538   0.230769   0.307692   1.22176   -0.883605   -0.041853
0.538462   0.230769   0.307692   1.59776   -1.03535   -0.0511269
0.615385   0.230769   0.307692   1.96423   -1.13983   -0.0626254
0.692308   0.230769   0.307692   2.22594   -1.10075   -0.0777843
0.769231   0.230769   0.307692   2.20616   -0.698764   -0.0961625
0.846154   0.230769   0.307692   1.67305   0.571987   -0.109803
0.923077   0.230769   0.307692   0.672718   3.60913   -0.0933638
1   0.230769   0.307692   3.83872e-34   9   -6.32344e-35
0   0.307692   0.307692   1.81717e-35   -1.47897e-34   8.71044e-37
0.0769231   0.307692   0.307692   0.0455277   -0.251427   0.00082286
0.153846   0.307692   0.307692   0.157658   -0.454898   -0.00394491
0.230769   0.307692   0.307692   0.317352   -0.640775   -0.0103045
0.307692   0.307692   0.307692   0.519799   -0.827889   -0.0167464
0.384615   0.307692   0.307692   0.76193   -1.0227   -0.023038
0.461538   0.307692   0.307692   1.03459   -1.21494   -0.0295831
0.538462   0.307692   0.307692   1.31353   -1.36902   -0.0372222
0.615385   0.307692   0.307692   1.54789   -1.40765   -0.0471515
0.692308   0.307692   0.307692   1.64919   -1.18229   -0.0604412
0.769231   0.307692   0.307692   1.49887   -0.425672   -0.0762354
0.846154   0.307692   0.307692   1.02248   1.28318   -0.0874111
0.923077   0.307692   0.307692   0.366768   4.40201   -0.0738631
1   0.307692   0.307692   2.14894e-34   9   -5.21332e-35
0   0.384615   0.307692   1.07674e-35   -1.81867e-34   8.5844e-37
0.0769231   0.384615   0.307692   0.0313825   -0.322077   0.00149794
0.153846   0.384615   0.307692   0.108449   -0.571612   -0.00125447
0.230769   0.384615   0.307692   0.216608   -0.795073   -0.00518039
0.307692   0.384615   0.307692   0.351295   -1.01645   -0.00915802
0.384615   0.384615   0.307692   0.508661   -1.23995   -0.0130479
0.461538   0.384615   0.307692   0.679782   -1.44601   -0.0171718
0.538462   0.384615   0.307692   0.844486   -1.58138   -0.0221378
0.615385   0.384615   0.307692   0.965333   -1.54284   -0.0287447
0.692308   0.384615   0.307692   0.986433   -1.15615   -0.0376053
0.769231   0.384615   0.307692   0.85001   -0.161403   -0.0479524
0.846154   0.384615   0.307692   0.54596   1.7579   -0.0550169
0.923077   0.384615   0.307692   0.184539   4.83925   -0.0462395
1   0.384615   0.307692   1.07343e-34   9   -3.52118e-35
0   0.461538   0.307692   1.28817e-36   -1.96856e-34   1.94286e-37
0.0769231   0.461538   0.307692   0.0110671   -0.361032   0.000691493
0.153846   0.461538   0.307692   0.0385226   -0.635508   -0.000191906
0.230769   0.461538   0.307692   0.076649   -0.878566   -0.00151153
0.307692   0.461538   0.307692   0.123717   -1.11696   -0.00285136
0.384615   0.461538   0.307692   0.177998   -1.35331   -0.00416479
0.461538   0.461538   0.307692   0.235852   -1.56242   -0.00557267
0.538462   0.461538   0.307692   0.289567   -1.68125   -0.00729362
0.615385   0.461538   0.307692   0.325606   -1.59424   -0.00960007
0.692308   0.461538   0.307692   0.325585   -1.11957   -0.0126765
0.769231   0.461538   0.307692   0.273424   -0.0116475   -0.0162104
0.846154   0.461538   0.307692   0.171085   1.98958   -0.0185391
0.923077   0.461538   0.307692   0.0569892   5.03504   -0.0154791
1   0.461538   0.307692   4.64061e-35   9   -1.58863e-35
0   0.538462   0.307692   -8.44562e-36   -1.9005e-34   -5.9e-37
0.0769231   0.538462   0.307692   -0.0112915   -0.361071   -0.000675758
0.153846   0.538462   0.307692   -0.0383595   -0.63554   0.000235267
0.230769   0.538462   0.307692   -0.0764412   -0.878616   0.001571
0.307692   0.538462   0.307692   -0.123378   -1.11704   0.00292269
0.384615   0.538462   0.307692   -0.177552   -1.35341   0.00424071
0.461538   0.538462   0.307692   -0.235362   -1.56248   0.00564432
0.538462   0.538462   0.307692   -0.289277   -1.68122   0.00735297
0.615385   0.538462   0.307692   -0.326065   -1.59401   0.00965116
0.692308   0.538462   0.307692   -0.326966   -1.11884   0.0127575
0.769231   0.538462   0.307692   -0.275299   -0.0107515   0.0164072
0.846154   0.538462   0.307692   -0.171908   1.98946   0.0189451
0.923077   0.538462   0.307692   -0.0550593   5.03433   0.0160003
1   0.538462   0.307692   4.72388e-37   9   4.0562e-36
0   0.615385   0.307692   -1.66521e-35   -1.62725e-34   -9.21228e-37
0.0769231   0.615385   0.307692   -0.0315604   -0.322176   -0.00148248
0.153846   0.615385   0.307692   -0.108326   -0.571683   0.00129796
0.230769   0.615385   0.307692   -0.216479   -0.795197   0.00524114
0.307692   0.615385   0.307692   -0.351054   -1.01667   0.00923534
0.384615   0.615385   0.307692   -0.50829   -1.24026   0.0131394
0.461538   0.615385   0.307692   -0.679234   -1.44631   0.0172711
0.538462   0.615385   0.307692   -0.843927   -1.58136   0.0222331
0.615385   0.615385   0.307692   -0.964831   -1.54186   0.0288237
0.692308   0.615385   0.307692   -0.986897   -1.15414   0.0376794
0.769231   0.615385   0.307692   -0.852438   -0.160762   0.0480953
0.846154   0.615385   0.307692   -0.547312   1.75565   0.0553543
0.923077   0.615385   0.307692   -0.180843   4.83846   0.0467254
1   0.615385   0.307692   -4.53517e-35   9   2.38231e-35
0   0.692308   0.307692   -2.14731e-35   -1.20207e-34   -4.02075e-37
0.0769231   0.692308   0.307692   -0.0456083   -0.251535   -0.000807485
0.153846   0.692308   0.307692   -0.157617   -0.454959   0.00398633
0.230769   0.692308   0.307692   -0.317355   -0.640917   0.0103644
0.307692   0.692308   0.307692   -0.519744   -0.828174   0.016831
0.384615   0.692308   0.307692   -0.761796   -1.02318   0.0231542
0.461538   0.692308   0.307692   -1.03413   -1.21557   0.0297316
0.538462   0.692308   0.307692   -1.31265   -1.36955   0.0373891
0.615385   0.692308   0.307692   -1.54585   -1.40772   0.0472981
0.692308   0.692308   0.307692   -1.64847   -1.18099   0.0605195
0.769231   0.692308   0.307692   -1.49917   -0.420848   0.0762671
0.846154   0.692308   0.307692   -1.025   1.28933   0.0875494
0.923077   0.692308   0.307692   -0.360787   4.40027   0.0741757
1   0.692308   0.307692   -1.22379e-34   9   4.2429e-35
0   0.769231   0.307692   -2.12458e-35   -7.18175e-35   9.28979e-37
0.0769231   0.769231   0.307692   -0.0494757   -0.163369   0.00160802
0.153846   0.769231   0.307692   -0.173422   -0.307069   0.00835983
0.230769   0.769231   0.307692   -0.354455   -0.441331   0.0167524
0.307692   0.769231   0.307692   -0.590027   -0.578498   0.0252878
0.384615   0.769231   0.307692   -0.880451   -0.726514   0.0336197
0.461538   0.769231   0.307692   -1.22166   -0.884352   0.0420523
0.538462   0.769231   0.307692   -1.59757   -1.03674   0.0513819
0.615385   0.769231   0.307692   -1.9617   -1.14145   0.0628761
0.692308   0.769231   0.307692   -2.22214   -1.09968   0.0779006
0.769231   0.769231   0.307692   -2.19499   -0.689146   0.0960124
0.846154   0.769231   0.307692   -1.69101   0.575126   0.109424
0.923077   0.769231   0.307692   -0.655298   3.57914   0.0931208
1   0.769231   0.307692   -2.54809e-34   9   5.71046e-35
0   0.846154   0.307692   -1.42933e-35   -2.98674e-35   2.29274e-36
0.0769231   0.846154   0.307692   -0.0401955   -0.0782128   0.00475663
0.153846   0.846154   0.307692   -0.146677   -0.158772   0.0126792
0.230769   0.846154   0.307692   -0.3096   -0.23455   0.022047
0.307692   0.846154   0.307692   -0.529017   -0.312266   0.0316099
0.384615   0.846154   0.307692   -0.8083   -0.398933   0.0408833
0.461538   0.846154   0.307692   -1.15141   -0.498356   0.0499288
0.538462   0.846154   0.307692   -1.5581   -0.609578   0.0592384
0.615385   0.846154   0.307692   -2.00809   -0.723289   0.0697846
0.692308   0.846154   0.307692   -2.45403   -0.811604   0.0828963
0.769231   0.846154   0.307692   -2.72489   -0.767804   0.0987772
0.846154   0.846154   0.307692   -2.52343   -0.182855   0.111037
0.923077   0.846154   0.307692   -1.14233   2.35228   0.0949806
1   0.846154   0.307692   -4.24876e-34   9   6.28746e-35
0   0.923077   0.307692   -1.39376e-36   -4.72158e-36   1.95722e-36
0.0769231   0.923077   0.307692   -0.0182083   -0.0187823   0.00575318
0.153846   0.923077   0.307692   -0.0791097   -0.0449397   0.0124295
0.230769   0.923077   0.307692   -0.181286   -0.0686348   0.0201709
0.307692   0.923077   0.307692   -0.323916   -0.0926394   0.0280483
0.384615   0.923077   0.307692   -0.510274   -0.120067   0.0355714
0.461538   0.923077   0.307692   -0.747923   -0.153389   0.0425808
0.538462   0.923077   0.307692   -1.04652   -0.194469   0.0491447
0.615385   0.923077   0.307692   -1.416   -0.246584   0.0556248
0.692308   0.923077   0.307692   -1.87371   -0.31201   0.0628705
0.769231   0.923077   0.307692   -2.35318   -0.372546   0.0716482
0.846154   0.923077   0.307692   -2.84613   -0.444696   0.0792451
0.923077   0.923077   0.307692   -2.1928   0.24977   0.0693556
1   0.923077   0.307692   -2.81353e-33   9   5.2543e-35
0   1   0.307692   2.38019e-37   6.44226e-37   -1.27277e-36
0.0769231   1   0.307692   -4.53905e-36   -2.69703e-37   2.55088e-36
0.153846   1   0.307692   -2.91339e-35   -1.16744e-35   6.52554e-36
0.230769   1   0.307692   -7.59459e-35   -2.16396e-35   1.11242e-35
0.307692   1   0.307692   -1.452e-34   -3.08182e-35   1.59891e-35
0.384615   1   0.307692   -2.38161e-34   -4.15167e-35   2.07163e-35
0.461538   1   0.307692   -3.5895e-34   -5.54262e-35   2.51534e-35
0.538462   1   0.307692   -5.14351e-34   -7.37153e-35   2.92683e-35
0.615385   1   0.307692   -7.14755e-34   -1.03552e-34   3.31856e-35
0.692308   1   0.307692   -9.72558e-34   -1.52145e-34   3.72584e-35
0.769231   1   0.307692   -1.30338e-33   -1.81738e-34   4.22579e-35
0.846154   1   0.307692   -1.77782e-33   -7.99844e-34   4.77801e-35
0.923077   1   0.307692   -1.75001e-33   -3.26639e-33   4.65893e-35
1   1   0.307692   2.99605e-33   9   -1.5834e-36
0   0   0.384615   1.51049e-36   -1.60506e-36   1.88746e-37
0.0769231   0   0.384615   1.85795e-35   -8.5755e-36   -2.68435e-36
0.153846   0   0.384615   5.88783e-35   -2.34863e-35   -4.84305e-36
0.230769   0   0.384615   1.24444e-34   -3.40255e-35   -7.21613e-36
0.307692   0   0.384615   2.14514e-34   -4.4924e-35   -9.57498e-36
0.384615   0   0.384615   3.31495e-34   -5.80276e-35   -1.17636e-35
0.461538   0   0.384615   4.80262e-34   -7.47147e-35   -1.37276e-35
0.538462   0   0.384615   6.69195e-34   -9.52037e-35   -1.5515e-35
0.615385   0   0.384615   9.02278e-34   -1.31871e-34   -1.73083e-35
0.692308   0   0.384615   1.18969e-33   -1.7164e-34   -1.93614e-35
0.769231   0   0.384615   1.62951e-33   -1.67996e-34   -2.15118e-35
0.846154   0   0.384615   1.42456e-33   -9.21417e-34   -2.1774e-35
0.923077   0   0.384615   4.71829e-34   1.17764e-34   -1.37626e-35
1   0   0.384615   -4.33285e-33   9   9.29697e-36
0   0.0769231   0.384615   7.59081e-36   -1.92646e-35   -1.70944e-36
0.0769231   0.0769231   0.384615   0.018682   -0.020139   -0.00416641
0.153846   0.0769231   0.384615   0.0809936   -0.0482517   -0.00853559
0.230769   0.0769231   0.384615   0.187939   -0.0735721   -0.0135614
0.307692   0.0769231   0.384615   0.336914   -0.0989837   -0.0186973
0.384615   0.0769231   0.384615   0.530953   -0.127541   -0.0235655
0.461538   0.0769231   0.384615   0.776641   -0.161507   -0.0280221
0.538462   0.0769231   0.384615   1.08276   -0.202627   -0.0321397
0.615385   0.0769231   0.384615   1.45794   -0.252751   -0.0362648
0.692308   0.0769231   0.384615   1.89819   -0.315484   -0.0409868
0.769231   0.0769231   0.384615   2.41887   -0.378826   -0.0464953
0.846154   0.0769231   0.384615   2.84225   -0.369255   -0.0500739
0.923077   0.0769231   0.384615   2.17   0.316195   -0.0415974
1   0.0769231   0.384615   1.94959e-33   9   -2.15885e-35
0   0.153846   0.384615   1.98397e-35   -5.68507e-35   -1.21412e-36
0.0769231   0.153846   0.384615   0.0420551   -0.0826371   -0.00386291
0.153846   0.153846   0.384615   0.152997   -0.169433   -0.00920124
0.230769   0.153846   0.384615   0.324395   -0.250892   -0.0154663
0.307692   0.153846   0.384615   0.554754   -0.333304   -0.0219261
0.384615   0.153846   0.384615   0.846767   -0.423317   -0.0282012
0.461538   0.153846   0.384615   1.20322   -0.523907   -0.0342866
0.538462   0.153846   0.384615   1.62124   -0.632675   -0.0405184
0.615385   0.153846   0.384615   2.08064   -0.738487   -0.04756
0.692308   0.153846   0.384615   2.52439   -0.807756   -0.0561124
0.769231   0.153846   0.384615   2.80269   -0.736556   -0.0655988
0.846154   0.153846   0.384615   2.52693   -0.181814   -0.0707435
0.923077   0.153846   0.384615   1.23407   2.25655   -0.0568907
1   0.153846   0.384615   9.88352e-34   9   -3.7433e-35
0   0.230769   0.384615   2.23555e-35   -1.0699e-34   -3.30457e-37
0.0769231   0.230769   0.384615   0.0520454   -0.17388   -0.00191042
0.153846   0.230769   0.384615   0.182676   -0.32872   -0.00652691
0.230769   0.230769   0.384615   0.374031   -0.473089   -0.0122385
0.307692   0.230769   0.384615   0.622535   -0.618798   -0.0181559
0.384615   0.230769   0.384615   0.927522   -0.772994   -0.0239946
0.461538   0.230769   0.384615   1.2838   -0.933153   -0.0299155
0.538462   0.230769   0.384615   1.67228   -1.08152   -0.0364385
0.615385   0.230769   0.384615   2.04523   -1.1739   -0.0443473
0.692308   0.230769   0.384615   2.30308   -1.11266   -0.0542285
0.769231   0.230769   0.384615   2.26643   -0.682016   -0.0649646
0.846154   0.230769   0.384615   1.70683   0.61117   -0.0705555
0.923077   0.230769   0.384615   0.682113   3.64516   -0.0564344
1   0.230769   0.384615   3.88917e-34   9   -4.01528e-35
0   0.307692   0.384615   1.87011e-35   -1.55754e-34   2.61565e-37
0.0769231   0.307692   0.384615   0.0480908   -0.268347   -0.00020431
0.153846   0.307692   0.384615   0.167018   -0.487691   -0.00349519
0.230769   0.307692   0.384615   0.336507   -0.687881   -0.00786512
0.307692   0.307692   0.384615   0.550834   -0.887176   -0.0124164
0.384615   0.307692   0.384615   0.805997   -1.09086   -0.0169506
0.461538   0.307692   0.384615   1.09145   -1.28645   -0.0216981
0.538462   0.307692   0.384615   1.38067   -1.43503   -0.0271907
0.615385   0.307692   0.384615   1.61959   -1.45571   -0.0341245
0.692308   0.307692   0.384615   1.71626   -1.19858   -0.0428932
0.769231   0.307692   0.384615   1.55049   -0.402053   -0.0523017
0.846154   0.307692   0.384615   1.05119   1.33719   -0.0571471
0.923077   0.307692   0.384615   0.374772   4.45166   -0.0456544
1   0.307692   0.384615   2.18741e-34   9   -3.44268e-35
0   0.384615   0.384615   1.09536e-35   -1.91736e-34   3.57799e-37
0.0769231   0.384615   0.384615   0.0332618   -0.344203   0.000499078
0.153846   0.384615   0.384615   0.115233   -0.613304   -0.00140346
0.230769   0.384615   0.384615   0.230306   -0.854102   -0.00410543
0.307692   0.384615   0.384615   0.373232   -1.09015   -0.00693514
0.384615   0.384615   0.384615   0.539469   -1.32416   -0.00977092
0.461538   0.384615   0.384615   0.719103   -1.53376   -0.0128012
0.538462   0.384615   0.384615   0.890385   -1.66164   -0.0164103
0.615385   0.384615   0.384615   1.01374   -1.60042   -0.0210611
0.692308   0.384615   0.384615   1.03113   -1.17474   -0.026961
0.769231   0.384615   0.384615   0.884014   -0.132275   -0.0332274
0.846154   0.384615   0.384615   0.564746   1.82229   -0.0364197
0.923077   0.384615   0.384615   0.189807   4.89774   -0.0290576
1   0.384615   0.384615   1.0966e-34   9   -2.38222e-35
0   0.461538   0.384615   1.07269e-36   -2.07614e-34   8.80253e-38
0.0769231   0.461538   0.384615   0.0117514   -0.386038   0.000286561
0.153846   0.461538   0.384615   0.040993   -0.682075   -0.000324679
0.230769   0.461538   0.384615   0.0816014   -0.944058   -0.00123141
0.307692   0.461538   0.384615   0.131606   -1.19838   -0.00218601
0.384615   0.461538   0.384615   0.189018   -1.44603   -0.00314744
0.461538   0.461538   0.384615   0.249838   -1.65866   -0.00418674
0.538462   0.461538   0.384615   0.305796   -1.76879   -0.00544094
0.615385   0.461538   0.384615   0.342615   -1.65646   -0.00706629
0.692308   0.461538   0.384615   0.341203   -1.13901   -0.00911932
0.769231   0.461538   0.384615   0.285273   0.0205146   -0.0112737
0.846154   0.461538   0.384615   0.177666   2.0592   -0.0123441
0.923077   0.461538   0.384615   0.0588704   5.09771   -0.00982622
1   0.461538   0.384615   4.71823e-35   9   -1.09231e-35
0   0.538462   0.384615   -9.00663e-36   -2.00393e-34   -2.48895e-37
0.0769231   0.538462   0.384615   -0.0119771   -0.386075   -0.000279679
0.153846   0.538462   0.384615   -0.0408071   -0.682105   0.000347477
0.230769   0.538462   0.384615   -0.0813782   -0.944108   0.0012696
0.307692   0.538462   0.384615   -0.131246   -1.19846   0.00223583
0.384615   0.538462   0.384615   -0.188555   -1.44612   0.0032028
0.461538   0.538462   0.384615   -0.249335   -1.65871   0.00424148
0.538462   0.538462   0.384615   -0.305496   -1.76874   0.00549305
0.615385   0.538462   0.384615   -0.343052   -1.65622   0.00712643
0.692308   0.538462   0.384615   -0.342507   -1.13829   0.00921695
0.769231   0.538462   0.384615   -0.286952   0.0213876   0.0114578
0.846154   0.538462   0.384615   -0.178174   2.05904   0.0126395
0.923077   0.538462   0.384615   -0.0567365   5.09698   0.010113
1   0.538462   0.384615   -5.49155e-37   9   2.73691e-36
0   0.615385   0.384615   -1.74005e-35   -1.71432e-34   -3.27989e-37
0.0769231   0.615385   0.384615   -0.0334378   -0.344298   -0.000489581
0.153846   0.615385   0.384615   -0.115091   -0.61337   0.00142943
0.230769   0.615385   0.384615   -0.230161   -0.854223   0.00414731
0.307692   0.615385   0.384615   -0.372966   -1.09036   0.00699213
0.384615   0.615385   0.384615   -0.539073   -1.32445   0.0098403
0.461538   0.615385   0.384615   -0.718529   -1.53403   0.0128779
0.538462   0.615385   0.384615   -0.889804   -1.66158   0.0164868
0.615385   0.615385   0.384615   -1.01321   -1.59939   0.0211344
0.692308   0.615385   0.384615   -1.03153   -1.17274   0.0270429
0.769231   0.615385   0.384615   -0.88626   -0.131715   0.0333593
0.846154   0.615385   0.384615   -0.565778   1.81992   0.0366415
0.923077   0.615385   0.384615   -0.185893   4.89685   0.0292806
1   0.615385   0.384615   -4.81052e-35   9   1.61923e-35
0   0.692308   0.384615   -2.21639e-35   -1.26399e-34   6.35885e-38
0.0769231   0.692308   0.384615   -0.0481634   -0.268448   0.000218388
0.153846   0.692308   0.384615   -0.166963   -0.487749   0.00352477
0.230769   0.692308   0.384615   -0.336491   -0.68802   0.00791098
0.307692   0.692308   0.384615   -0.550746   -0.887453   0.0124832
0.384615   0.692308   0.384615   -0.80582   -1.09132   0.0170415
0.461538   0.692308   0.384615   -1.09093   -1.28704   0.0218106
0.538462   0.692308   0.384615   -1.37975   -1.43549   0.0273104
0.615385   0.692308   0.384615   -1.61752   -1.45572   0.0342251
0.692308   0.692308   0.384615   -1.71551   -1.19728   0.0429482
0.769231   0.692308   0.384615   -1.55068   -0.397382   0.0523191
0.846154   0.692308   0.384615   -1.05344   1.34305   0.0571818
0.923077   0.692308   0.384615   -0.368612   4.44966   0.0457002
1   0.692308   0.384615   -1.26699e-34   9   2.8324e-35
0   0.769231   0.384615   -2.1584e-35   -7.52237e-35   8.70478e-37
0.0769231   0.769231   0.384615   -0.051929   -0.173879   0.00193068
0.153846   0.769231   0.384615   -0.182758   -0.328674   0.00655632
0.230769   0.769231   0.384615   -0.374137   -0.473136   0.0122828
0.307692   0.769231   0.384615   -0.622659   -0.618977   0.0182268
0.384615   0.769231   0.384615   -0.927666   -0.773379   0.0241017
0.461538   0.769231   0.384615   -1.28363   -0.93385   0.0300607
0.538462   0.769231   0.384615   -1.67201   -1.08283   0.0366044
0.615385   0.769231   0.384615   -2.04266   -1.17544   0.0444844
0.692308   0.769231   0.384615   -2.29932   -1.1116   0.0542544
0.769231   0.769231   0.384615   -2.25536   -0.67266   0.0648112
0.846154   0.769231   0.384615   -1.7248   0.613709   0.0702701
0.923077   0.769231   0.384615   -0.664612   3.61461   0.0561845
1   0.769231   0.384615   -2.59921e-34   9   3.72423e-35
0   0.846154   0.384615   -1.40291e-35   -3.10125e-35   1.60895e-36
0.0769231   0.846154   0.384615   -0.0416942   -0.0827863   0.00388376
0.153846   0.846154   0.384615   -0.153218   -0.169423   0.00922186
0.230769   0.846154   0.384615   -0.324522   -0.250834   0.0154977
0.307692   0.846154   0.384615   -0.554989   -0.333272   0.021982
0.384615   0.846154   0.384615   -0.847119   -0.423404   0.0282939
0.461538   0.846154   0.384615   -1.20366   -0.524319   0.0344231
0.538462   0.846154   0.384615   -1.62231   -0.633848   0.0406849
0.615385   0.846154   0.384615   -2.0795   -0.74121   0.0476982
0.692308   0.846154   0.384615   -2.52361   -0.817687   0.0560992
0.769231   0.846154   0.384615   -2.78028   -0.758427   0.0652673
0.846154   0.846154   0.384615   -2.5546   -0.1616   0.0700801
0.923077   0.846154   0.384615   -1.15076   2.37088   0.0562937
1   0.846154   0.384615   -4.29619e-34   9   4.00145e-35
0   0.923077   0.384615   -6.77271e-37   -4.81217e-36   1.27631e-36
0.0769231   0.923077   0.384615   -0.0183112   -0.0196687   0.00417656
0.153846   0.923077   0.384615   -0.0812755   -0.0477056   0.00854045
0.230769   0.923077   0.384615   -0.187974   -0.0731156   0.0135643
0.307692   0.923077   0.384615   -0.337055   -0.0985105   0.0187062
0.384615   0.923077   0.384615   -0.53117   -0.12693   0.0235892
0.461538   0.923077   0.384615   -0.777205   -0.160663   0.0280691
0.538462   0.923077   0.384615   -1.08365   -0.201225   0.0322071
0.615385   0.923077   0.384615   -1.45843   -0.251455   0.0363189
0.692308   0.923077   0.384615   -1.91593   -0.313368   0.0409388
0.769231   0.923077   0.384615   -2.38696   -0.369351   0.0461623
0.846154   0.923077   0.384615   -2.86436   -0.438274   0.0493336
0.923077   0.923077   0.384615   -2.19691   0.254506   0.0407309
1   0.923077   0.384615   -2.8155e-33   9   3.28524e-35
0   1   0.384615   3.40772e-37   3.36187e-37   -9.2138e-37
0.0769231   1   0.384615   -4.42037e-36   -2.32207e-37   2.04047e-36
0.153846   1   0.384615   -2.99701e-35   -1.28461e-35   4.95237e-36
0.230769   1   0.384615   -7.91901e-35   -2.37271e-35   8.22102e-36
0.307692   1   0.384615   -1.52306e-34   -3.36309e-35   1.16939e-35
0.384615   1   0.384615   -2.50188e-34   -4.49044e-35   1.50545e-35
0.461538   1   0.384615   -3.76591e-34   -5.91451e-35   1.81521e-35
0.538462   1   0.384615   -5.37744e-34   -7.73539e-35   2.09646e-35
0.615385   1   0.384615   -7.42977e-34   -1.06512e-34   2.36187e-35
0.692308   1   0.384615   -1.0029e-33   -1.53505e-34   2.64459e-35
0.769231   1   0.384615   -1.33077e-33   -1.80973e-34   2.97483e-35
0.846154   1   0.384615   -1.79633e-33   -7.97424e-34   3.26472e-35
0.923077   1   0.384615   -1.75756e-33   -3.26475e-33   3.00715e-35
1   1   0.384615   2.99653e-33   9   -3.15337e-37
0   0   0.461538   1.38107e-36   -1.76469e-36   1.41436e-37
0.0769231   0   0.461538   1.85373e-35   -8.67849e-36   -4.67188e-37
0.153846   0   0.461538   5.91715e-35   -2.39757e-35   -8.30255e-37
0.230769   0   0.461538   1.25505e-34   -3.46452e-35   -1.22997e-36
0.307692   0   0.461538   2.16652e-34   -4.55708e-35   -1.61892e-36
0.384615   0   0.461538   3.34882e-34   -5.86215e-35   -1.96905e-36
0.461538   0   0.461538   4.84902e-34   -7.51522e-35   -2.27135e-36
0.538462   0   0.461538   6.7482e-34   -9.53612e-35   -2.53627e-36
0.615385   0   0.461538   9.08223e-34   -1.31623e-34   -2.79889e-36
0.692308   0   0.461538   1.19487e-33   -1.71004e-34   -3.10825e-36
0.769231   0   0.461538   1.63278e-33   -1.67263e-34   -3.4398e-36
0.846154   0   0.461538   1.42557e-33   -9.21122e-34   -3.49066e-36
0.923077   0   0.461538   4.72105e-34   1.17821e-34   -2.44317e-36
1   0   0.461538   -4.33007e-33   9   3.21207e-36
0   0.0769231   0.461538   7.51443e-36   -1.94795e-35   -3.1971e-37
0.0769231   0.0769231   0.461538   0.0186355   -0.020505   -0.00152787
0.153846   0.0769231   0.461538   0.0816685   -0.049454   -0.00303929
0.230769   0.0769231   0.461538   0.190532   -0.07552   -0.00476832
0.307692   0.0769231   0.461538   0.342306   -0.101508   -0.00653391
0.384615   0.0769231   0.461538   0.539702   -0.130429   -0.00819997
0.461538   0.0769231   0.461538   0.788896   -0.164456   -0.00971416
0.538462   0.0769231   0.461538   1.09804   -0.205192   -0.0111121
0.615385   0.0769231   0.461538   1.47479   -0.254344   -0.0125305
0.692308   0.0769231   0.461538   1.91397   -0.315515   -0.014168
0.769231   0.0769231   0.461538   2.43032   -0.377073   -0.0159805
0.846154   0.0769231   0.461538   2.8475   -0.366453   -0.0168959
0.923077   0.0769231   0.461538   2.17076   0.318123   -0.0136538
1   0.0769231   0.461538   1.94958e-33   9   -8.97596e-36
0   0.153846   0.461538   2.00773e-35   -5.77433e-35   -2.05413e-37
0.0769231   0.153846   0.461538   0.0426148   -0.0846098   -0.00147686
0.153846   0.153846   0.461538   0.155569   -0.174145   -0.00335606
0.230769   0.153846   0.461538   0.330567   -0.258125   -0.00554154
0.307692   0.153846   0.461538   0.56572   -0.342562   -0.00779959
0.384615   0.153846   0.461538   0.863247   -0.433902   -0.00999337
0.461538   0.153846   0.461538   1.22525   -0.534778   -0.0121185
0.538462   0.153846   0.461538   1.64781   -0.642291   -0.0142985
0.615385   0.153846   0.461538   2.10923   -0.74482   -0.0167648
0.692308   0.153846   0.461538   2.55089   -0.808769   -0.0197133
0.769231   0.153846   0.461538   2.82233   -0.731436   -0.0227888
0.846154   0.153846   0.461538   2.53695   -0.172771   -0.0240416
0.923077   0.153846   0.461538   1.23635   2.26378   -0.0188322
1   0.153846   0.461538   9.89151e-34   9   -1.64606e-35
0   0.230769   0.461538   2.26212e-35   -1.08911e-34   -3.9285e-38
0.0769231   0.230769   0.461538   0.0530448   -0.178603   -0.000815951
0.153846   0.230769   0.461538   0.186564   -0.338504   -0.00245693
0.230769   0.230769   0.461538   0.38242   -0.487474   -0.00446661
0.307692   0.230769   0.461538   0.636576   -0.63695   -0.00656018
0.384615   0.230769   0.461538   0.947831   -0.793652   -0.00863471
0.461538   0.230769   0.461538   1.31021   -0.954363   -0.0107435
0.538462   0.230769   0.461538   1.70342   -1.10037   -0.0130687
0.615385   0.230769   0.461538   2.07814   -1.18662   -0.0158699
0.692308   0.230769   0.461538   2.3332   -1.1155   -0.0192827
0.769231   0.230769   0.461538   2.28877   -0.673523   -0.0227694
0.846154   0.230769   0.461538   1.71854   0.627207   -0.0241606
0.923077   0.230769   0.461538   0.685012   3.65884   -0.0187996
1   0.230769   0.461538   3.90059e-34   9   -1.77769e-35
0   0.307692   0.461538   1.88511e-35   -1.58732e-34   6.47777e-38
0.0769231   0.307692   0.461538   0.049165   -0.276094   -0.00020348
0.153846   0.307692   0.461538   0.171018   -0.502743   -0.00137811
0.230769   0.307692   0.461538   0.344807   -0.709438   -0.00292139
0.307692   0.307692   0.461538   0.564349   -0.914068   -0.00454341
0.384615   0.307692   0.461538   0.82514   -1.12129   -0.00617175
0.461538   0.307692   0.461538   1.11591   -1.31758   -0.00788418
0.538462   0.307692   0.461538   1.40908   -1.46264   -0.00986407
0.615385   0.307692   0.461538   1.64918   -1.4744   -0.012336
0.692308   0.307692   0.461538   1.74303   -1.20316   -0.0153743
0.769231   0.307692   0.461538   1.57022   -0.390633   -0.0184494
0.846154   0.307692   0.461538   1.06158   1.35931   -0.0196972
0.923077   0.307692   0.461538   0.377466   4.4709   -0.0153082
1   0.307692   0.461538   2.19401e-34   9   -1.54368e-35
0   0.384615   0.461538   1.09391e-35   -1.9551e-34   7.5935e-38
0.0769231   0.384615   0.461538   0.0340636   -0.354442   8.52124e-05
0.153846   0.384615   0.461538   0.118172   -0.632595   -0.000593868
0.230769   0.384615   0.461538   0.236304   -0.881307   -0.00154853
0.307692   0.384615   0.461538   0.382867   -1.12382   -0.00256075
0.384615   0.384615   0.461538   0.552956   -1.36206   -0.00358582
0.461538   0.384615   0.461538   0.736156   -1.57236   -0.00468735
0.538462   0.384615   0.461538   0.909987   -1.69573   -0.00599571
0.615385   0.384615   0.461538   1.03397   -1.62341   -0.00765725
0.692308   0.384615   0.461538   1.04928   -1.18048   -0.00970311
0.769231   0.384615   0.461538   0.897321   -0.118713   -0.0117595
0.846154   0.384615   0.461538   0.571768   1.84862   -0.012601
0.923077   0.384615   0.461538   0.191661   4.92065   -0.00979354
1   0.384615   0.461538   1.09943e-34   9   -1.0806e-35
0   0.461538   0.461538   9.03575e-37   -2.11739e-34   2.07106e-38
0.0769231   0.461538   0.461538   0.0120466   -0.397663   6.74454e-05
0.153846   0.461538   0.461538   0.0420714   -0.703701   -0.000148658
0.230769   0.461538   0.461538   0.0837813   -0.97434   -0.000467612
0.307692   0.461538   0.461538   0.135086   -1.23571   -0.000809429
0.384615   0.461538   0.461538   0.19386   -1.48793   -0.00115862
0.461538   0.461538   0.461538   0.255929   -1.70122   -0.00153816
0.538462   0.461538   0.461538   0.312764   -1.80625   -0.00199162
0.615385   0.461538   0.461538   0.349777   -1.68164   -0.00256709
0.692308   0.461538   0.461538   0.347614   -1.14528   -0.00327047
0.769231   0.461538   0.461538   0.289985   0.0351962   -0.00396902
0.846154   0.461538   0.461538   0.18018   2.08761   -0.00424932
0.923077   0.461538   0.461538   0.0595528   5.12239   -0.00329973
1   0.461538   0.461538   4.69003e-35   9   -4.99353e-36
0   0.538462   0.461538   -9.27319e-36   -2.04352e-34   -4.6273e-38
0.0769231   0.538462   0.461538   -0.0122695   -0.397698   -6.88193e-05
0.153846   0.538462   0.461538   -0.0418704   -0.703728   0.000159244
0.230769   0.538462   0.461538   -0.0835475   -0.974387   0.000488075
0.307692   0.538462   0.461538   -0.134716   -1.23578   0.000835174
0.384615   0.538462   0.461538   -0.193392   -1.48801   0.0011854
0.461538   0.538462   0.461538   -0.255421   -1.70126   0.00156411
0.538462   0.538462   0.461538   -0.312453   -1.8062   0.00202309
0.615385   0.538462   0.461538   -0.350183   -1.6814   0.00261546
0.692308   0.538462   0.461538   -0.348842   -1.14457   0.00335742
0.769231   0.538462   0.461538   -0.291524   0.0360438   0.00411833
0.846154   0.538462   0.461538   -0.180524   2.08742   0.00444622
0.923077   0.538462   0.461538   -0.0573251   5.12163   0.00346322
1   0.538462   0.461538   -1.47787e-36   9   1.23822e-36
0   0.615385   0.461538   -1.76743e-35   -1.7474e-34   -6.67569e-38
0.0769231   0.615385   0.461538   -0.0342358   -0.354531   -8.23828e-05
0.153846   0.615385   0.461538   -0.118017   -0.632654   0.000607869
0.230769   0.615385   0.461538   -0.236146   -0.881422   0.00157257
0.307692   0.615385   0.461538   -0.382587   -1.12402   0.00259294
0.384615   0.615385   0.461538   -0.552548   -1.36234   0.00362393
0.461538   0.615385   0.461538   -0.735571   -1.57261   0.00472781
0.538462   0.615385   0.461538   -0.909394   -1.69564   0.00603919
0.615385   0.615385   0.461538   -1.03342   -1.62237   0.00770533
0.692308   0.615385   0.461538   -1.04962   -1.1785   0.00976839
0.769231   0.615385   0.461538   -0.899454   -0.118235   0.0118665
0.846154   0.615385   0.461538   -0.572662   1.84613   0.0127419
0.923077   0.615385   0.461538   -0.187665   4.91967   0.00990811
1   0.615385   0.461538   -4.96116e-35   9   7.3475e-36
0   0.692308   0.461538   -2.23363e-35   -1.28715e-34   -2.17374e-39
0.0769231   0.692308   0.461538   -0.0492313   -0.276188   0.00021259
0.153846   0.692308   0.461538   -0.170954   -0.502795   0.00139537
0.230769   0.692308   0.461538   -0.344775   -0.709571   0.00294863
0.307692   0.692308   0.461538   -0.56424   -0.914334   0.00458314
0.384615   0.692308   0.461538   -0.824938   -1.12173   0.00622458
0.461538   0.692308   0.461538   -1.11537   -1.31812   0.00794559
0.538462   0.692308   0.461538   -1.40814   -1.46306   0.00992755
0.615385   0.692308   0.461538   -1.64711   -1.47438   0.0123901
0.692308   0.692308   0.461538   -1.74228   -1.20191   0.0154094
0.769231   0.692308   0.461538   -1.57038   -0.386112   0.0184733
0.846154   0.692308   0.461538   -1.06378   1.36494   0.0197131
0.923077   0.692308   0.461538   -0.371273   4.46869   0.0153087
1   0.692308   0.461538   -1.28576e-34   9   1.27373e-35
0   0.769231   0.461538   -2.15491e-35   -7.64569e-35   1.39542e-37
0.0769231   0.769231   0.461538   -0.0529173   -0.178597   0.000829517
0.153846   0.769231   0.461538   -0.186643   -0.338454   0.00247141
0.230769   0.769231   0.461538   -0.382505   -0.487518   0.00448935
0.307692   0.769231   0.461538   -0.636671   -0.637119   0.00659853
0.384615   0.769231   0.461538   -0.947937   -0.794017   0.00869215
0.461538   0.769231   0.461538   -1.30999   -0.955027   0.0108171
0.538462   0.769231   0.461538   -1.70312   -1.10164   0.0131461
0.615385   0.769231   0.461538   -2.07558   -1.18814   0.0159235
0.692308   0.769231   0.461538   -2.32951   -1.11451   0.0192722
0.769231   0.769231   0.461538   -2.27779   -0.664384   0.0226716
0.846154   0.769231   0.461538   -1.7366   0.629402   0.0239909
0.923077   0.769231   0.461538   -0.667606   3.62799   0.0186174
1   0.769231   0.461538   -2.61789e-34   9   1.65406e-35
0   0.846154   0.461538   -1.37313e-35   -3.13884e-35   2.79692e-37
0.0769231   0.846154   0.461538   -0.042236   -0.084771   0.00148544
0.153846   0.846154   0.461538   -0.155793   -0.174146   0.0033583
0.230769   0.846154   0.461538   -0.330673   -0.258074   0.00554806
0.307692   0.846154   0.461538   -0.565926   -0.342535   0.00781864
0.384615   0.846154   0.461538   -0.863557   -0.433991   0.0100301
0.461538   0.846154   0.461538   -1.22564   -0.535186   0.0121735
0.538462   0.846154   0.461538   -1.64884   -0.643459   0.0143596
0.615385   0.846154   0.461538   -2.10812   -0.747558   0.0167972
0.692308   0.846154   0.461538   -2.55023   -0.818787   0.0196549
0.769231   0.846154   0.461538   -2.80015   -0.753546   0.0225837
0.846154   0.846154   0.461538   -2.56487   -0.15295   0.0237042
0.923077   0.846154   0.461538   -1.15321   2.37778   0.0184881
1   0.846154   0.461538   -4.30865e-34   9   1.75727e-35
0   0.923077   0.461538   -2.82775e-37   -4.83741e-36   2.44535e-37
0.0769231   0.923077   0.461538   -0.0182559   -0.0200275   0.00152331
0.153846   0.923077   0.461538   -0.0819638   -0.0488932   0.0030291
0.230769   0.923077   0.461538   -0.190559   -0.0750627   0.00475257
0.307692   0.923077   0.461538   -0.342433   -0.101045   0.00651824
0.384615   0.923077   0.461538   -0.539892   -0.129832   0.00819006
0.461538   0.923077   0.461538   -0.789421   -0.163625   0.00971483
0.538462   0.923077   0.461538   -1.09889   -0.203799   0.0111211
0.615385   0.923077   0.461538   -1.47527   -0.253056   0.0125296
0.692308   0.923077   0.461538   -1.93178   -0.313422   0.0141109
0.769231   0.923077   0.461538   -2.39861   -0.367681   0.0158084
0.846154   0.923077   0.461538   -2.86986   -0.435644   0.0165793
0.923077   0.923077   0.461538   -2.19781   0.256294   0.0132832
1   0.923077   0.461538   -2.81558e-33   9   1.42747e-35
0   1   0.461538   3.51142e-37   6.98385e-38   -3.34929e-37
0.0769231   1   0.461538   -4.29336e-36   -2.54957e-37   1.00982e-36
0.153846   1   0.461538   -3.01945e-35   -1.35343e-35   2.40235e-36
0.230769   1   0.461538   -8.04789e-35   -2.48764e-35   3.92076e-36
0.307692   1   0.461538   -1.55431e-34   -3.51252e-35   5.53621e-36
0.384615   1   0.461538   -2.55665e-34   -4.66107e-35   7.10002e-36
0.461538   1   0.461538   -3.84676e-34   -6.08859e-35   8.53559e-36
0.538462   1   0.461538   -5.48324e-34   -7.88952e-35   9.83672e-36
0.615385   1   0.461538   -7.55328e-34   -1.07538e-34   1.10799e-35
0.692308   1   0.461538   -1.01543e-33   -1.53723e-34   1.24144e-35
0.769231   1   0.461538   -1.34115e-33   -1.80295e-34   1.39034e-35
0.846154   1   0.461538   -1.80247e-33   -7.96237e-34   1.497e-35
0.923077   1   0.461538   -1.75958e-33   -3.26411e-33   1.32837e-35
1   1   0.461538   2.99779e-33   9   6.70187e-37
0   0   0.538462   1.28432e-36   -1.86778e-36   5.99253e-38
0.0769231   0   0.538462   1.85211e-35   -8.69387e-36   1.8367e-36
0.153846   0   0.538462   5.89973e-35   -2.39783e-35   3.28968e-36
0.230769   0   0.538462   1.24993e-34   -3.4529e-35   4.89001e-36
0.307692   0   0.538462   2.15663e-34   -4.53278e-35   6.49878e-36
0.384615   0   0.538462   3.33339e-34   -5.82756e-35   8.00664e-36
0.461538   0   0.538462   4.82809e-34   -7.47485e-35   9.37561e-36
0.538462   0   0.538462   6.72306e-34   -9.49708e-35   1.06456e-35
0.615385   0   0.538462   9.05583e-34   -1.3137e-34   1.19391e-35
0.692308   0   0.538462   1.19255e-33   -1.71096e-34   1.33747e-35
0.769231   0   0.538462   1.63125e-33   -1.67847e-34   1.47047e-35
0.846154   0   0.538462   1.42492e-33   -9.22237e-34   1.4494e-35
0.923077   0   0.538462   4.72101e-34   1.17137e-34   8.95914e-36
1   0   0.538462   -4.32994e-33   9   -2.94706e-36
0   0.0769231   0.538462   7.60051e-36   -1.93379e-35   1.172e-36
0.0769231   0.0769231   0.538462   0.0186394   -0.020502   0.0014838
0.153846   0.0769231   0.538462   0.0816607   -0.0494504   0.00298685
0.230769   0.0769231   0.538462   0.190539   -0.0755107   0.00471104
0.307692   0.0769231   0.538462   0.342322   -0.101497   0.00649133
0.384615   0.0769231   0.538462   0.539725   -0.13042   0.00818695
0.461538   0.0769231   0.538462   0.788923   -0.164454   0.0097403
0.538462   0.0769231   0.538462   1.09806   -0.205201   0.0111721
0.615385   0.0769231   0.538462   1.47479   -0.254365   0.0125908
0.692308   0.0769231   0.538462   1.91392   -0.315537   0.0141601
0.769231   0.0769231   0.538462   2.43024   -0.377078   0.0158357
0.846154   0.0769231   0.538462   2.84743   -0.36642   0.0166366
0.923077   0.0769231   0.538462   2.17068   0.31816   0.01346
1   0.0769231   0.538462   1.95006e-33   9   2.3128e-36
0   0.153846   0.538462   2.01458e-35   -5.72916e-35   9.30028e-37
0.0769231   0.153846   0.538462   0.0426243   -0.0845934   0.00145958
0.153846   0.153846   0.538462   0.155573   -0.17413   0.00332117
0.230769   0.153846   0.538462   0.330587   -0.25811   0.00551291
0.307692   0.153846   0.538462   0.565748   -0.342549   0.00780192
0.384615   0.153846   0.538462   0.863283   -0.433894   0.0100443
0.461538   0.153846   0.538462   1.22528   -0.53478   0.0122227
0.538462   0.153846   0.538462   1.64783   -0.642303   0.0144355
0.615385   0.153846   0.538462   2.10921   -0.744835   0.0168755
0.692308   0.153846   0.538462   2.55081   -0.808766   0.019705
0.769231   0.153846   0.538462   2.82221   -0.731391   0.0226049
0.846154   0.153846   0.538462   2.53687   -0.17269   0.0237705
0.923077   0.153846   0.538462   1.23628   2.26385   0.0186577
1   0.153846   0.538462   9.89473e-34   9   3.96334e-36
0   0.230769   0.538462   2.25653e-35   -1.08009e-34   3.67068e-37
0.0769231   0.230769   0.538462   0.0530517   -0.1786   0.000821983
0.153846   0.230769   0.538462   0.186574   -0.3385   0.00244694
0.230769   0.230769   0.538462   0.382444   -0.48747   0.00446871
0.307692   0.230769   0.538462   0.636607   -0.636949   0.00659863
0.384615   0.230769   0.538462   0.947866   -0.793659   0.00872406
0.461538   0.230769   0.538462   1.31024   -0.95438   0.0108823
0.538462   0.230769   0.538462   1.70343   -1.1004   0.0132298
0.615385   0.230769   0.538462   2.07811   -1.18664   0.0159927
0.692308   0.230769   0.538462   2.33312   -1.11549   0.0192915
0.769231   0.230769   0.538462   2.28867   -0.673463   0.0226382
0.846154   0.230769   0.538462   1.71848   0.627304   0.0239849
0.923077   0.230769   0.538462   0.684975   3.65891   0.018725
1   0.230769   0.538462   3.90071e-34   9   4.25168e-36
0   0.307692   0.538462   1.86942e-35   -1.57366e-34   -4.86191e-38
0.0769231   0.307692   0.538462   0.0491702   -0.276098   0.000215313
0.153846   0.307692   0.538462   0.171031   -0.502744   0.00138177
0.230769   0.307692   0.538462   0.344828   -0.70944   0.0029391
0.307692   0.307692   0.538462   0.564375   -0.914076   0.00459259
0.384615   0.307692   0.538462   0.825166   -1.12131   0.00626098
0.461538   0.307692   0.538462   1.11593   -1.31761   0.00800778
0.538462   0.307692   0.538462   1.40908   -1.46267   0.00999699
0.615385   0.307692   0.538462   1.64915   -1.47442   0.0124351
0.692308   0.307692   0.538462   1.74298   -1.20314   0.0153976
0.769231   0.307692   0.538462   1.57018   -0.390568   0.0183976
0.846154   0.307692   0.538462   1.06157   1.3594   0.0196454
0.923077   0.307692   0.538462   0.377459   4.47096   0.015339
1   0.307692   0.538462   2.19221e-34   9   3.70503e-36
0   0.384615   0.538462   1.07513e-35   -1.9379e-34   -1.60162e-37
0.0769231   0.384615   0.538462   0.0340685   -0.35445   -7.83564e-05
0.153846   0.384615   0.538462   0.118184   -0.6326   0.000599823
0.230769   0.384615   0.538462   0.236319   -0.881314   0.00156686
0.307692   0.384615   0.538462   0.382883   -1.12383   0.00259976
0.384615   0.384615   0.538462   0.552969   -1.36209   0.00364726
0.461538   0.384615   0.538462   0.736163   -1.57239   0.00476481
0.538462   0.384615   0.538462   0.909984   -1.69575   0.00607631
0.615385   0.384615   0.538462   1.03395   -1.62342   0.00772444
0.692308   0.384615   0.538462   1.04926   -1.18045   0.00974652
0.769231   0.384615   0.538462   0.897319   -0.118655   0.0117934
0.846154   0.384615   0.538462   0.57179   1.84868   0.0126663
0.923077   0.384615   0.538462   0.191671   4.92069   0.00989717
1   0.384615   0.538462   1.09539e-34   9   2.62049e-36
0   0.461538   0.538462   7.57809e-37   -2.09858e-34   -3.81759e-38
0.0769231   0.461538   0.538462   0.0120513   -0.397671   -7.01293e-05
0.153846   0.461538   0.538462   0.0420798   -0.703706   0.000151662
0.230769   0.461538   0.538462   0.0837877   -0.974347   0.000479635
0.307692   0.461538   0.538462   0.13509   -1.23572   0.000829166
0.384615   0.461538   0.538462   0.19386   -1.48795   0.00118258
0.461538   0.461538   0.538462   0.255929   -1.70124   0.00156419
0.538462   0.461538   0.538462   0.312763   -1.80627   0.00202186
0.615385   0.461538   0.538462   0.34978   -1.68165   0.00260669
0.692308   0.461538   0.538462   0.347629   -1.14527   0.0033343
0.769231   0.461538   0.538462   0.290018   0.035236   0.00407649
0.846154   0.461538   0.538462   0.180218   2.08765   0.00440107
0.923077   0.461538   0.538462   0.0595737   5.1224   0.00344047
1   0.461538   0.538462   4.62232e-35   9   1.23962e-36
0   0.538462   0.538462   -9.3197e-36   -2.0254e-34   1.27277e-37
0.0769231   0.538462   0.538462   -0.0122656   -0.397704   5.88378e-05
0.153846   0.538462   0.538462   -0.0418671   -0.703731   -0.000157605
0.230769   0.538462   0.538462   -0.0835496   -0.974392   -0.000481458
0.307692   0.538462   0.538462   -0.134723   -1.23579   -0.000832358
0.384615   0.538462   0.538462   -0.193401   -1.48803   -0.00119272
0.461538   0.538462   0.538462   -0.255427   -1.70128   -0.00157993
0.538462   0.538462   0.538462   -0.312456   -1.80621   -0.00203657
0.615385   0.538462   0.538462   -0.350168   -1.68141   -0.00260665
0.692308   0.538462   0.538462   -0.348801   -1.14457   -0.0032856
0.769231   0.538462   0.538462   -0.291466   0.0360669   -0.00396101
0.846154   0.538462   0.538462   -0.180483   2.08744   -0.00424383
0.923077   0.538462   0.538462   -0.057301   5.12161   -0.00331636
1   0.538462   0.538462   -2.37219e-36   9   -2.53877e-37
0   0.615385   0.538462   -1.75931e-35   -1.73213e-34   1.26363e-37
0.0769231   0.615385   0.538462   -0.0342337   -0.354532   7.21391e-05
0.153846   0.615385   0.538462   -0.118019   -0.632654   -0.000602407
0.230769   0.615385   0.538462   -0.236155   -0.881422   -0.0015655
0.307692   0.615385   0.538462   -0.3826   -1.12402   -0.00259729
0.384615   0.615385   0.538462   -0.552566   -1.36234   -0.00364892
0.461538   0.615385   0.538462   -0.735583   -1.57262   -0.00477235
0.538462   0.615385   0.538462   -0.9094   -1.69565   -0.00608749
0.615385   0.615385   0.538462   -1.03339   -1.62238   -0.0077247
0.692308   0.615385   0.538462   -1.04956   -1.17851   -0.00969323
0.769231   0.615385   0.538462   -0.899388   -0.118245   -0.0116872
0.846154   0.615385   0.538462   -0.572629   1.8461   -0.0125419
0.923077   0.615385   0.538462   -0.187639   4.91963   -0.00979868
1   0.615385   0.538462   -5.06385e-35   9   -1.73064e-36
0   0.692308   0.538462   -2.21361e-35   -1.27624e-34   -1.72698e-37
0.0769231   0.692308   0.538462   -0.0492327   -0.276185   -0.000214783
0.153846   0.692308   0.538462   -0.170961   -0.502793   -0.00138187
0.230769   0.692308   0.538462   -0.344788   -0.70957   -0.00293581
0.307692   0.692308   0.538462   -0.564259   -0.914333   -0.00458525
0.384615   0.692308   0.538462   -0.824962   -1.12173   -0.00625293
0.461538   0.692308   0.538462   -1.11539   -1.31813   -0.00800036
0.538462   0.692308   0.538462   -1.40815   -1.46306   -0.00999011
0.615385   0.692308   0.538462   -1.64709   -1.4744   -0.0124325
0.692308   0.692308   0.538462   -1.74222   -1.20195   -0.0153695
0.769231   0.692308   0.538462   -1.57032   -0.386175   -0.018348
0.846154   0.692308   0.538462   -1.06377   1.36486   -0.0195991
0.923077   0.692308   0.538462   -0.371245   4.46862   -0.0152908
1   0.692308   0.538462   -1.29581e-34   9   -3.05315e-36
0   0.769231   0.538462   -2.12809e-35   -7.58443e-35   -7.1871e-37
0.0769231   0.769231   0.538462   -0.0529232   -0.178594   -0.000818794
0.153846   0.769231   0.538462   -0.186653   -0.338453   -0.00245178
0.230769   0.769231   0.538462   -0.382519   -0.487516   -0.00447208
0.307692   0.769231   0.538462   -0.636692   -0.637117   -0.00659671
0.384615   0.769231   0.538462   -0.947963   -0.794015   -0.00871734
0.461538   0.769231   0.538462   -1.31002   -0.955027   -0.0108714
0.538462   0.769231   0.538462   -1.70314   -1.10165   -0.0132172
0.615385   0.769231   0.538462   -2.07558   -1.18816   -0.015996
0.692308   0.769231   0.538462   -2.32948   -1.11457   -0.0193096
0.769231   0.769231   0.538462   -2.27775   -0.664477   -0.0226701
0.846154   0.769231   0.538462   -1.7366   0.629292   -0.024029
0.923077   0.769231   0.538462   -0.667577   3.62791   -0.0187391
1   0.769231   0.538462   -2.62556e-34   9   -4.01639e-36
0   0.846154   0.538462   -1.3479e-35   -3.11488e-35   -1.16679e-36
0.0769231   0.846154   0.538462   -0.0422443   -0.0847698   -0.00146459
0.153846   0.846154   0.538462   -0.155801   -0.174146   -0.00333933
0.230769   0.846154   0.538462   -0.330686   -0.258073   -0.00553327
0.307692   0.846154   0.538462   -0.565946   -0.342537   -0.00782029
0.384615   0.846154   0.538462   -0.86358   -0.433997   -0.0100585
0.461538   0.846154   0.538462   -1.22567   -0.535198   -0.0122321
0.538462   0.846154   0.538462   -1.64886   -0.643482   -0.0144449
0.615385   0.846154   0.538462   -2.10812   -0.747599   -0.0168968
0.692308   0.846154   0.538462   -2.55021   -0.818852   -0.0197463
0.769231   0.846154   0.538462   -2.80013   -0.753635   -0.0226711
0.846154   0.846154   0.538462   -2.5649   -0.153039   -0.0238697
0.923077   0.846154   0.538462   -1.15318   2.37774   -0.0187476
1   0.846154   0.538462   -4.31195e-34   9   -4.34017e-36
0   0.923077   0.538462   -1.86282e-37   -4.81851e-36   -8.51562e-37
0.0769231   0.923077   0.538462   -0.0182613   -0.0200269   -0.00150147
0.153846   0.923077   0.538462   -0.0819695   -0.048889   -0.00301531
0.230769   0.923077   0.538462   -0.190571   -0.0750607   -0.00475022
0.307692   0.923077   0.538462   -0.34245   -0.101047   -0.00653684
0.384615   0.923077   0.538462   -0.53991   -0.129836   -0.0082335
0.461538   0.923077   0.538462   -0.789437   -0.163629   -0.00978295
0.538462   0.923077   0.538462   -1.0989   -0.203803   -0.0112086
0.615385   0.923077   0.538462   -1.47526   -0.253061   -0.01262
0.692308   0.923077   0.538462   -1.93175   -0.313431   -0.0141828
0.769231   0.923077   0.538462   -2.39859   -0.367702   -0.0158636
0.846154   0.923077   0.538462   -2.86989   -0.435683   -0.0167141
0.923077   0.923077   0.538462   -2.19781   0.256267   -0.0136276
1   0.923077   0.538462   -2.81561e-33   9   -3.69958e-36
0   1   0.538462   2.98309e-37   -1.22762e-37   3.35549e-37
0.0769231   1   0.538462   -4.25615e-36   -4.02697e-37   -2.57755e-37
0.153846   1   0.538462   -3.0261e-35   -1.39713e-35   -5.90295e-37
0.230769   1   0.538462   -8.07679e-35   -2.54481e-35   -9.75059e-37
0.307692   1   0.538462   -1.56126e-34   -3.57771e-35   -1.3789e-36
0.384615   1   0.538462   -2.56879e-34   -4.7281e-35   -1.76377e-36
0.461538   1   0.538462   -3.86452e-34   -6.15013e-35   -2.10483e-36
0.538462   1   0.538462   -5.5061e-34   -7.93683e-35   -2.39328e-36
0.615385   1   0.538462   -7.57927e-34   -1.0779e-34   -2.63959e-36
0.692308   1   0.538462   -1.01797e-33   -1.53742e-34   -2.88341e-36
0.769231   1   0.538462   -1.34315e-33   -1.80197e-34   -3.17927e-36
0.846154   1   0.538462   -1.80361e-33   -7.96247e-34   -3.48009e-36
0.923077   1   0.538462   -1.75997e-33   -3.26416e-33   -3.37969e-36
1   1   0.538462   2.99897e-33   9   1.37217e-36
0   0   0.615385   1.23874e-36   -1.88212e-36   -4.20677e-38
0.0769231   0   0.615385   1.84613e-35   -8.61792e-36   3.75025e-36
0.153846   0   0.615385   5.81865e-35   -2.34541e-35   6.85745e-36
0.230769   0   0.615385   1.22612e-34   -3.35906e-35   1.02978e-35
0.307692   0   0.615385   2.11097e-34   -4.40751e-35   1.3742e-35
0.384615   0   0.615385   3.26224e-34   -5.6839e-35   1.69734e-35
0.461538   0   0.615385   4.73103e-34   -7.33003e-35   1.99252e-35
0.538462   0   0.615385   6.60476e-34   -9.37752e-35   2.268e-35
0.615385   0   0.615385   8.92846e-34   -1.30845e-34   2.54717e-35
0.692308   0   0.615385   1.18103e-33   -1.71612e-34   2.86412e-35
0.769231   0   0.615385   1.62348e-33   -1.69064e-34   3.22039e-35
0.846154   0   0.615385   1.4217e-33   -9.23202e-34   3.32931e-35
0.923077   0   0.615385   4.71478e-34   1.17038e-34   2.02994e-35
1   0   0.615385   -4.32409e-33   9   -1.06814e-35
0   0.0769231   0.615385   7.82909e-36   -1.87857e-35   2.29203e-36
0.0769231   0.0769231   0.615385   0.0186923   -0.0201278   0.00412314
0.153846   0.0769231   0.615385   0.0809687   -0.0482368   0.00847192
0.230769   0.0769231   0.615385   0.187963   -0.073536   0.013491
0.307692   0.0769231   0.615385   0.336964   -0.0989392   0.0186425
0.384615   0.0769231   0.615385   0.531027   -0.127502   0.0235425
0.461538   0.0769231   0.615385   0.776731   -0.161488   0.0280465
0.538462   0.0769231   0.615385   1.08284   -0.202643   0.0322231
0.615385   0.0769231   0.615385   1.45796   -0.252811   0.0363973
0.692308   0.0769231   0.615385   1.89804   -0.315566   0.0410877
0.769231   0.0769231   0.615385   2.41853   -0.378846   0.0463356
0.846154   0.0769231   0.615385   2.84201   -0.369141   0.049554
0.923077   0.0769231   0.615385   2.16982   0.316283   0.041124
1   0.0769231   0.615385   1.95071e-33   9   1.42496e-35
0   0.153846   0.615385   1.9986e-35   -5.53729e-35   1.60486e-36
0.0769231   0.153846   0.615385   0.042082   -0.0825857   0.00384728
0.153846   0.153846   0.615385   0.153008   -0.169385   0.00915924
0.230769   0.153846   0.615385   0.324458   -0.250841   0.0154318
0.307692   0.153846   0.615385   0.554842   -0.333259   0.0219276
0.384615   0.153846   0.615385   0.846882   -0.423287   0.0282606
0.461538   0.153846   0.615385   1.20334   -0.523905   0.0344205
0.538462   0.153846   0.615385   1.62132   -0.63271   0.0407274
0.615385   0.153846   0.615385   2.08059   -0.738547   0.0477998
0.692308   0.153846   0.615385   2.52415   -0.807777   0.0562567
0.769231   0.153846   0.615385   2.80226   -0.736412   0.065445
0.846154   0.153846   0.615385   2.52663   -0.181469   0.070331
0.923077   0.153846   0.615385   1.23383   2.25686   0.0567487
1   0.153846   0.615385   9.9002e-34   9   2.46653e-35
0   0.230769   0.615385   2.20932e-35   -1.04092e-34   3.58866e-37
0.0769231   0.230769   0.615385   0.0520628   -0.173873   0.00191595
0.153846   0.230769   0.615385   0.182708   -0.328708   0.00650997
0.230769   0.230769   0.615385   0.374107   -0.473074   0.012237
0.307692   0.230769   0.615385   0.622632   -0.618794   0.0181975
0.384615   0.230769   0.615385   0.927635   -0.773014   0.0240979
0.461538   0.230769   0.615385   1.2839   -0.933208   0.0300891
0.538462   0.230769   0.615385   1.67232   -1.08161   0.0366684
0.615385   0.230769   0.615385   2.04515   -1.174   0.0445747
0.692308   0.230769   0.615385   2.30284   -1.11267   0.0543362
0.769231   0.230769   0.615385   2.2661   -0.681841   0.0648322
0.846154   0.230769   0.615385   1.70665   0.611507   0.0702783
0.923077   0.230769   0.615385   0.681949   3.64544   0.056344
1   0.230769   0.615385   3.89754e-34   9   2.6569e-35
0   0.307692   0.615385   1.81325e-35   -1.5141e-34   -4.58477e-37
0.0769231   0.307692   0.615385   0.0481038   -0.268361   0.00021322
0.153846   0.307692   0.615385   0.16706   -0.487694   0.00349183
0.230769   0.307692   0.615385   0.336574   -0.687887   0.00787972
0.307692   0.307692   0.615385   0.550914   -0.887199   0.0124682
0.384615   0.307692   0.615385   0.806079   -1.09091   0.0170495
0.461538   0.307692   0.615385   1.09151   -1.28654   0.0218435
0.538462   0.307692   0.615385   1.38068   -1.43514   0.0273623
0.615385   0.307692   0.615385   1.61951   -1.45579   0.0342738
0.692308   0.307692   0.615385   1.7161   -1.19855   0.0429488
0.769231   0.307692   0.615385   1.55033   -0.401852   0.0522284
0.846154   0.307692   0.615385   1.05116   1.33751   0.0570544
0.923077   0.307692   0.615385   0.374763   4.45189   0.0456989
1   0.307692   0.615385   2.18429e-34   9   2.29614e-35
0   0.384615   0.615385   1.03112e-35   -1.86297e-34   -5.57024e-37
0.0769231   0.384615   0.615385   0.033275   -0.344228   -0.000495408
0.153846   0.384615   0.615385   0.115271   -0.61332   0.00140434
0.230769   0.384615   0.615385   0.230352   -0.854122   0.00412214
0.307692   0.384615   0.615385   0.37328   -1.09019   0.00697593
0.384615   0.384615   0.615385   0.539509   -1.32422   0.00983665
0.461538   0.384615   0.615385   0.719125   -1.53385   0.0128865
0.538462   0.384615   0.615385   0.890377   -1.66172   0.0165023
0.615385   0.384615   0.615385   1.01369   -1.60046   0.0211376
0.692308   0.384615   0.615385   1.03108   -1.17469   0.0270004
0.769231   0.384615   0.615385   0.884012   -0.132092   0.0332476
0.846154   0.384615   0.615385   0.564836   1.82253   0.0364939
0.923077   0.384615   0.615385   0.189864   4.89786   0.029203
1   0.384615   0.615385   1.08477e-34   9   1.60389e-35
0   0.461538   0.615385   5.87753e-37   -2.01682e-34   -1.26764e-37
0.0769231   0.461538   0.615385   0.0117653   -0.386063   -0.000291554
0.153846   0.461538   0.615385   0.0410204   -0.682091   0.000325724
0.230769   0.461538   0.615385   0.0816216   -0.94408   0.00124355
0.307692   0.461538   0.615385   0.131619   -1.19842   0.00220624
0.384615   0.461538   0.615385   0.189019   -1.44609   0.00317028
0.461538   0.461538   0.615385   0.249834   -1.65873   0.00420834
0.538462   0.461538   0.615385   0.305785   -1.76885   0.00545908
0.615385   0.461538   0.615385   0.342617   -1.65649   0.00708462
0.692308   0.461538   0.615385   0.341249   -1.13896   0.00916404
0.769231   0.461538   0.615385   0.285388   0.0206516   0.0113898
0.846154   0.461538   0.615385   0.177804   2.05935   0.0125459
0.923077   0.461538   0.615385   0.0589477   5.09776   0.0100221
1   0.461538   0.615385   4.50919e-35   9   7.4456e-36
0   0.538462   0.615385   -9.15914e-36   -1.94676e-34   4.01236e-37
0.0769231   0.538462   0.615385   -0.011964   -0.386092   0.000268381
0.153846   0.538462   0.615385   -0.0407957   -0.682114   -0.000344686
0.230769   0.538462   0.615385   -0.0813845   -0.944122   -0.0012615
0.307692   0.538462   0.615385   -0.131266   -1.19849   -0.00223423
0.384615   0.538462   0.615385   -0.188583   -1.44616   -0.00321665
0.461538   0.538462   0.615385   -0.249363   -1.65876   -0.00427435
0.538462   0.538462   0.615385   -0.305511   -1.76879   -0.0055408
0.615385   0.538462   0.615385   -0.343002   -1.65624   -0.00714643
0.692308   0.538462   0.615385   -0.342379   -1.13825   -0.00914148
0.769231   0.538462   0.615385   -0.286759   0.0214734   -0.0112544
0.846154   0.538462   0.615385   -0.178027   2.0591   -0.0123447
0.923077   0.538462   0.615385   -0.0566547   5.09695   -0.00989262
1   0.538462   0.615385   -3.47132e-36   9   -1.74518e-36
0   0.615385   0.615385   -1.71348e-35   -1.66591e-34   5.57678e-37
0.0769231   0.615385   0.615385   -0.0334293   -0.344303   0.000478395
0.153846   0.615385   0.615385   -0.115098   -0.61337   -0.00142047
0.230769   0.615385   0.615385   -0.230189   -0.854227   -0.00413787
0.307692   0.615385   0.615385   -0.373011   -1.09037   -0.00699907
0.384615   0.615385   0.615385   -0.539127   -1.32447   -0.00987589
0.461538   0.615385   0.615385   -0.718579   -1.53405   -0.0129447
0.538462   0.615385   0.615385   -0.889826   -1.6616   -0.0165733
0.615385   0.615385   0.615385   -1.01313   -1.59942   -0.0211735
0.692308   0.615385   0.615385   -1.03137   -1.17277   -0.0269749
0.769231   0.615385   0.615385   -0.886037   -0.13178   -0.0331608
0.846154   0.615385   0.615385   -0.565638   1.81983   -0.0363153
0.923077   0.615385   0.615385   -0.185803   4.89675   -0.0290504
1   0.615385   0.615385   -5.16079e-35   9   -1.07898e-35
0   0.692308   0.615385   -2.15159e-35   -1.22911e-34   3.00366e-38
0.0769231   0.692308   0.615385   -0.0481642   -0.268441   -0.000221668
0.153846   0.692308   0.615385   -0.166986   -0.487743   -0.00350603
0.230769   0.692308   0.615385   -0.336533   -0.688017   -0.00789476
0.307692   0.692308   0.615385   -0.550807   -0.887452   -0.0124876
0.384615   0.692308   0.615385   -0.805892   -1.09132   -0.0170793
0.461538   0.692308   0.615385   -1.091   -1.28704   -0.0218824
0.538462   0.692308   0.615385   -1.37979   -1.43552   -0.0274168
0.615385   0.692308   0.615385   -1.61746   -1.45579   -0.0343101
0.692308   0.692308   0.615385   -1.71539   -1.19742   -0.0429628
0.769231   0.692308   0.615385   -1.55046   -0.397569   -0.0522503
0.846154   0.692308   0.615385   -1.05331   1.34284   -0.0569126
0.923077   0.692308   0.615385   -0.368516   4.44947   -0.0454894
1   0.692308   0.615385   -1.3033e-34   9   -1.88731e-35
0   0.769231   0.615385   -2.07122e-35   -7.32331e-35   -1.11657e-36
0.0769231   0.769231   0.615385   -0.0519435   -0.17387   -0.0019193
0.153846   0.769231   0.615385   -0.18279   -0.32867   -0.00652794
0.230769   0.769231   0.615385   -0.374183   -0.473129   -0.0122575
0.307692   0.769231   0.615385   -0.622725   -0.618967   -0.0182196
0.384615   0.769231   0.615385   -0.927744   -0.773368   -0.024123
0.461538   0.769231   0.615385   -1.2837   -0.933846   -0.0301174
0.538462   0.769231   0.615385   -1.67209   -1.08285   -0.0367175
0.615385   0.769231   0.615385   -2.04265   -1.17551   -0.0446291
0.692308   0.769231   0.615385   -2.29926   -1.11177   -0.0543317
0.769231   0.769231   0.615385   -2.25519   -0.672934   -0.064801
0.846154   0.769231   0.615385   -1.72475   0.613342   -0.0700904
0.923077   0.769231   0.615385   -0.664541   3.61428   -0.056116
1   0.769231   0.615385   -2.63018e-34   9   -2.47394e-35
0   0.846154   0.615385   -1.31894e-35   -3.02114e-35   -2.17833e-36
0.0769231   0.846154   0.615385   -0.0417165   -0.0827805   -0.00385998
0.153846   0.846154   0.615385   -0.153245   -0.169422   -0.00919213
0.230769   0.846154   0.615385   -0.324563   -0.25083   -0.0154715
0.307692   0.846154   0.615385   -0.55505   -0.333275   -0.0219711
0.384615   0.846154   0.615385   -0.847193   -0.423419   -0.028306
0.461538   0.846154   0.615385   -1.20374   -0.524351   -0.0344683
0.538462   0.846154   0.615385   -1.62239   -0.63391   -0.0407786
0.615385   0.846154   0.615385   -2.07953   -0.741324   -0.0478353
0.692308   0.846154   0.615385   -2.5236   -0.817904   -0.0562162
0.769231   0.846154   0.615385   -2.7802   -0.758757   -0.0653561
0.846154   0.846154   0.615385   -2.55467   -0.161984   -0.0701535
0.923077   0.846154   0.615385   -1.1507   2.37065   -0.0565601
1   0.846154   0.615385   -4.31226e-34   9   -2.6575e-35
0   0.923077   0.615385   -3.2849e-37   -4.7369e-36   -1.71587e-36
0.0769231   0.923077   0.615385   -0.0183271   -0.0196669   -0.0041504
0.153846   0.923077   0.615385   -0.081296   -0.0476969   -0.0085223
0.230769   0.923077   0.615385   -0.188013   -0.0731156   -0.0135597
0.307692   0.923077   0.615385   -0.337109   -0.0985228   -0.0187235
0.384615   0.923077   0.615385   -0.531228   -0.12695   -0.0236314
0.461538   0.923077   0.615385   -0.777262   -0.160685   -0.0281405
0.538462   0.923077   0.615385   -1.08369   -0.201245   -0.0323081
0.615385   0.923077   0.615385   -1.45842   -0.251479   -0.0364413
0.692308   0.923077   0.615385   -1.91588   -0.313419   -0.0410762
0.769231   0.923077   0.615385   -2.38687   -0.36946   -0.0463095
0.846154   0.923077   0.615385   -2.86448   -0.438472   -0.0495511
0.923077   0.923077   0.615385   -2.19692   0.254362   -0.0412461
1   0.923077   0.615385   -2.81586e-33   9   -2.20096e-35
0   1   0.615385   2.34346e-37   -2.36907e-37   9.28297e-37
0.0769231   1   0.615385   -4.33315e-36   -7.3479e-37   -1.46664e-36
0.153846   1   0.615385   -3.02758e-35   -1.42492e-35   -3.49191e-36
0.230769   1   0.615385   -8.02746e-35   -2.55592e-35   -5.75782e-36
0.307692   1   0.615385   -1.54746e-34   -3.57496e-35   -8.1542e-36
0.384615   1   0.615385   -2.54349e-34   -4.71416e-35   -1.04651e-35
0.461538   1   0.615385   -3.82651e-34   -6.12734e-35   -1.25719e-35
0.538462   1   0.615385   -5.45607e-34   -7.90862e-35   -1.44497e-35
0.615385   1   0.615385   -7.52104e-34   -1.07557e-34   -1.6184e-35
0.692308   1   0.615385   -1.01213e-33   -1.5377e-34   -1.79861e-35
0.769231   1   0.615385   -1.33846e-33   -1.80759e-34   -2.0042e-35
0.846154   1   0.615385   -1.80105e-33   -7.97522e-34   -2.17673e-35
0.923077   1   0.615385   -1.75936e-33   -3.26508e-33   -2.01367e-35
1   1   0.615385   3.00011e-33   9   2.24728e-36
0   0   0.692308   1.24044e-36   -1.75403e-36   -1.37624e-37
0.0769231   0   0.692308   1.80512e-35   -8.32144e-36   4.82546e-36
0.153846   0   0.692308   5.59812e-35   -2.20953e-35   9.17679e-36
0.230769   0   0.692308   1.17034e-34   -3.13747e-35   1.40071e-35
0.307692   0   0.692308   2.00944e-34   -4.12053e-35   1.88318e-35
0.384615   0   0.692308   3.10656e-34   -5.35167e-35   2.34151e-35
0.461538   0   0.692308   4.51777e-34   -6.97772e-35   2.77175e-35
0.538462   0   0.692308   6.33808e-34   -9.06413e-35   3.1812e-35
0.615385   0   0.692308   8.62762e-34   -1.29033e-34   3.58481e-35
0.692308   0   0.692308   1.15199e-33   -1.71544e-34   4.07167e-35
0.769231   0   0.692308   1.60119e-33   -1.71863e-34   4.65012e-35
0.846154   0   0.692308   1.41017e-33   -9.32445e-34   4.8217e-35
0.923077   0   0.692308   4.7081e-34   1.10796e-34   3.47154e-35
1   0   0.692308   -4.33536e-33   9   -1.52659e-35
0   0.0769231   0.692308   8.04262e-36   -1.75998e-35   2.64471e-36
0.0769231   0.0769231   0.692308   0.0185687   -0.0192072   0.00568472
0.153846   0.0769231   0.692308   0.0788024   -0.04542   0.012336
0.230769   0.0769231   0.692308   0.181273   -0.0690037   0.0200666
0.307692   0.0769231   0.692308   0.323832   -0.0930237   0.0279433
0.384615   0.0769231   0.692308   0.510136   -0.120599   0.0354674
0.461538   0.0769231   0.692308   0.747464   -0.154181   0.0424862
0.538462   0.0769231   0.692308   1.04576   -0.195872   0.049101
0.615385   0.0769231   0.692308   1.41561   -0.24799   0.0557327
0.692308   0.0769231   0.692308   1.85589   -0.314359   0.0632043
0.769231   0.0769231   0.692308   2.38478   -0.382251   0.0722609
0.846154   0.0769231   0.692308   2.82393   -0.375521   0.0802011
0.923077   0.0769231   0.692308   2.16588   0.31179   0.0709065
1   0.0769231   0.692308   1.95594e-33   9   2.59295e-35
0   0.153846   0.692308   1.92976e-35   -5.14675e-35   1.39291e-36
0.0769231   0.153846   0.692308   0.040558   -0.0779837   0.00471706
0.153846   0.153846   0.692308   0.146483   -0.158701   0.0126009
0.230769   0.153846   0.692308   0.309553   -0.234514   0.0219637
0.307692   0.153846   0.692308   0.528893   -0.312205   0.0315303
0.384615   0.153846   0.692308   0.808089   -0.398766   0.0408142
0.461538   0.153846   0.692308   1.15113   -0.497897   0.049888
0.538462   0.153846   0.692308   1.55717   -0.608423   0.0592693
0.615385   0.153846   0.692308   2.00925   -0.720688   0.0699565
0.692308   0.153846   0.692308   2.45459   -0.8019   0.0832638
0.769231   0.153846   0.692308   2.74674   -0.746158   0.099234
0.846154   0.153846   0.692308   2.4954   -0.203154   0.111331
0.923077   0.153846   0.692308   1.22538   2.23793   0.0952615
1   0.153846   0.692308   9.89653e-34   9   4.67294e-35
0   0.230769   0.692308   2.08809e-35   -9.63451e-35   -3.80055e-37
0.0769231   0.230769   0.692308   0.0495905   -0.163353   0.00158758
0.153846   0.230769   0.692308   0.173397   -0.307086   0.00829673
0.230769   0.230769   0.692308   0.354457   -0.441252   0.016692
0.307692   0.230769   0.692308   0.590034   -0.578296   0.0252422
0.384615   0.230769   0.692308   0.880455   -0.726133   0.033598
0.461538   0.230769   0.692308   1.22198   -0.883702   0.0420703
0.538462   0.230769   0.692308   1.59792   -1.03554   0.0514635
0.615385   0.230769   0.692308   1.96418   -1.14009   0.0630423
0.692308   0.230769   0.692308   2.22554   -1.10092   0.0781094
0.769231   0.230769   0.692308   2.20544   -0.698525   0.0960801
0.846154   0.230769   0.692308   1.67266   0.572801   0.10925
0.923077   0.230769   0.692308   0.672588   3.60984   0.0931169
1   0.230769   0.692308   3.88385e-34   9   4.95367e-35
0   0.307692   0.692308   1.68996e-35   -1.39835e-34   -1.34169e-36
0.0769231   0.307692   0.692308   0.045542   -0.251452   -0.000823303
0.153846   0.307692   0.692308   0.157737   -0.454899   0.00393563
0.230769   0.307692   0.692308   0.317469   -0.640781   0.0103185
0.307692   0.307692   0.692308   0.51994   -0.827924   0.0168019
0.384615   0.307692   0.692308   0.76208   -1.02279   0.02315
0.461538   0.307692   0.692308   1.03472   -1.2151   0.0297608
0.538462   0.307692   0.692308   1.31358   -1.36924   0.0374565
0.615385   0.307692   0.692308   1.54777   -1.40785   0.0473878
0.692308   0.307692   0.692308   1.64889   -1.18232   0.0605602
0.769231   0.307692   0.692308   1.49855   -0.425329   0.0761336
0.846154   0.307692   0.692308   1.02252   1.28387   0.0872225
0.923077   0.307692   0.692308   0.366889   4.40252   0.0739784
1   0.307692   0.692308   2.16131e-34   9   4.20618e-35
0   0.384615   0.692308   9.45965e-36   -1.71877e-34   -1.1873e-36
0.0769231   0.384615   0.692308   0.031402   -0.322118   -0.00150117
0.153846   0.384615   0.692308   0.108523   -0.571635   0.0012568
0.230769   0.384615   0.692308   0.216687   -0.795104   0.00520197
0.307692   0.384615   0.692308   0.351379   -1.01652   0.00920455
0.384615   0.384615   0.692308   0.508731   -1.24006   0.0131215
0.461538   0.384615   0.692308   0.679824   -1.44616   0.0172691
0.538462   0.384615   0.692308   0.844474   -1.58154   0.0222453
0.615385   0.384615   0.692308   0.965242   -1.54296   0.0288295
0.692308   0.384615   0.692308   0.986312   -1.1561   0.0376279
0.769231   0.384615   0.692308   0.850004   -0.161068   0.0479294
0.846154   0.384615   0.692308   0.546208   1.7584   0.0550647
0.923077   0.384615   0.692308   0.184755   4.83952   0.0464814
1   0.384615   0.692308   1.06218e-34   9   2.88906e-35
0   0.461538   0.692308   3.60728e-37   -1.86007e-34   -2.53032e-37
0.0769231   0.461538   0.692308   0.0110923   -0.361074   -0.000699127
0.153846   0.461538   0.692308   0.0385764   -0.635532   0.000201148
0.230769   0.461538   0.692308   0.0766833   -0.878601   0.0015321
0.307692   0.461538   0.692308   0.123738   -1.11702   0.00287673
0.384615   0.461538   0.692308   0.178   -1.35341   0.00418777
0.461538   0.461538   0.692308   0.235837   -1.56254   0.00558584
0.538462   0.461538   0.692308   0.289528   -1.68138   0.00729125
0.615385   0.461538   0.692308   0.325583   -1.5943   0.00958379
0.692308   0.461538   0.692308   0.325656   -1.11946   0.0126839
0.769231   0.461538   0.692308   0.27364   -0.011355   0.0163124
0.846154   0.461538   0.692308   0.171394   1.98991   0.0187718
0.923077   0.461538   0.692308   0.0571927   5.03514   0.0157867
1   0.461538   0.692308   4.31782e-35   9   1.32366e-35
0   0.538462   0.692308   -8.69701e-36   -1.79575e-34   8.24408e-37
0.0769231   0.538462   0.692308   -0.0112633   -0.3611   0.000665681
0.153846   0.538462   0.692308   -0.0383354   -0.635554   -0.000219897
0.230769   0.538462   0.692308   -0.0764528   -0.878642   -0.00155332
0.307692   0.538462   0.692308   -0.123412   -1.11709   -0.00291824
0.384615   0.538462   0.692308   -0.177604   -1.35348   -0.00426216
0.461538   0.538462   0.692308   -0.235429   -1.56257   -0.00570264
0.538462   0.538462   0.692308   -0.289319   -1.6813   -0.00744599
0.615385   0.538462   0.692308   -0.325986   -1.59402   -0.00972997
0.692308   0.538462   0.692308   -0.326755   -1.11878   -0.0127324
0.769231   0.538462   0.692308   -0.274946   -0.0106416   -0.016213
0.846154   0.538462   0.692308   -0.17158   1.98961   -0.0185845
0.923077   0.538462   0.692308   -0.0548706   5.03433   -0.015642
1   0.538462   0.692308   -4.90661e-36   9   -3.18519e-36
0   0.615385   0.692308   -1.60937e-35   -1.53787e-34   1.36266e-36
0.0769231   0.615385   0.692308   -0.0315371   -0.322187   0.0014739
0.153846   0.615385   0.692308   -0.108337   -0.571686   -0.00127605
0.230769   0.615385   0.692308   -0.216528   -0.79521   -0.00522408
0.307692   0.615385   0.692308   -0.351134   -1.0167   -0.00924321
0.384615   0.615385   0.692308   -0.508386   -1.24029   -0.0131888
0.461538   0.615385   0.692308   -0.679344   -1.44635   -0.0173764
0.538462   0.615385   0.692308   -0.84396   -1.5814   -0.0223832
0.615385   0.615385   0.692308   -0.964731   -1.54192   -0.0289604
0.692308   0.615385   0.692308   -0.986672   -1.15427   -0.0377778
0.769231   0.615385   0.692308   -0.85194   -0.160908   -0.0479673
0.846154   0.615385   0.692308   -0.546921   1.75562   -0.0548452
0.923077   0.615385   0.692308   -0.180654   4.83837   -0.0462263
1   0.615385   0.692308   -5.2604e-35   9   -1.93961e-35
0   0.692308   0.692308   -2.01948e-35   -1.13667e-34   8.71092e-37
0.0769231   0.692308   0.692308   -0.0455993   -0.251523   0.000805267
0.153846   0.692308   0.692308   -0.15766   -0.454951   -0.00395802
0.230769   0.692308   0.692308   -0.317431   -0.640914   -0.0103446
0.307692   0.692308   0.692308   -0.519856   -0.828174   -0.0168394
0.384615   0.692308   0.692308   -0.761916   -1.02318   -0.0232065
0.461538   0.692308   0.692308   -1.03428   -1.21557   -0.0298451
0.538462   0.692308   0.692308   -1.31274   -1.3696   -0.0375859
0.615385   0.692308   0.692308   -1.54584   -1.40786   -0.047563
0.692308   0.692308   0.692308   -1.6483   -1.18119   -0.06081
0.769231   0.692308   0.692308   -1.49853   -0.421071   -0.0760502
0.846154   0.692308   0.692308   -1.0246   1.28916   -0.0867163
0.923077   0.692308   0.692308   -0.360652   4.39995   -0.0736236
1   0.692308   0.692308   -1.31218e-34   9   -3.42814e-35
0   0.769231   0.692308   -1.95177e-35   -6.79781e-35   -6.53846e-37
0.0769231   0.769231   0.692308   -0.0494917   -0.163355   -0.00159948
0.153846   0.769231   0.692308   -0.173485   -0.307066   -0.00832901
0.230769   0.769231   0.692308   -0.35454   -0.441325   -0.0167291
0.307692   0.769231   0.692308   -0.590147   -0.578484   -0.0252861
0.384615   0.769231   0.692308   -0.880584   -0.726491   -0.0336493
0.461538   0.769231   0.692308   -1.22185   -0.884334   -0.042141
0.538462   0.769231   0.692308   -1.59775   -1.03674   -0.0515725
0.615385   0.769231   0.692308   -1.96177   -1.14151   -0.0631188
0.692308   0.769231   0.692308   -2.22209   -1.09991   -0.078242
0.769231   0.769231   0.692308   -2.1944   -0.689747   -0.0959614
0.846154   0.769231   0.692308   -1.69084   0.574193   -0.108653
0.923077   0.769231   0.692308   -0.655291   3.57823   -0.0928756
1   0.769231   0.692308   -2.63747e-34   9   -4.56615e-35
0   0.846154   0.692308   -1.25941e-35   -2.82425e-35   -2.31672e-36
0.0769231   0.846154   0.692308   -0.0402278   -0.0781961   -0.00473875
0.153846   0.846154   0.692308   -0.146734   -0.158765   -0.0126541
0.230769   0.846154   0.692308   -0.309678   -0.23454   -0.0220276
0.307692   0.846154   0.692308   -0.529127   -0.312266   -0.0316042
0.384615   0.846154   0.692308   -0.808435   -0.398949   -0.0408979
0.461538   0.846154   0.692308   -1.15159   -0.498394   -0.0499893
0.538462   0.846154   0.692308   -1.55828   -0.609651   -0.0593567
0.615385   0.846154   0.692308   -2.00822   -0.72348   -0.0699434
0.692308   0.846154   0.692308   -2.45421   -0.812058   -0.0832363
0.769231   0.846154   0.692308   -2.72467   -0.7686   -0.0993105
0.846154   0.846154   0.692308   -2.5236   -0.183939   -0.111244
0.923077   0.846154   0.692308   -1.14228   2.35154   -0.0955424
1   0.846154   0.692308   -4.30644e-34   9   -4.97869e-35
0   0.923077   0.692308   -6.29829e-37   -4.52394e-36   -2.10119e-36
0.0769231   0.923077   0.692308   -0.0182363   -0.0187772   -0.00571815
0.153846   0.923077   0.692308   -0.0791577   -0.0449333   -0.0124153
0.230769   0.923077   0.692308   -0.181358   -0.0686478   -0.0201713
0.307692   0.923077   0.692308   -0.324017   -0.0926793   -0.0280674
0.384615   0.923077   0.692308   -0.510388   -0.120123   -0.0356128
0.461538   0.923077   0.692308   -0.748045   -0.153448   -0.0426552
0.538462   0.923077   0.692308   -1.04664   -0.194529   -0.0492547
0.615385   0.923077   0.692308   -1.41611   -0.246668   -0.0558525
0.692308   0.923077   0.692308   -1.87379   -0.312148   -0.0632759
0.769231   0.923077   0.692308   -2.353   -0.37275   -0.0721879
0.846154   0.923077   0.692308   -2.84641   -0.4452   -0.0795789
0.923077   0.923077   0.692308   -2.1929   0.249336   -0.0701037
1   0.923077   0.692308   -2.81568e-33   9   -4.15446e-35
0   1   0.692308   1.92786e-37   -2.5174e-37   1.27854e-36
0.0769231   1   0.692308   -4.49417e-36   -1.28223e-36   -2.32303e-36
0.153846   1   0.692308   -3.00397e-35   -1.43153e-35   -5.76738e-36
0.230769   1   0.692308   -7.8549e-35   -2.50957e-35   -9.69437e-36
0.307692   1   0.692308   -1.50549e-34   -3.48926e-35   -1.38373e-35
0.384615   1   0.692308   -2.46988e-34   -4.60132e-35   -1.78498e-35
0.461538   1   0.692308   -3.71735e-34   -5.99851e-35   -2.15667e-35
0.538462   1   0.692308   -5.31188e-34   -7.78247e-35   -2.49464e-35
0.615385   1   0.692308   -7.35003e-34   -1.06681e-34   -2.81077e-35
0.692308   1   0.692308   -9.94316e-34   -1.53583e-34   -3.13699e-35
0.769231   1   0.692308   -1.32316e-33   -1.81458e-34   -3.51175e-35
0.846154   1   0.692308   -1.7916e-33   -7.99738e-34   -3.87105e-35
0.923077   1   0.692308   -1.75632e-33   -3.26671e-33   -3.6883e-35
1   1   0.692308   3.00154e-33   9   3.74911e-36
0   0   0.769231   1.23646e-36   -1.42328e-36   -1.77019e-37
0.0769231   0   0.769231   1.6622e-35   -7.5965e-36   4.65103e-36
0.153846   0   0.769231   5.07919e-35   -1.94313e-35   9.39789e-36
0.230769   0   0.769231   1.05517e-34   -2.72174e-35   1.46224e-35
0.307692   0   0.769231   1.81009e-34   -3.58464e-35   1.98194e-35
0.384615   0   0.769231   2.80503e-34   -4.71585e-35   2.48592e-35
0.461538   0   0.769231   4.10086e-34   -6.26712e-35   2.97898e-35
0.538462   0   0.769231   5.79756e-34   -8.40383e-35   3.45822e-35
0.615385   0   0.769231   7.98471e-34   -1.23227e-34   3.94037e-35
0.692308   0   0.769231   1.08358e-33   -1.67673e-34   4.60477e-35
0.769231   0   0.769231   1.53785e-33   -1.79133e-34   5.32859e-35
0.846154   0   0.769231   1.37061e-33   -9.39292e-34   5.88077e-35
0.923077   0   0.769231   4.5495e-34   1.13794e-34   3.16741e-35
1   0   0.769231   -4.2762e-33   9   -3.87424e-35
0   0.0769231   0.769231   7.91107e-36   -1.53335e-35   2.13079e-36
0.0769231   0.0769231   0.769231   0.0177015   -0.0173264   0.00564916
0.153846   0.0769231   0.769231   0.0733152   -0.0401459   0.0135465
0.230769   0.0769231   0.769231   0.166997   -0.060662   0.0226613
0.307692   0.0769231   0.769231   0.297497   -0.0820273   0.0318338
0.384615   0.0769231   0.769231   0.4691   -0.107363   0.0406967
0.461538   0.0769231   0.769231   0.689813   -0.139371   0.0492202
0.538462   0.0769231   0.769231   0.971038   -0.180798   0.0575343
0.615385   0.0769231   0.769231   1.32625   -0.235149   0.0659426
0.692308   0.0769231   0.769231   1.76027   -0.30747   0.0753431
0.769231   0.0769231   0.769231   2.2987   -0.38576   0.0876915
0.846154   0.0769231   0.769231   2.76757   -0.39063   0.100469
0.923077   0.0769231   0.769231   2.14858   0.297257   0.0927282
1   0.0769231   0.769231   1.94381e-33   9   4.20813e-35
0   0.153846   0.769231   1.75394e-35   -4.45949e-35   3.8008e-37
0.0769231   0.153846   0.769231   0.0370722   -0.0694962   0.00357828
0.153846   0.153846   0.769231   0.13295   -0.139605   0.0125303
0.230769   0.153846   0.769231   0.280195   -0.205494   0.0230315
0.307692   0.153846   0.769231   0.478965   -0.274352   0.0334998
0.384615   0.153846   0.769231   0.733751   -0.353438   0.0436041
0.461538   0.153846   0.769231   1.04997   -0.447477   0.053573
0.538462   0.153846   0.769231   1.42966   -0.557509   0.0640241
0.615385   0.153846   0.769231   1.8613   -0.677397   0.0761485
0.692308   0.153846   0.769231   2.30092   -0.778604   0.0920871
0.769231   0.153846   0.769231   2.6122   -0.756474   0.11358
0.846154   0.153846   0.769231   2.40934   -0.248145   0.135966
0.923077   0.153846   0.769231   1.19853   2.19004   0.129809
1   0.153846   0.769231   9.90545e-34   9   6.87114e-35
0   0.230769   0.769231   1.83842e-35   -8.32882e-35   -1.56081e-36
0.0769231   0.230769   0.769231   0.0445773   -0.144849   -0.000320511
0.153846   0.230769   0.769231   0.15534   -0.269557   0.00718225
0.230769   0.230769   0.769231   0.317339   -0.386022   0.0163695
0.307692   0.230769   0.769231   0.529113   -0.507163   0.0253621
0.384615   0.230769   0.769231   0.792075   -0.641691   0.033977
0.461538   0.230769   0.769231   1.10439   -0.790739   0.0426893
0.538462   0.230769   0.769231   1.45311   -0.943066   0.0524542
0.615385   0.230769   0.769231   1.80059   -1.06342   0.064876
0.692308   0.230769   0.769231   2.06083   -1.0621   0.0821735
0.769231   0.230769   0.769231   2.06655   -0.719698   0.105652
0.846154   0.230769   0.769231   1.58737   0.491675   0.129567
0.923077   0.230769   0.769231   0.646726   3.52314   0.122783
1   0.230769   0.769231   3.82241e-34   9   7.16105e-35
0   0.307692   0.769231   1.45745e-35   -1.20789e-34   -2.34785e-36
0.0769231   0.307692   0.769231   0.0405899   -0.222497   -0.00277542
0.153846   0.307692   0.769231   0.140252   -0.399023   0.0025565
0.230769   0.307692   0.769231   0.282274   -0.560291   0.00948756
0.307692   0.307692   0.769231   0.463218   -0.725425   0.0161665
0.384615   0.307692   0.769231   0.681135   -0.902255   0.0225048
0.461538   0.307692   0.769231   0.928804   -1.08397   0.0290465
0.538462   0.307692   0.769231   1.18559   -1.24112   0.036757
0.615385   0.307692   0.769231   1.40644   -1.30496   0.04709
0.692308   0.307692   0.769231   1.51048   -1.13475   0.0618106
0.769231   0.307692   0.769231   1.38556   -0.46056   0.081553
0.846154   0.307692   0.769231   0.95531   1.17054   0.100608
0.923077   0.307692   0.769231   0.346895   4.28577   0.093911
1   0.307692   0.769231   2.10018e-34   9   5.86004e-35
0   0.384615   0.769231   7.9529e-36   -1.48444e-34   -1.80293e-36
0.0769231   0.384615   0.769231   0.0278636   -0.284804   -0.00290169
0.153846   0.384615   0.769231   0.096087   -0.501355   0.000216428
0.230769   0.384615   0.769231   0.191881   -0.695168   0.00449922
0.307692   0.384615   0.769231   0.311787   -0.890296   0.0085853
0.384615   0.384615   0.769231   0.452804   -1.09277   0.0124314
0.461538   0.384615   0.769231   0.607475   -1.28751   0.016453
0.538462   0.384615   0.769231   0.758222   -1.42889   0.0213436
0.615385   0.384615   0.769231   0.871562   -1.42369   0.0280836
0.692308   0.384615   0.769231   0.896412   -1.10565   0.0377657
0.769231   0.384615   0.769231   0.778254   -0.209085   0.0505438
0.846154   0.384615   0.769231   0.504402   1.62215   0.0623016
0.923077   0.384615   0.769231   0.172451   4.70403   0.0573994
1   0.384615   0.769231   1.0128e-34   9   3.9034e-35
0   0.461538   0.769231   2.95243e-38   -1.60651e-34   -3.77092e-37
0.0769231   0.461538   0.769231   0.009833   -0.319168   -0.0011973
0.153846   0.461538   0.769231   0.0341041   -0.557402   -0.000171757
0.230769   0.461538   0.769231   0.067779   -0.768174   0.00127252
0.307692   0.461538   0.769231   0.109585   -0.978154   0.0026392
0.384615   0.461538   0.769231   0.158104   -1.19204   0.00391542
0.461538   0.461538   0.769231   0.210247   -1.38971   0.0052544
0.538462   0.461538   0.769231   0.259232   -1.51651   0.00691027
0.615385   0.461538   0.769231   0.292978   -1.4675   0.00923759
0.692308   0.461538   0.769231   0.294732   -1.06864   0.0126308
0.769231   0.461538   0.769231   0.249233   -0.0667521   0.0170891
0.846154   0.461538   0.769231   0.157336   1.84195   0.0210678
0.923077   0.461538   0.769231   0.0530654   4.89079   0.0192607
1   0.461538   0.769231   3.97567e-35   9   1.74877e-35
0   0.538462   0.769231   -7.78528e-36   -1.55105e-34   1.21045e-36
0.0769231   0.538462   0.769231   -0.00995255   -0.319192   0.00118162
0.153846   0.538462   0.769231   -0.0338455   -0.557425   0.000173982
0.230769   0.538462   0.769231   -0.0675612   -0.768215   -0.00128039
0.307692   0.538462   0.769231   -0.10929   -0.978216   -0.00267333
0.384615   0.538462   0.769231   -0.157762   -1.19211   -0.00398916
0.461538   0.538462   0.769231   -0.209924   -1.38972   -0.00538374
0.538462   0.538462   0.769231   -0.259119   -1.5164   -0.00709727
0.615385   0.538462   0.769231   -0.293442   -1.46717   -0.00944506
0.692308   0.538462   0.769231   -0.295831   -1.06809   -0.012733
0.769231   0.538462   0.769231   -0.250527   -0.0663481   -0.016973
0.846154   0.538462   0.769231   -0.157373   1.8415   -0.0207172
0.923077   0.538462   0.769231   -0.0507041   4.89002   -0.0188684
1   0.538462   0.769231   -6.7148e-36   9   -4.37643e-36
0   0.615385   0.769231   -1.41553e-35   -1.32852e-34   2.20156e-36
0.0769231   0.615385   0.769231   -0.02796   -0.284866   0.00288827
0.153846   0.615385   0.769231   -0.0958865   -0.501411   -0.000218679
0.230769   0.615385   0.769231   -0.19173   -0.695277   -0.00450976
0.307692   0.615385   0.769231   -0.311567   -0.890474   -0.0086166
0.384615   0.615385   0.769231   -0.452504   -1.09299   -0.0124959
0.461538   0.615385   0.769231   -0.607079   -1.28767   -0.0165698
0.538462   0.615385   0.769231   -0.757769   -1.42873   -0.0215168
0.615385   0.615385   0.769231   -0.87125   -1.42274   -0.0283138
0.692308   0.615385   0.769231   -0.896892   -1.10399   -0.038001
0.769231   0.615385   0.769231   -0.780056   -0.208791   -0.0505075
0.846154   0.615385   0.769231   -0.504871   1.6196   -0.0617246
0.923077   0.615385   0.769231   -0.168342   4.70283   -0.056674
1   0.615385   0.769231   -5.34795e-35   9   -2.61247e-35
0   0.692308   0.769231   -1.77354e-35   -9.82616e-35   2.00502e-36
0.0769231   0.692308   0.769231   -0.0406339   -0.222559   0.00276587
0.153846   0.692308   0.769231   -0.140167   -0.399083   -0.0025672
0.230769   0.692308   0.769231   -0.282241   -0.560432   -0.00950328
0.307692   0.692308   0.769231   -0.463153   -0.72567   -0.0161939
0.384615   0.692308   0.769231   -0.680993   -0.902619   -0.0225522
0.461538   0.692308   0.769231   -0.928459   -1.0844   -0.0291331
0.538462   0.692308   0.769231   -1.18483   -1.24144   -0.036903
0.615385   0.692308   0.769231   -1.40487   -1.30482   -0.0473564
0.692308   0.692308   0.769231   -1.50975   -1.13344   -0.0620749
0.769231   0.692308   0.769231   -1.38545   -0.456395   -0.0811715
0.846154   0.692308   0.769231   -0.957389   1.17513   -0.0998803
0.923077   0.692308   0.769231   -0.340625   4.28256   -0.0930712
1   0.692308   0.769231   -1.31379e-34   9   -4.7064e-35
0   0.769231   0.769231   -1.72126e-35   -5.88895e-35   4.89866e-37
0.0769231   0.769231   0.769231   -0.0445063   -0.144859   0.000311575
0.153846   0.769231   0.769231   -0.15543   -0.269564   -0.00720789
0.230769   0.769231   0.769231   -0.31743   -0.386125   -0.0163965
0.307692   0.769231   0.769231   -0.529245   -0.507377   -0.0253936
0.384615   0.769231   0.769231   -0.792218   -0.642069   -0.0340151
0.461538   0.769231   0.769231   -1.10439   -0.791376   -0.0427549
0.538462   0.769231   0.769231   -1.45291   -0.944189   -0.0525496
0.615385   0.769231   0.769231   -1.79854   -1.06469   -0.0649664
0.692308   0.769231   0.769231   -2.05729   -1.06105   -0.0822059
0.769231   0.769231   0.769231   -2.05603   -0.711398   -0.105567
0.846154   0.769231   0.769231   -1.60557   0.491989   -0.130416
0.923077   0.769231   0.769231   -0.628703   3.49058   -0.121581
1   0.769231   0.769231   -2.60501e-34   9   -6.442e-35
0   0.846154   0.769231   -1.13333e-35   -2.4599e-35   -1.53176e-36
0.0769231   0.846154   0.769231   -0.036799   -0.0697063   -0.00359205
0.153846   0.846154   0.769231   -0.133215   -0.139677   -0.0125668
0.230769   0.846154   0.769231   -0.280346   -0.205537   -0.023069
0.307692   0.846154   0.769231   -0.479239   -0.274433   -0.0335412
0.384615   0.846154   0.769231   -0.734149   -0.353646   -0.0436511
0.461538   0.846154   0.769231   -1.05053   -0.447983   -0.0536352
0.538462   0.846154   0.769231   -1.43071   -0.558697   -0.0640392
0.615385   0.846154   0.769231   -1.86066   -0.680178   -0.0762095
0.692308   0.846154   0.769231   -2.30065   -0.788574   -0.0924429
0.769231   0.846154   0.769231   -2.59085   -0.778638   -0.11346
0.846154   0.846154   0.769231   -2.43817   -0.229295   -0.136616
0.923077   0.846154   0.769231   -1.11471   2.3024   -0.128615
1   0.846154   0.769231   -4.2291e-34   9   -7.19456e-35
0   0.923077   0.769231   -9.13462e-37   -4.02867e-36   -1.89307e-36
0.0769231   0.923077   0.769231   -0.017433   -0.0169669   -0.00566617
0.153846   0.923077   0.769231   -0.0737036   -0.0397789   -0.0136038
0.230769   0.923077   0.769231   -0.16713   -0.0604461   -0.0227235
0.307692   0.923077   0.769231   -0.297744   -0.0818479   -0.0318961
0.384615   0.923077   0.769231   -0.469447   -0.107085   -0.0407594
0.461538   0.923077   0.769231   -0.690474   -0.138864   -0.04927
0.538462   0.923077   0.769231   -0.97198   -0.179726   -0.0574931
0.615385   0.923077   0.769231   -1.32706   -0.233968   -0.0659406
0.692308   0.923077   0.769231   -1.77797   -0.304966   -0.0752168
0.769231   0.923077   0.769231   -2.26665   -0.375603   -0.0865715
0.846154   0.923077   0.769231   -2.79097   -0.459466   -0.100072
0.923077   0.923077   0.769231   -2.17648   0.23497   -0.096846
1   0.923077   0.769231   -2.81184e-33   9   -6.17443e-35
0   1   0.769231   2.84609e-37   -2.69183e-37   1.27497e-36
0.0769231   1   0.769231   -4.61588e-36   -2.05273e-36   -2.5833e-36
0.153846   1   0.769231   -2.89495e-35   -1.39311e-35   -6.88078e-36
0.230769   1   0.769231   -7.43198e-35   -2.36761e-35   -1.18974e-35
0.307692   1   0.769231   -1.41476e-34   -3.2714e-35   -1.71515e-35
0.384615   1   0.769231   -2.31755e-34   -4.32856e-35   -2.22839e-35
0.461538   1   0.769231   -3.49369e-34   -5.68902e-35   -2.71748e-35
0.538462   1   0.769231   -5.01281e-34   -7.48196e-35   -3.17949e-35
0.615385   1   0.769231   -6.98289e-34   -1.04109e-34   -3.62223e-35
0.692308   1   0.769231   -9.53553e-34   -1.51177e-34   -4.07114e-35
0.769231   1   0.769231   -1.28448e-33   -1.80742e-34   -4.57617e-35
0.846154   1   0.769231   -1.76361e-33   -8.04498e-34   -5.19808e-35
0.923077   1   0.769231   -1.74446e-33   -3.27297e-33   -5.23324e-35
1   1   0.769231   3.00368e-33   9   6.73086e-36
0   0   0.846154   1.03156e-36   -8.97655e-37   -1.29901e-37
0.0769231   0   0.846154   1.29493e-35   -6.03078e-36   2.914e-36
0.153846   0   0.846154   3.9817e-35   -1.44988e-35   6.53551e-36
0.230769   0   0.846154   8.31194e-35   -1.98422e-35   1.04148e-35
0.307692   0   0.846154   1.43374e-34   -2.6264e-35   1.42129e-35
0.384615   0   0.846154   2.23668e-34   -3.52881e-35   1.7948e-35
0.461538   0   0.846154   3.29971e-34   -4.83619e-35   2.17053e-35
0.538462   0   0.846154   4.71713e-34   -6.85847e-35   2.54047e-35
0.615385   0   0.846154   6.61569e-34   -1.03689e-34   2.9029e-35
0.692308   0   0.846154   9.21884e-34   -1.52658e-34   3.66301e-35
0.769231   0   0.846154   1.35434e-33   -1.83357e-34   4.35621e-35
0.846154   0   0.846154   1.23737e-33   -9.40366e-34   4.58891e-35
0.923077   0   0.846154   4.38149e-34   1.0677e-34   1.32633e-34
1   0   0.846154   -4.51047e-33   9   3.10292e-35
0   0.0769231   0.846154   6.72266e-36   -1.12577e-35   1.23288e-36
0.0769231   0.0769231   0.846154   0.0149745   -0.0137447   0.00394173
0.153846   0.0769231   0.846154   0.0611584   -0.0310951   0.0111076
0.230769   0.0769231   0.846154   0.138972   -0.0466658   0.019086
0.307692   0.0769231   0.846154   0.248116   -0.0633833   0.0269764
0.384615   0.0769231   0.846154   0.39303   -0.0841172   0.0347541
0.461538   0.0769231   0.846154   0.581891   -0.111696   0.0425824
0.538462   0.0769231   0.846154   0.827056   -0.149595   0.0506253
0.615385   0.0769231   0.846154   1.14477   -0.203272   0.0590241
0.692308   0.0769231   0.846154   1.54999   -0.280202   0.068902
0.769231   0.0769231   0.846154   2.08082   -0.378514   0.0840719
0.846154   0.0769231   0.846154   2.58826   -0.417225   0.0995005
0.923077   0.0769231   0.846154   2.07988   0.266928   0.111906
1   0.0769231   0.846154   2.03605e-33   9   3.52149e-35
0   0.153846   0.846154   1.35363e-35   -3.32389e-35   -4.49783e-37
0.0769231   0.153846   0.846154   0.0299468   -0.0550333   0.00109724
0.153846   0.153846   0.846154   0.10741   -0.108434   0.00881797
0.230769   0.153846   0.846154   0.227111   -0.158612   0.017401
0.307692   0.153846   0.846154   0.390062   -0.212481   0.0256328
0.384615   0.153846   0.846154   0.601009   -0.276961   0.0335437
0.461538   0.153846   0.846154   0.866295   -0.357598   0.0414684
0.538462   0.153846   0.846154   1.19088   -0.458297   0.0499468
0.615385   0.153846   0.846154   1.57061   -0.579005   0.0600519
0.692308   0.153846   0.846154   1.97636   -0.702929   0.074269
0.769231   0.153846   0.846154   2.29566   -0.74261   0.0954006
0.846154   0.153846   0.846154   2.1753   -0.335064   0.125034
0.923077   0.153846   0.846154   1.11463   2.04938   0.147224
1   0.153846   0.846154   9.72174e-34   9   8.82953e-35
0   0.230769   0.846154   1.352e-35   -6.26158e-35   -1.98078e-36
0.0769231   0.230769   0.846154   0.0353293   -0.11498   -0.00249139
0.153846   0.230769   0.846154   0.123454   -0.210199   0.00397081
0.230769   0.230769   0.846154   0.253311   -0.299027   0.01128
0.307692   0.230769   0.846154   0.424588   -0.39379   0.0179974
0.384615   0.230769   0.846154   0.639299   -0.503221   0.0242718
0.461538   0.230769   0.846154   0.897475   -0.630746   0.0306002
0.538462   0.230769   0.846154   1.19094   -0.771179   0.0377755
0.615385   0.230769   0.846154   1.49187   -0.901043   0.0471985
0.692308   0.230769   0.846154   1.73117   -0.949969   0.0611745
0.769231   0.230769   0.846154   1.76504   -0.720548   0.0825641
0.846154   0.230769   0.846154   1.38178   0.325896   0.112446
0.923077   0.230769   0.846154   0.576985   3.28398   0.127898
1   0.230769   0.846154   3.62155e-34   9   8.37295e-35
0   0.307692   0.846154   1.03486e-35   -9.12669e-35   -2.42938e-36
0.0769231   0.307692   0.846154   0.0318531   -0.177046   -0.00420689
0.153846   0.307692   0.846154   0.11043   -0.312179   0.000484856
0.230769   0.307692   0.846154   0.22327   -0.43531   0.0059799
0.307692   0.307692   0.846154   0.368316   -0.564441   0.0108545
0.384615   0.307692   0.846154   0.544546   -0.708024   0.0152906
0.461538   0.307692   0.846154   0.74707   -0.863408   0.0198094
0.538462   0.307692   0.846154   0.960436   -1.01066   0.0251889
0.615385   0.307692   0.846154   1.14906   -1.09777   0.0326539
0.692308   0.307692   0.846154   1.24639   -1.00806   0.0440531
0.769231   0.307692   0.846154   1.15625   -0.492435   0.0615458
0.846154   0.307692   0.846154   0.807583   0.931722   0.0842592
0.923077   0.307692   0.846154   0.298751   3.97791   0.0918714
1   0.307692   0.846154   1.94144e-34   9   6.44628e-35
0   0.384615   0.846154   5.33574e-36   -1.12479e-34   -1.78777e-36
0.0769231   0.384615   0.846154   0.0217516   -0.227031   -0.00363855
0.153846   0.384615   0.846154   0.0752653   -0.393074   -0.000826196
0.230769   0.384615   0.846154   0.150973   -0.541098   0.00258225
0.307692   0.384615   0.846154   0.246566   -0.693568   0.00553911
0.384615   0.384615   0.846154   0.359899   -0.85771   0.0081769
0.461538   0.384615   0.846154   0.485433   -1.02425   0.010879
0.538462   0.384615   0.846154   0.6095   -1.15982   0.0141964
0.615385   0.384615   0.846154   0.705248   -1.19129   0.0189548
0.692308   0.384615   0.846154   0.730587   -0.978219   0.0263382
0.769231   0.384615   0.846154   0.639146   -0.2715   0.0374711
0.846154   0.384615   0.846154   0.417863   1.33098   0.0509064
0.923077   0.384615   0.846154   0.14484   4.35432   0.0536706
1   0.384615   0.846154   8.99737e-35   9   4.09357e-35
0   0.461538   0.846154   -4.65898e-37   -1.21872e-34   -4.52341e-37
0.0769231   0.461538   0.846154   0.00766639   -0.254652   -0.00141123
0.153846   0.461538   0.846154   0.0266687   -0.437456   -0.000470912
0.230769   0.461538   0.846154   0.0532087   -0.598437   0.00068021
0.307692   0.461538   0.846154   0.0864518   -0.762417   0.00166612
0.384615   0.461538   0.846154   0.125318   -0.935637   0.00253073
0.461538   0.461538   0.846154   0.167461   -1.10472   0.0034104
0.538462   0.461538   0.846154   0.207543   -1.22878   0.00450595
0.615385   0.461538   0.846154   0.235857   -1.22446   0.0061241
0.692308   0.461538   0.846154   0.238637   -0.94385   0.00869021
0.769231   0.461538   0.846154   0.202958   -0.147099   0.0125265
0.846154   0.461538   0.846154   0.129078   1.52402   0.0169787
0.923077   0.461538   0.846154   0.0440293   4.52127   0.0175342
1   0.461538   0.846154   3.33528e-35   9   1.77309e-35
0   0.538462   0.846154   -6.08811e-36   -1.17634e-34   1.02563e-36
0.0769231   0.538462   0.846154   -0.00773168   -0.254673   0.00140955
0.153846   0.538462   0.846154   -0.0264073   -0.437479   0.000489144
0.230769   0.538462   0.846154   -0.0530036   -0.598475   -0.000676623
0.307692   0.538462   0.846154   -0.0861797   -0.762471   -0.00168279
0.384615   0.538462   0.846154   -0.125029   -0.935687   -0.00258411
0.461538   0.538462   0.846154   -0.167227   -1.10472   -0.00352985
0.538462   0.538462   0.846154   -0.207556   -1.22864   -0.00471593
0.615385   0.538462   0.846154   -0.236422   -1.22411   -0.00640774
0.692308   0.538462   0.846154   -0.239797   -0.943416   -0.00893798
0.769231   0.538462   0.846154   -0.204282   -0.147012   -0.0126001
0.846154   0.538462   0.846154   -0.128816   1.52339   -0.016743
0.923077   0.538462   0.846154   -0.0419506   4.52056   -0.0174682
1   0.538462   0.846154   -9.05017e-36   9   -4.77143e-36
0   0.615385   0.846154   -1.06247e-35   -1.0058e-34   2.07229e-36
0.0769231   0.615385   0.846154   -0.0218049   -0.227086   0.0036358
0.153846   0.615385   0.846154   -0.0750576   -0.39313   0.000839181
0.230769   0.615385   0.846154   -0.150824   -0.541202   -0.00257859
0.307692   0.615385   0.846154   -0.246354   -0.693727   -0.00554716
0.384615   0.615385   0.846154   -0.359633   -0.85789   -0.00820977
0.461538   0.615385   0.846154   -0.485111   -1.02435   -0.0109669
0.538462   0.615385   0.846154   -0.609172   -1.15962   -0.0143809
0.615385   0.615385   0.846154   -0.705197   -1.19044   -0.0192828
0.692308   0.615385   0.846154   -0.731245   -0.976771   -0.026748
0.769231   0.615385   0.846154   -0.640875   -0.270864   -0.0377171
0.846154   0.615385   0.846154   -0.417911   1.32898   -0.0504604
0.923077   0.615385   0.846154   -0.141267   4.35289   -0.0532789
1   0.615385   0.846154   -5.39249e-35   9   -2.75039e-35
0   0.692308   0.846154   -1.31404e-35   -7.41268e-35   2.20721e-36
0.0769231   0.692308   0.846154   -0.0318799   -0.177103   0.00419704
0.153846   0.692308   0.846154   -0.110332   -0.31225   -0.000490738
0.230769   0.692308   0.846154   -0.223224   -0.435456   -0.00598785
0.307692   0.692308   0.846154   -0.368238   -0.564677   -0.0108625
0.384615   0.692308   0.846154   -0.544401   -0.708348   -0.0153042
0.461538   0.692308   0.846154   -0.74677   -0.863764   -0.0198514
0.538462   0.692308   0.846154   -0.95977   -1.01086   -0.0253037
0.615385   0.692308   0.846154   -1.14793   -1.09734   -0.032972
0.692308   0.692308   0.846154   -1.24544   -1.00622   -0.0446089
0.769231   0.692308   0.846154   -1.15694   -0.488879   -0.0622895
0.846154   0.692308   0.846154   -0.809221   0.93284   -0.0844146
0.923077   0.692308   0.846154   -0.292538   3.97332   -0.0910209
1   0.692308   0.846154   -1.28522e-34   9   -5.0799e-35
0   0.769231   0.846154   -1.26549e-35   -4.41471e-35   1.22826e-36
0.0769231   0.769231   0.846154   -0.0352924   -0.114996   0.00246027
0.153846   0.769231   0.846154   -0.123532   -0.210241   -0.00402149
0.230769   0.769231   0.846154   -0.253392   -0.299167   -0.0113319
0.307692   0.769231   0.846154   -0.424707   -0.394044   -0.0180508
0.384615   0.769231   0.846154   -0.639419   -0.503634   -0.0243265
0.461538   0.769231   0.846154   -0.897524   -0.631399   -0.0306644
0.538462   0.769231   0.846154   -1.19064   -0.772208   -0.0378601
0.615385   0.769231   0.846154   -1.49025   -0.902226   -0.0474065
0.692308   0.769231   0.846154   -1.72728   -0.949484   -0.0616638
0.769231   0.769231   0.846154   -1.75855   -0.712835   -0.0846967
0.846154   0.769231   0.846154   -1.39675   0.326587   -0.114764
0.923077   0.769231   0.846154   -0.55694   3.25485   -0.121577
1   0.769231   0.846154   -2.52855e-34   9   -7.34858e-35
0   0.846154   0.846154   -8.34194e-36   -1.825e-35   -4.36637e-37
0.0769231   0.846154   0.846154   -0.0297588   -0.0551986   -0.0011536
0.153846   0.846154   0.846154   -0.107681   -0.108479   -0.00891577
0.230769   0.846154   0.846154   -0.227292   -0.158631   -0.0175144
0.307692   0.846154   0.846154   -0.390378   -0.212537   -0.0257742
0.384615   0.846154   0.846154   -0.601456   -0.277135   -0.0337172
0.461538   0.846154   0.846154   -0.866941   -0.358022   -0.0416657
0.538462   0.846154   0.846154   -1.19177   -0.459292   -0.0501088
0.615385   0.846154   0.846154   -1.57105   -0.581495   -0.0603051
0.692308   0.846154   0.846154   -1.97495   -0.711361   -0.0744439
0.769231   0.846154   0.846154   -2.27848   -0.761592   -0.096677
0.846154   0.846154   0.846154   -2.20001   -0.318106   -0.125598
0.923077   0.846154   0.846154   -1.03262   2.14899   -0.131277
1   0.846154   0.846154   -4.28289e-34   9   -8.63206e-35
0   0.923077   0.846154   -4.24811e-37   -2.89534e-36   -1.18866e-36
0.0769231   0.923077   0.846154   -0.0148228   -0.0135329   -0.00405887
0.153846   0.923077   0.846154   -0.0615772   -0.030937   -0.0113286
0.230769   0.923077   0.846154   -0.139187   -0.0466895   -0.0193726
0.307692   0.923077   0.846154   -0.248485   -0.0635067   -0.0273554
0.384615   0.923077   0.846154   -0.393548   -0.0842477   -0.0352594
0.461538   0.923077   0.846154   -0.582709   -0.111742   -0.0432341
0.538462   0.923077   0.846154   -0.828185   -0.149348   -0.0514125
0.615385   0.923077   0.846154   -1.1466   -0.202755   -0.0601344
0.692308   0.923077   0.846154   -1.5649   -0.278615   -0.0684267
0.769231   0.923077   0.846154   -2.05263   -0.368534   -0.0793957
0.846154   0.923077   0.846154   -2.61574   -0.485873   -0.104718
0.923077   0.923077   0.846154   -2.11317   0.187075   -0.116188
1   0.923077   0.846154   -2.8152e-33   9   -8.15378e-35
0   1   0.846154   4.3514e-37   -3.21601e-37   9.53254e-37
0.0769231   1   0.846154   -4.42016e-36   -2.81033e-36   -2.10406e-36
0.153846   1   0.846154   -2.57646e-35   -1.25106e-35   -6.29293e-36
0.230769   1   0.846154   -6.51297e-35   -2.05364e-35   -1.1214e-35
0.307692   1   0.846154   -1.23536e-34   -2.82812e-35   -1.63082e-35
0.384615   1   0.846154   -2.02607e-34   -3.78395e-35   -2.13693e-35
0.461538   1   0.846154   -3.06693e-34   -5.07145e-35   -2.64133e-35
0.538462   1   0.846154   -4.43148e-34   -6.88482e-35   -3.15067e-35
0.615385   1   0.846154   -6.23747e-34   -9.83218e-35   -3.66205e-35
0.692308   1   0.846154   -8.648e-34   -1.46196e-34   -4.22838e-35
0.769231   1   0.846154   -1.18895e-33   -1.85682e-34   -4.78629e-35
0.846154   1   0.846154   -1.67953e-33   -8.13703e-34   -5.71475e-35
0.923077   1   0.846154   -1.69389e-33   -3.28339e-33   -5.81133e-35
1   1   0.846154   3.0104e-33   9   1.13187e-35
0   0   0.923077   5.23849e-37   -1.65217e-37   4.81205e-38
0.0769231   0   0.923077   6.00378e-36   -1.54966e-36   1.23597e-36
0.153846   0   0.923077   1.93474e-35   -4.52308e-36   2.98791e-36
0.230769   0   0.923077   4.15056e-35   -5.87739e-36   4.67751e-36
0.307692   0   0.923077   7.27384e-35   -7.86612e-36   6.3482e-36
0.384615   0   0.923077   1.14853e-34   -1.12313e-35   8.15885e-36
0.461538   0   0.923077   1.71438e-34   -1.68569e-35   1.01871e-35
0.538462   0   0.923077   2.48652e-34   -2.72603e-35   1.26141e-35
0.615385   0   0.923077   3.54681e-34   -4.59893e-35   1.53822e-35
0.692308   0   0.923077   5.18604e-34   -7.52374e-35   2.43121e-35
0.769231   0   0.923077   7.56458e-34   -1.54965e-34   8.26697e-36
0.846154   0   0.923077   7.76326e-34   -7.03502e-34   7.2605e-35
0.923077   0   0.923077   -2.61105e-34   -2.9169e-34   -9.73876e-35
1   0   0.923077   -2.98409e-33   9   -5.32911e-34
0   0.0769231   0.923077   2.29343e-36   -4.96473e-36   1.56703e-38
0.0769231   0.0769231   0.923077   0.00868939   -0.00747702   0.00138001
0.153846   0.0769231   0.923077   0.0375238   -0.0168713   0.00500461
0.230769   0.0769231   0.923077   0.0876355   -0.0251857   0.00878352
0.307692   0.0769231   0.923077   0.15889   -0.0344383   0.0124436
0.384615   0.0769231   0.923077   0.254667   -0.0466124   0.0161704
0.461538   0.0769231   0.923077   0.381539   -0.0639398   0.0201541
0.538462   0.0769231   0.923077   0.550176   -0.0896758   0.0245637
0.615385   0.0769231   0.923077   0.775923   -0.129933   0.0294594
0.692308   0.0769231   0.923077   1.08347   -0.194621   0.0356596
0.769231   0.0769231   0.923077   1.51982   -0.301948   0.0465932
0.846154   0.0769231   0.923077   2.01446   -0.421572   0.0572175
0.923077   0.0769231   0.923077   1.76414   0.100587   0.0723468
1   0.0769231   0.923077   1.76009e-33   9   9.2928e-35
0   0.153846   0.923077   4.90882e-36   -1.54753e-35   -1.01137e-36
0.0769231   0.153846   0.923077   0.0170455   -0.0319722   -0.000521389
0.153846   0.153846   0.923077   0.0637175   -0.061426   0.00324156
0.230769   0.153846   0.923077   0.13783   -0.0890491   0.00693694
0.307692   0.153846   0.923077   0.239996   -0.119746   0.0103197
0.384615   0.153846   0.923077   0.373761   -0.158484   0.0135725
0.461538   0.153846   0.923077   0.544543   -0.210044   0.0168897
0.538462   0.153846   0.923077   0.758157   -0.279661   0.0205058
0.615385   0.153846   0.923077   1.01697   -0.373002   0.0248894
0.692308   0.153846   0.923077   1.31022   -0.490922   0.0313649
0.769231   0.153846   0.923077   1.56878   -0.596453   0.0402446
0.846154   0.153846   0.923077   1.54357   -0.429862   0.0534613
0.923077   0.153846   0.923077   0.824051   1.53339   0.0866994
1   0.153846   0.923077   8.20017e-34   9   5.42896e-35
0   0.230769   0.923077   4.47475e-36   -3.01036e-35   -1.61382e-36
0.0769231   0.230769   0.923077   0.0198315   -0.0690795   -0.0023035
0.153846   0.230769   0.923077   0.0720162   -0.122146   0.000974409
0.230769   0.230769   0.923077   0.150826   -0.171656   0.00404526
0.307692   0.230769   0.923077   0.255978   -0.226375   0.00665395
0.384615   0.230769   0.923077   0.389114   -0.292772   0.00901629
0.461538   0.230769   0.923077   0.551321   -0.374923   0.011373
0.538462   0.230769   0.923077   0.739331   -0.473313   0.0140314
0.615385   0.230769   0.923077   0.938178   -0.579787   0.0175298
0.692308   0.230769   0.923077   1.10589   -0.659694   0.0227139
0.769231   0.230769   0.923077   1.14767   -0.591096   0.0310229
0.846154   0.230769   0.923077   0.915656   0.0431069   0.0482978
0.923077   0.230769   0.923077   0.390276   2.49003   0.0724176
1   0.230769   0.923077   2.72345e-34   9   5.62762e-35
0   0.307692   0.923077   3.1189e-36   -4.46159e-35   -1.57786e-36
0.0769231   0.307692   0.923077   0.0177235   -0.108085   -0.00288826
0.153846   0.307692   0.923077   0.0637991   -0.183829   -0.000386525
0.230769   0.307692   0.923077   0.131522   -0.252769   0.00192134
0.307692   0.307692   0.923077   0.219509   -0.327666   0.00377066
0.384615   0.307692   0.923077   0.327314   -0.415014   0.00535634
0.461538   0.307692   0.923077   0.45256   -0.515379   0.00692178
0.538462   0.307692   0.923077   0.586611   -0.620213   0.00875728
0.615385   0.307692   0.923077   0.708177   -0.702821   0.0113196
0.692308   0.307692   0.923077   0.775499   -0.695733   0.0154434
0.769231   0.307692   0.923077   0.725721   -0.434791   0.0228977
0.846154   0.307692   0.923077   0.510108   0.47126   0.036133
0.923077   0.307692   0.923077   0.188876   3.00461   0.0480869
1   0.307692   0.923077   1.37618e-34   9   4.18103e-35
0   0.384615   0.923077   1.32539e-36   -5.54532e-35   -1.03893e-36
0.0769231   0.384615   0.923077   0.0120364   -0.139714   -0.0022918
0.153846   0.384615   0.923077   0.0432518   -0.233052   -0.000723694
0.230769   0.384615   0.923077   0.0884043   -0.316026   0.000719515
0.307692   0.384615   0.923077   0.145995   -0.404523   0.00183703
0.384615   0.384615   0.923077   0.214755   -0.504361   0.00275347
0.461538   0.384615   0.923077   0.29159   -0.612045   0.00364919
0.538462   0.384615   0.923077   0.368462   -0.710529   0.00473214
0.615385   0.384615   0.923077   0.428999   -0.759072   0.00633845
0.692308   0.384615   0.923077   0.446794   -0.673074   0.00908644
0.769231   0.384615   0.923077   0.392016   -0.284958   0.0139681
0.846154   0.384615   0.923077   0.255842   0.746825   0.0215566
0.923077   0.384615   0.923077   0.0877936   3.27575   0.0268288
1   0.384615   0.923077   6.10864e-35   9   2.55533e-35
0   0.461538   0.923077   -5.97458e-37   -6.03169e-35   -1.99106e-37
0.0769231   0.461538   0.923077   0.00423367   -0.157238   -0.000883285
0.153846   0.461538   0.923077   0.0153184   -0.260117   -0.000327266
0.230769   0.461538   0.923077   0.0310945   -0.350365   0.000163513
0.307692   0.461538   0.923077   0.0510594   -0.445519   0.000541961
0.384615   0.461538   0.923077   0.0745372   -0.550808   0.000837563
0.461538   0.461538   0.923077   0.100178   -0.660182   0.0011187
0.538462   0.461538   0.923077   0.124797   -0.75178   0.00146457
0.615385   0.461538   0.923077   0.142461   -0.778074   0.00201588
0.692308   0.461538   0.923077   0.144567   -0.648924   0.00301144
0.769231   0.461538   0.923077   0.122958   -0.201512   0.00478427
0.846154   0.461538   0.923077   0.0779262   0.878277   0.00740657
0.923077   0.461538   0.923077   0.0262237   3.39427   0.00884059
1   0.461538   0.923077   2.20149e-35   9   1.07682e-35
0   0.538462   0.923077   -2.38329e-36   -5.82446e-35   6.86483e-37
0.0769231   0.538462   0.923077   -0.0042583   -0.157243   0.000815555
0.153846   0.538462   0.923077   -0.0150653   -0.260126   0.000332423
0.230769   0.538462   0.923077   -0.0308955   -0.350388   -0.000161202
0.307692   0.538462   0.923077   -0.0508124   -0.44555   -0.000525931
0.384615   0.538462   0.923077   -0.0743046   -0.550828   -0.000834911
0.461538   0.538462   0.923077   -0.100034   -0.660152   -0.00115145
0.538462   0.538462   0.923077   -0.124916   -0.751635   -0.00155092
0.615385   0.538462   0.923077   -0.143073   -0.777772   -0.00212892
0.692308   0.538462   0.923077   -0.145747   -0.648586   -0.00303706
0.769231   0.538462   0.923077   -0.124206   -0.201518   -0.00443246
0.846154   0.538462   0.923077   -0.077471   0.877678   -0.00634557
0.923077   0.538462   0.923077   -0.0247763   3.39344   -0.00801193
1   0.538462   0.923077   -6.2606e-36   9   -3.18827e-36
0   0.615385   0.923077   -3.79625e-36   -4.96434e-35   1.36468e-36
0.0769231   0.615385   0.923077   -0.0120503   -0.139726   0.00224495
0.153846   0.615385   0.923077   -0.0430398   -0.233074   0.000742861
0.230769   0.615385   0.923077   -0.0882405   -0.31609   -0.000696898
0.307692   0.615385   0.923077   -0.145777   -0.40462   -0.00179261
0.384615   0.615385   0.923077   -0.214511   -0.50445   -0.00270831
0.461538   0.615385   0.923077   -0.291336   -0.612032   -0.00362533
0.538462   0.615385   0.923077   -0.368294   -0.710238   -0.00476749
0.615385   0.615385   0.923077   -0.429178   -0.758289   -0.0064636
0.692308   0.615385   0.923077   -0.447706   -0.671898   -0.00922976
0.769231   0.615385   0.923077   -0.393686   -0.284403   -0.0137498
0.846154   0.615385   0.923077   -0.255628   0.745318   -0.020208
0.923077   0.615385   0.923077   -0.0855539   3.27347   -0.0257537
1   0.615385   0.923077   -3.84045e-35   9   -1.75993e-35
0   0.692308   0.923077   -4.55768e-36   -3.62742e-35   1.60951e-36
0.0769231   0.692308   0.923077   -0.017719   -0.108092   0.00287995
0.153846   0.692308   0.923077   -0.0636756   -0.183877   0.000430106
0.230769   0.692308   0.923077   -0.13143   -0.252886   -0.00186111
0.307692   0.692308   0.923077   -0.219371   -0.327846   -0.00367611
0.384615   0.692308   0.923077   -0.327112   -0.415234   -0.00523408
0.461538   0.692308   0.923077   -0.452234   -0.51557   -0.00678451
0.538462   0.692308   0.923077   -0.586063   -0.620188   -0.00864555
0.615385   0.692308   0.923077   -0.707471   -0.702137   -0.0113358
0.692308   0.692308   0.923077   -0.775173   -0.693664   -0.0157479
0.769231   0.692308   0.923077   -0.727748   -0.432271   -0.0234225
0.846154   0.692308   0.923077   -0.511059   0.468624   -0.0348643
0.923077   0.692308   0.923077   -0.184277   2.99721   -0.0463786
1   0.692308   0.923077   -9.34252e-35   9   -3.30511e-35
0   0.769231   0.923077   -4.33703e-36   -2.12037e-35   1.27938e-36
0.0769231   0.769231   0.923077   -0.0197968   -0.0690576   0.00234336
0.153846   0.769231   0.923077   -0.0720439   -0.122187   -0.000905112
0.230769   0.769231   0.923077   -0.150839   -0.171784   -0.00392757
0.307692   0.769231   0.923077   -0.255993   -0.2266   -0.00648448
0.384615   0.769231   0.923077   -0.389091   -0.293115   -0.00878339
0.461538   0.769231   0.923077   -0.551188   -0.375419   -0.0110648
0.538462   0.769231   0.923077   -0.73883   -0.473987   -0.0136493
0.615385   0.769231   0.923077   -0.936749   -0.58049   -0.0171729
0.692308   0.769231   0.923077   -1.10284   -0.659318   -0.0227664
0.769231   0.769231   0.923077   -1.1475   -0.585149   -0.0331599
0.846154   0.769231   0.923077   -0.923326   0.0474518   -0.0480736
0.923077   0.769231   0.923077   -0.374168   2.47476   -0.064304
1   0.769231   0.923077   -2.00939e-34   9   -5.03968e-35
0   0.846154   0.923077   -2.70192e-36   -8.35408e-36   4.81137e-37
0.0769231   0.846154   0.923077   -0.0169248   -0.0320489   0.00063699
0.153846   0.846154   0.923077   -0.0639387   -0.0614609   -0.00313169
0.230769   0.846154   0.923077   -0.137983   -0.0890937   -0.00675848
0.307692   0.846154   0.923077   -0.240247   -0.119857   -0.0100919
0.384615   0.846154   0.923077   -0.374087   -0.158717   -0.0132587
0.461538   0.846154   0.923077   -0.544952   -0.210478   -0.0164351
0.538462   0.846154   0.923077   -0.758571   -0.280501   -0.0198341
0.615385   0.846154   0.923077   -1.01731   -0.374932   -0.0239444
0.692308   0.846154   0.923077   -1.30688   -0.495897   -0.0295836
0.769231   0.846154   0.923077   -1.55964   -0.604976   -0.0405116
0.846154   0.846154   0.923077   -1.55492   -0.418205   -0.0564721
0.923077   0.846154   0.923077   -0.772481   1.59401   -0.0823608
1   0.846154   0.923077   -4.50968e-34   9   -5.98326e-35
0   0.923077   0.923077   8.78796e-37   -1.03988e-36   -3.04055e-37
0.0769231   0.923077   0.923077   -0.00865201   -0.0073443   -0.00132044
0.153846   0.923077   0.923077   -0.0379607   -0.016783   -0.00496076
0.230769   0.923077   0.923077   -0.0880132   -0.0252589   -0.00867853
0.307692   0.923077   0.923077   -0.159492   -0.0346385   -0.0123388
0.384615   0.923077   0.923077   -0.255513   -0.0469092   -0.0160535
0.461538   0.923077   0.923077   -0.382751   -0.0643314   -0.0200084
0.538462   0.923077   0.923077   -0.551826   -0.0901984   -0.0243733
0.615385   0.923077   0.923077   -0.779382   -0.130538   -0.0293733
0.692308   0.923077   0.923077   -1.0901   -0.196089   -0.0339924
0.769231   0.923077   0.923077   -1.50558   -0.29881   -0.0418636
0.846154   0.923077   0.923077   -2.03141   -0.47917   -0.0537993
0.923077   0.923077   0.923077   -1.83179   0.0248778   -0.0796315
1   0.923077   0.923077   -2.69228e-33   9   -6.64782e-35
0   1   0.923077   -1.74814e-37   5.35692e-37   2.75107e-38
0.0769231   1   0.923077   -3.4093e-36   -1.74191e-36   -9.32354e-37
0.153846   1   0.923077   -1.84807e-35   -7.33717e-36   -3.51734e-36
0.230769   1   0.923077   -4.69289e-35   -1.21464e-35   -6.45961e-36
0.307692   1   0.923077   -8.95759e-35   -1.69246e-35   -9.4773e-36
0.384615   1   0.923077   -1.479e-34   -2.32963e-35   -1.25192e-35
0.461538   1   0.923077   -2.25685e-34   -3.25879e-35   -1.56656e-35
0.538462   1   0.923077   -3.29612e-34   -4.71609e-35   -1.90249e-35
0.615385   1   0.923077   -4.70728e-34   -7.21088e-35   -2.25209e-35
0.692308   1   0.923077   -6.66963e-34   -1.17385e-34   -2.66103e-35
0.769231   1   0.923077   -9.4698e-34   -1.95887e-34   -3.11404e-35
0.846154   1   0.923077   -1.40571e-33   -7.51468e-34   -4.02642e-35
0.923077   1   0.923077   -1.46287e-33   -3.21507e-33   -3.31154e-35
1   1   0.923077   3.03608e-33   9   -1.01816e-35
0   0   1   1.49595e-37   -1.85686e-37   2.46333e-38
0.0769231   0   1   1.70333e-37   -6.22124e-37   -2.52852e-37
0.153846   0   1   -4.08747e-36   -2.72499e-36   2.77588e-36
0.230769   0   1   -1.35929e-35   -2.85433e-36   5.81336e-36
0.307692   0   1   -2.74409e-35   -2.29783e-36   9.5732e-36
0.384615   0   1   -4.63935e-35   -1.42197e-36   1.47632e-35
0.461538   0   1   -7.24799e-35   -4.44428e-37   2.26111e-35
0.538462   0   1   -1.08873e-34   1.62247e-36   3.346e-35
0.615385   0   1   -1.62899e-34   2.16395e-36   5.46712e-35
0.692308   0   1   -2.39997e-34   1.32364e-35   7.32668e-35
0.769231   0   1   -4.25661e-34   -6.37287e-35   2.57704e-34
0.846154   0   1   -6.60812e-34   3.41254e-34   -3.43672e-35
0.923077   0   1   -1.94324e-33   -1.15778e-33   1.56905e-33
1   0   1   -3.14203e-33   9   -2.55634e-33
0   0.0769231   1   3.49959e-37   -3.37292e-37   3.26201e-37
0.0769231   0.0769231   1   1.39493e-36   -1.07407e-36   3.83406e-37
0.153846   0.0769231   1   1.02428e-35   -4.15375e-36   2.92284e-36
0.230769   0.0769231   1   2.72408e-35   -6.90176e-36   4.50416e-36
0.307692   0.0769231   1   5.27055e-35   -9.67207e-36   6.33268e-36
0.384615   0.0769231   1   8.75949e-35   -1.32398e-35   8.15412e-36
0.461538   0.0769231   1   1.34396e-34   -1.84799e-35   9.96042e-36
0.538462   0.0769231   1   1.97328e-34   -2.63216e-35   1.16992e-35
0.615385   0.0769231   1   2.83774e-34   -3.99128e-35   1.04684e-35
0.692308   0.0769231   1   4.04752e-34   -6.03036e-35   1.38094e-35
0.769231   0.0769231   1   5.8914e-34   -1.14751e-34   -8.97664e-36
0.846154   0.0769231   1   8.31526e-34   -1.25876e-34   -1.67533e-34
0.923077   0.0769231   1   1.0789e-33   -2.42282e-33   -7.09381e-34
1   0.0769231   1   8.24867e-34   9   7.26836e-34
0   0.153846   1   2.01386e-36   3.12007e-36   -2.22129e-36
0.0769231   0.153846   1   4.57586e-36   -8.43373e-36   -1.11264e-36
0.153846   0.153846   1   2.25533e-35   -2.04517e-35   1.44518e-36
0.230769   0.153846   1   5.49649e-35   -3.15053e-35   3.63264e-36
0.307692   0.153846   1   1.01886e-34   -4.32576e-35   5.38143e-36
0.384615   0.153846   1   1.64863e-34   -5.80449e-35   6.59696e-36
0.461538   0.153846   1   2.47076e-34   -7.82752e-35   7.29076e-36
0.538462   0.153846   1   3.53078e-34   -1.06972e-34   6.75209e-36
0.615385   0.153846   1   4.88062e-34   -1.48405e-34   4.1624e-36
0.692308   0.153846   1   6.55717e-34   -2.08902e-34   -4.52397e-36
0.769231   0.153846   1   8.44537e-34   -2.89314e-34   -4.18258e-35
0.846154   0.153846   1   9.73599e-34   -3.24935e-34   -8.12149e-35
0.923077   0.153846   1   7.57918e-34   -1.64632e-33   5.44112e-35
1   0.153846   1   4.72664e-34   9   3.61461e-34
0   0.230769   1   1.38647e-36   1.03111e-35   -3.99194e-36
0.0769231   0.230769   1   6.23623e-36   -2.14156e-35   -1.48929e-36
0.153846   0.230769   1   2.82603e-35   -4.70581e-35   -2.12779e-37
0.230769   0.230769   1   6.59959e-35   -6.95376e-35   1.36623e-36
0.307692   0.230769   1   1.18579e-34   -9.35111e-35   2.17516e-36
0.384615   0.230769   1   1.8703e-34   -1.22717e-34   2.33885e-36
0.461538   0.230769   1   2.72918e-34   -1.60215e-34   1.75069e-36
0.538462   0.230769   1   3.76942e-34   -2.08355e-34   -1.10096e-38
0.615385   0.230769   1   4.9598e-34   -2.67781e-34   -3.78482e-36
0.692308   0.230769   1   6.16273e-34   -3.32071e-34   -1.17496e-35
0.769231   0.230769   1   6.97741e-34   -3.63173e-34   -1.93684e-35
0.846154   0.230769   1   6.54515e-34   -1.86738e-34   -4.25803e-36
0.923077   0.230769   1   4.01441e-34   -1.17729e-33   5.41737e-35
1   0.230769   1   1.477e-34   9   1.03828e-34
0   0.307692   1   -2.77274e-37   1.81375e-35   -4.91267e-36
0.0769231   0.307692   1   6.12241e-36   -3.65408e-35   -1.56066e-36
0.153846   0.307692   1   2.70035e-35   -7.6905e-35   -1.18542e-36
0.230769   0.307692   1   6.18582e-35   -1.10458e-34   -1.76112e-37
0.307692   0.307692   1   1.08995e-34   -1.45708e-34   -6.6361e-38
0.384615   0.307692   1   1.68458e-34   -1.87255e-34   -5.42446e-37
0.461538   0.307692   1   2.39913e-34   -2.37282e-34   -1.6549e-36
0.538462   0.307692   1   3.20683e-34   -2.94788e-34   -3.50647e-36
0.615385   0.307692   1   4.02367e-34   -3.52372e-34   -6.15087e-36
0.692308   0.307692   1   4.65616e-34   -3.86625e-34   -8.46344e-36
0.769231   0.307692   1   4.75231e-34   -3.30337e-34   -6.64152e-36
0.846154   0.307692   1   3.88928e-34   8.28714e-36   7.07551e-36
0.923077   0.307692   1   2.05879e-34   -8.47741e-34   3.62057e-35
1   0.307692   1   9.56007e-35   9   7.59531e-35
0   0.384615   1   -2.14189e-36   2.45098e-35   -5.0953e-36
0.0769231   0.384615   1   4.68184e-36   -4.98909e-35   -1.02888e-36
0.153846   0.384615   1   2.02627e-35   -1.02924e-34   -1.24141e-36
0.230769   0.384615   1   4.5896e-35   -1.45289e-34   -9.22612e-37
0.307692   0.384615   1   7.98563e-35   -1.88895e-34   -1.37825e-36
0.384615   0.384615   1   1.216e-34   -2.38733e-34   -2.23838e-36
0.461538   0.384615   1   1.6989e-34   -2.95412e-34   -3.50426e-36
0.538462   0.384615   1   2.21181e-34   -3.5392e-34   -5.01663e-36
0.615385   0.384615   1   2.67316e-34   -3.99301e-34   -6.29354e-36
0.692308   0.384615   1   2.93434e-34   -3.96793e-34   -6.16144e-36
0.769231   0.384615   1   2.79158e-34   -2.69599e-34   -2.38659e-36
0.846154   0.384615   1   2.09963e-34   1.60392e-34   8.3641e-36
0.923077   0.384615   1   1.01593e-34   -6.54147e-34   2.56548e-35
1   0.384615   1   5.3853e-35   9   4.57501e-35
0   0.461538   1   -3.8546e-36   2.80522e-35   -4.46307e-36
0.0769231   0.461538   1   2.39085e-36   -5.84687e-35   -1.23691e-37
0.153846   0.461538   1   9.95804e-36   -1.19645e-34   -7.75042e-37
0.230769   0.461538   1   2.22794e-35   -1.67378e-34   -1.15083e-36
0.307692   0.461538   1   3.84096e-35   -2.15752e-34   -2.04998e-36
0.384615   0.461538   1   5.79127e-35   -2.69877e-34   -3.19024e-36
0.461538   0.461538   1   7.98921e-35   -3.2908e-34   -4.56083e-36
0.538462   0.461538   1   1.0224e-34   -3.85537e-34   -5.90918e-36
0.615385   0.461538   1   1.20672e-34   -4.19803e-34   -6.72147e-36
0.692308   0.461538   1   1.2833e-34   -3.92122e-34   -6.10104e-36
0.769231   0.461538   1   1.1738e-34   -2.25027e-34   -2.77002e-36
0.846154   0.461538   1   8.45499e-35   2.46539e-34   4.10791e-36
0.923077   0.461538   1   3.94188e-35   -5.58338e-34   1.09479e-35
1   0.461538   1   3.36361e-35   9   3.06547e-35
0   0.538462   1   -5.02591e-36   2.8058e-35   -3.17496e-36
0.0769231   0.538462   1   -2.8883e-37   -6.05465e-35   8.81012e-37
0.153846   0.538462   1   -1.94853e-36   -1.23845e-34   -5.80398e-38
0.230769   0.538462   1   -4.7498e-36   -1.72937e-34   -1.07682e-36
0.307692   0.538462   1   -8.41788e-36   -2.22455e-34   -2.35729e-36
0.384615   0.538462   1   -1.28396e-35   -2.77523e-34   -3.77399e-36
0.461538   0.538462   1   -1.78711e-35   -3.3711e-34   -5.37347e-36
0.538462   0.538462   1   -2.30698e-35   -3.92663e-34   -6.97873e-36
0.615385   0.538462   1   -2.74977e-35   -4.23708e-34   -8.19388e-36
0.692308   0.538462   1   -2.9536e-35   -3.89623e-34   -8.35296e-36
0.769231   0.538462   1   -2.71201e-35   -2.1345e-34   -6.52711e-36
0.846154   0.538462   1   -1.91348e-35   2.66365e-34   -2.79429e-36
0.923077   0.538462   1   -7.94628e-36   -5.37987e-34   -1.79258e-36
1   0.538462   1   2.34245e-35   9   2.35972e-35
0   0.615385   1   -5.42631e-36   2.45296e-35   -1.46428e-36
0.0769231   0.615385   1   -2.91805e-36   -5.57222e-35   1.7151e-36
0.153846   0.615385   1   -1.35466e-35   -1.1476e-34   6.00536e-37
0.230769   0.615385   1   -3.10612e-35   -1.61077e-34   -9.55409e-37
0.307692   0.615385   1   -5.4081e-35   -2.08148e-34   -2.53724e-36
0.384615   0.615385   1   -8.20435e-35   -2.6106e-34   -4.23347e-36
0.461538   0.615385   1   -1.13911e-34   -3.19494e-34   -6.21264e-36
0.538462   0.615385   1   -1.46943e-34   -3.76408e-34   -8.50207e-36
0.615385   0.615385   1   -1.75316e-34   -4.13648e-34   -1.0941e-35
0.692308   0.615385   1   -1.89153e-34   -3.93042e-34   -1.30567e-35
0.769231   0.615385   1   -1.75956e-34   -2.3773e-34   -1.36947e-35
0.846154   0.615385   1   -1.28306e-34   2.20634e-34   -1.22377e-35
0.923077   0.615385   1   -5.87064e-35   -5.89006e-34   -1.59087e-35
1   0.615385   1   1.65777e-35   9   1.98325e-35
0   0.692308   1   -4.92473e-36   1.81638e-35   3.01463e-37
0.0769231   0.692308   1   -5.0535e-36   -4.49435e-35   2.10473e-36
0.153846   0.692308   1   -2.29111e-35   -9.40901e-35   9.13554e-37
0.230769   0.692308   1   -5.24965e-35   -1.33763e-34   -1.0067e-36
0.307692   0.692308   1   -9.19542e-35   -1.74756e-34   -2.7845e-36
0.384615   0.692308   1   -1.40851e-34   -2.21978e-34   -4.73049e-36
0.461538   0.692308   1   -1.98179e-34   -2.76573e-34   -7.15286e-36
0.538462   0.692308   1   -2.60461e-34   -3.34845e-34   -1.03932e-35
0.615385   0.692308   1   -3.19096e-34   -3.84259e-34   -1.47641e-35
0.692308   0.692308   1   -3.57351e-34   -3.93721e-34   -2.03522e-35
0.769231   0.692308   1   -3.49575e-34   -2.89763e-34   -2.65225e-35
0.846154   0.692308   1   -2.71843e-34   1.08649e-34   -3.00087e-35
0.923077   0.692308   1   -1.33827e-34   -7.24309e-34   -3.7377e-35
1   0.692308   1   1.19509e-35   9   1.98342e-35
0   0.769231   1   -3.55629e-36   1.03553e-35   1.67137e-36
0.0769231   0.769231   1   -6.23232e-36   -3.04841e-35   1.83005e-36
0.153846   0.769231   1   -2.80614e-35   -6.59462e-35   6.8629e-37
0.230769   0.769231   1   -6.48009e-35   -9.58473e-35   -1.40962e-36
0.307692   0.769231   1   -1.14984e-34   -1.27315e-34   -3.28969e-36
0.384615   0.769231   1   -1.78973e-34   -1.64739e-34   -5.4013e-36
0.461538   0.769231   1   -2.57028e-34   -2.107e-34   -8.12913e-36
0.538462   0.769231   1   -3.47441e-34   -2.65491e-34   -1.21649e-35
0.615385   0.769231   1   -4.43122e-34   -3.24553e-34   -1.87594e-35
0.692308   0.769231   1   -5.25928e-34   -3.70091e-34   -2.98929e-35
0.769231   0.769231   1   -5.58602e-34   -3.44215e-34   -4.88079e-35
0.846154   0.769231   1   -4.83516e-34   -6.15265e-35   -5.98183e-35
0.923077   0.769231   1   -2.69609e-34   -9.72605e-34   -6.01555e-35
1   0.769231   1   5.93034e-36   9   2.24631e-35
0   0.846154   1   -1.39487e-36   3.29417e-36   1.826e-36
0.0769231   0.846154   1   -5.95445e-36   -1.58345e-35   8.26864e-37
0.153846   0.846154   1   -2.71349e-35   -3.65621e-35   -2.85257e-37
0.230769   0.846154   1   -6.40002e-35   -5.49869e-35   -2.60777e-36
0.307692   0.846154   1   -1.16042e-34   -7.45685e-35   -4.67131e-36
0.384615   0.846154   1   -1.8457e-34   -9.86279e-35   -6.9295e-36
0.461538   0.846154   1   -2.71786e-34   -1.30141e-34   -9.69033e-36
0.538462   0.846154   1   -3.79854e-34   -1.71995e-34   -1.37342e-35
0.615385   0.846154   1   -5.08448e-34   -2.26722e-34   -2.11854e-35
0.692308   0.846154   1   -6.48862e-34   -2.92897e-34   -3.54897e-35
0.769231   0.846154   1   -7.68866e-34   -3.45245e-34   -7.10477e-35
0.846154   0.846154   1   -7.82337e-34   -2.4098e-34   -1.35798e-34
0.923077   0.846154   1   -5.43152e-34   -1.37605e-33   -1.55889e-34
1   0.846154   1   -9.48682e-36   9   2.34324e-35
0   0.923077   1   2.93853e-37   -5.21756e-37   9.56732e-37
0.0769231   0.923077   1   -3.97456e-36   -5.00514e-36   -7.23694e-37
0.153846   0.923077   1   -1.90838e-35   -1.31869e-35   -2.54014e-36
0.230769   0.923077   1   -4.73644e-35   -2.07949e-35   -5.5581e-36
0.307692   0.923077   1   -8.88016e-35   -2.88329e-35   -8.23526e-36
0.384615   0.923077   1   -1.44935e-34   -3.9005e-35   -1.11551e-35
0.461538   0.923077   1   -2.1902e-34   -5.3165e-35   -1.45356e-35
0.538462   0.923077   1   -3.16267e-34   -7.38026e-35   -1.89528e-35
0.615385   0.923077   1   -4.43973e-34   -1.0507e-34   -2.59951e-35
0.692308   0.923077   1   -6.10424e-34   -1.5372e-34   -3.53756e-35
0.769231   0.923077   1   -8.19644e-34   -2.28894e-34   -7.0235e-35
0.846154   0.923077   1   -1.01997e-33   -2.8681e-34   -2.19201e-34
0.923077   0.923077   1   -9.66585e-34   -1.86095e-33   -7.40273e-34
1   0.923077   1   -1.50061e-34   9   -9.05692e-35
0   1   1   1.07602e-36   -6.18163e-37   -4.61809e-37
0.0769231   1   1   -8.52165e-37   -9.42051e-37   -6.71829e-37
0.153846   1   1   -1.16198e-36   -2.43855e-36   -1.65468e-36
0.230769   1   1   -5.32015e-37   -2.81862e-36   -1.61986e-36
0.307692   1   1   3.58094e-37   -2.34164e-36   -7.30619e-37
0.384615   1   1   1.54209e-36   -1.55573e-36   6.18496e-37
0.461538   1   1   3.62936e-36   -3.61044e-37   2.6766e-36
0.538462   1   1   7.6803e-36   1.29925e-36   5.68707e-36
0.615385   1   1   1.60966e-35   3.83066e-36   1.03398e-35
0.692308   1   1   3.44644e-35   8.23637e-36   1.80456e-35
0.769231   1   1   8.6204e-35   9.89517e-36   2.43173e-35
0.846154   1   1   2.50889e-34   3.70506e-35   5.46644e-35
0.923077   1   1   8.30967e-34   -1.17218e-33   1.48728e-34
1   1   1   2.38265e-33   9   1.94081e-33
197  1  211  
1  197  198  
2  1  198  
1  2  16  
15  1  16  
1  15  211  
198  2  212  
2  198  199  
3  2  199  
2  3  17  
16  2  17  
2  16  212  
199  3  213  
3  199  200  
4  3  200  
3  4  18  
17  3  18  
3  17  213  
200  4  214  
4  200  201  
5  4  201  
4  5  19  
18  4  19  
4  18  214  
201  5  215  
5  201  202  
6  5  202  
5  6  20  
19  5  20  
5  19  215  
202  6  216  
6  202  203  
7  6  203  
6  7  21  
20  6  21  
6  20  216  
203  7  217  
7  203  204  
8  7  204  
7  8  22  
21  7  22  
7  21  217  
204  8  218  
8  204  205  
9  8  205  
8  9  23  
22  8  23  
8  22  218  
205  9  219  
9  205  206  
10  9  206  
9  10  24  
23  9  24  
9  23  219  
206  10  220  
10  206  207  
11  10  207  
10  11  25  
24  10  25  
10  24  220  
207  11  221  
11  207  208  
12  11  208  
11  12  26  
25  11  26  
11  25  221  
208  12  222  
12  208  209  
13  12  209  
12  13  27  
26  12  27  
12  26  222  
209  13  223  
13  209  210  
14  13  210  
13  14  28  
27  13  28  
13  27  223  
211  15  225  
15  211  212  
16  15  212  
15  16  30  
29  15  30  
15  29  225  
212  16  226  
16  212  213  
17  16  213  
16  17  31  
30  16  31  
16  30  226  
213  17  227  
17  213  214  
18  17  214  
17  18  32  
31  17  32  
17  31  227  
214  18  228  
18  214  215  
19  18  215  
18  19  33  
32  18  33  
18  32  228  
215  19  229  
19  215  216  
20  19  216  
19  20  34  
33  19  34  
19  33  229  
216  20  230  
20  216  217  
21  20  217  
20  21  35  
34  20  35  
20  34  230  
217  21  231  
21  217  218  
22  21  218  
21  22  36  
35  21  36  
21  35  231  
218  22  232  
22  218  219  
23  22  219  
22  23  37  
36  22  37  
22  36  232  
219  23  233  
23  219  220  
24  23  220  
23  24  38  
37  23  38  
23  37  233  
220  24  234  
24  220  221  
25  24  221  
24  25  39  
38  24  39  
24  38  234  
221  25  235  
25  221  222  
26  25  222  
25  26  40  
39  25  40  
25  39  235  
222  26  236  
26  222  223  
27  26  223  
26  27  41  
40  26  41  
26  40  236  
223  27  237  
27  223  224  
28  27  224  
27  28  42  
41  27  42  
27  41  237  
225  29  239  
29  225  226  
30  29  226  
29  30  44  
43  29  44  
29  43  239  
226  30  240  
30  226  227  
31  30  227  
30  31  45  
44  30  45  
30  44  240  
227  31  241  
31  227  228  
32  31  228  
31  32  46  
45  31  46  
31  45  241  
228  32  242  
32  228  229  
33  32  229  
32  33  47  
46  32  47  
32  46  242  
229  33  243  
33  229  230  
34  33  230  
33  34  48  
47  33  48  
33  47  243  
230  34  244  
34  230  231  
35  34  231  
34  35  49  
48  34  49  
34  48  244  
231  35  245  
35  231  232  
36  35  232  
35  36  50  
49  35  50  
35  49  245  
232  36  246  
36  232  233  
37  36  233  
36  37  51  
50  36  51  
36  50  246  
233  37  247  
37  233  234  
38  37  234  
37  38  52  
51  37  52  
37  51  247  
234  38  248  
38  234  235  
39  38  235  
38  39  53  
52  38  53  
38  52  248  
235  39  249  
39  235  236  
40  39  236  
39  40  54  
53  39  54  
39  53  249  
236  40  250  
40  236  237  
41  40  237  
40  41  55  
54  40  55  
40  54  250  
237  41  251  
41  237  238  
42  41  238  
41  42  56  
55  41  56  
41  55  251  
239  43  253  
43  239  240  
44  43  240  
43  44  58  
57  43  58  
43  57  253  
240  44  254  
44  240  241  
45  44  241  
44  45  59  
58  44  59  
44  58  254  
241  45  255  
45  241  242  
46  45  242  
45  46  60  
59  45  60  
45  59  255  
242  46  256  
46  242  243  
47  46  243  
46  47  61  
60  46  61  
46  60  256  
243  47  257  
47  243  244  
48  47  244  
47  48  62  
61  47  62  
47  61  257  
244  48  258  
48  244  245  
49  48  245  
48  49  63  
62  48  63  
48  62  258  
245  49  259  
49  245  246  
50  49  246  
49  50  64  
63  49  64  
49  63  259  
246  50  260  
50  246  247  
51  50  247  
50  51  65  
64  50  65  
50  64  260  
247  51  261  
51  247  248  
52  51  248  
51  52  66  
65  51  66  
51  65  261  
248  52  262  
52  248  249  
53  52  249  
52  53  67  
66  52  67  
52  66  262  
249  53  263  
53  249  250  
54  53  250  
53  54  68  
67  53  68  
53  67  263  
250  54  264  
54  250  251  
55  54  251  
54  55  69  
68  54  69  
54  68  264  
251  55  265  
55  251  252  
56  55  252  
55  56  70  
69  55  70  
55  69  265  
253  57  267  
57  253  254  
58  57  254  
57  58  72  
71  57  72  
57  71  267  
254  58  268  
58  254  255  
59  58  255  
58  59  73  
72  58  73  
58  72  268  
255  59  269  
59  255  256  
60  59  256  
59  60  74  
73  59  74  
59  73  269  
256  60  270  
60  256  257  
61  60  257  
60  61  75  
74  60  75  
60  74  270  
257  61  271  
61  257  258  
62  61  258  
61  62  76  
75  61  76  
61  75  271  
258  62  272  
62  258  259  
63  62  259  
62  63  77  
76  62  77  
62  76  272  
259  63  273  
63  259  260  
64  63  260  
63  64  78  
77  63  78  
63  77  273  
260  64  274  
64  260  261  
65  64  261  
64  65  79  
78  64  79  
64  78  274  
261  65  275  
65  261  262  
66  65  262  
65  66  80  
79  65  80  
65  79  275  
262  66  276  
66  262  263  
67  66  263  
66  67  81  
80  66  81  
66  80  276  
263  67  277  
67  263  264  
68  67  264  
67  68  82  
81  67  82  
67  81  277  
264  68  278  
68  264  265  
69  68  265  
68  69  83  
82  68  83  
68  82  278  
265  69  279  
69  265  266  
70  69  266  
69  70  84  
83  69  84  
69  83  279  
267  71  281  
71  267  268  
72  71  268  
71  72  86  
85  71  86  
71  85  281  
268  72  282  
72  268  269  
73  72  269  
72  73  87  
86  72  87  
72  86  282  
269  73  283  
73  269  270  
74  73  270  
73  74  88  
87  73  88  
73  87  283  
270  74  284  
74  270  271  
75  74  271  
74  75  89  
88  74  89  
74  88  284  
271  75  285  
75  271  272  
76  75  272  
75  76  90  
89  75  90  
75  89  285  
272  76  286  
76  272  273  
77  76  273  
76  77  91  
90  76  91  
76  90  286  
273  77  287  
77  273  274  
78  77  274  
77  78  92  
91  77  92  
77  91  287  
274  78  288  
78  274  275  
79  78  275  
78  79  93  
92  78  93  
78  92  288  
275  79  289  
79  275  276  
80  79  276  
79  80  94  
93  79  94  
79  93  289  
276  80  290  
80  276  277  
81  80  277  
80  81  95  
94  80  95  
80  94  290  
277  81  291  
81  277  278  
82  81  278  
81  82  96  
95  81  96  
81  95  291  
278  82  292  
82  278  279  
83  82  279  
82  83  97  
96  82  97  
82  96  292  
279  83  293  
83  279  280  
84  83  280  
83  84  98  
97  83  98  
83  97  293  
281  85  295  
85  281  282  
86  85  282  
85  86  100  
99  85  100  
85  99  295  
282  86  296  
86  282  283  
87  86  283  
86  87  101  
100  86  101  
86  100  296  
283  87  297  
87  283  284  
88  87  284  
87  88  102  
101  87  102  
87  101  297  
284  88  298  
88  284  285  
89  88  285  
88  89  103  
102  88  103  
88  102  298  
285  89  299  
89  285  286  
90  89  286  
89  90  104  
103  89  104  
89  103  299  
286  90  300  
90  286  287  
91  90  287  
90  91  105  
104  90  105  
90  104  300  
287  91  301  
91  287  288  
92  91  288  
91  92  106  
105  91  106  
91  105  301  
288  92  302  
92  288  289  
93  92  289  
92  93  107  
106  92  107  
92  106  302  
289  93  303  
93  289  290  
94  93  290  
93  94  108  
107  93  108  
93  107  303  
290  94  304  
94  290  291  
95  94  291  
94  95  109  
108  94  109  
94  108  304  
291  95  305  
95  291  292  
96  95  292  
95  96  110  
109  95  110  
95  109  305  
292  96  306  
96  292  293  
97  96  293  
96  97  111  
110  96  111  
96  110  306  
293  97  307  
97  293  294  
98  97  294  
97  98  112  
111  97  112  
97  111  307  
295  99  309  
99  295  296  
100  99  296  
99  100  114  
113  99  114  
99  113  309  
296  100  310  
100  296  297  
101  100  297  
100  101  115  
114  100  115  
100  114  310  
297  101  311  
101  297  298  
102  101  298  
101  102  116  
115  101  116  
101  115  311  
298  102  312  
102  298  299  
103  102  299  
102  103  117  
116  102  117  
102  116  312  
299  103  313  
103  299  300  
104  103  300  
103  104  118  
117  103  118  
103  117  313  
300  104  314  
104  300  301  
105  104  301  
104  105  119  
118  104  119  
104  118  314  
301  105  315  
105  301  302  
106  105  302  
105  106  120  
119  105  120  
105  119  315  
302  106  316  
106  302  303  
107  106  303  
106  107  121  
120  106  121  
106  120  316  
303  107  317  
107  303  304  
108  107  304  
107  108  122  
121  107  122  
107  121  317  
304  108  318  
108  304  305  
109  108  305  
108  109  123  
122  108  123  
108  122  318  
305  109  319  
109  305  306  
110  109  306  
109  110  124  
123  109  124  
109  123  319  
306  110  320  
110  306  307  
111  110  307  
110  111  125  
124  110  125  
110  124  320  
307  111  321  
111  307  308  
112  111  308  
111  112  126  
125  111  126  
111  125  321  
309  113  323  
113  309  310  
114  113  310  
113  114  128  
127  113  128  
113  127  323  
310  114  324  
114  310  311  
115  114  311  
114  115  129  
128  114  129  
114  128  324  
311  115  325  
115  311  312  
116  115  312  
115  116  130  
129  115  130  
115  129  325  
312  116  326  
116  312  313  
117  116  313  
116  117  131  
130  116  131  
116  130  326  
313  117  327  
117  313  314  
118  117  314  
117  118  132  
131  117  132  
117  131  327  
314  118  328  
118  314  315  
119  118  315  
118  119  133  
132  118  133  
118  132  328  
315  119  329  
119  315  316  
120  119  316  
119  120  134  
133  119  134  
119  133  329  
316  120  330  
120  316  317  
121  120  317  
120  121  135  
134  120  135  
120  134  330  
317  121  331  
121  317  318  
122  121  318  
121  122  136  
135  121  136  
121  135  331  
318  122  332  
122  318  319  
123  122  319  
122  123  137  
136  122  137  
122  136  332  
319  123  333  
123  319  320  
124  123  320  
123  124  138  
137  123  138  
123  137  333  
320  124  334  
124  320  321  
125  124  321  
124  125  139  
138  124  139  
124  138  334  
321  125  335  
125  321  322  
126  125  322  
125  126  140  
139  125  140  
125  139  335  
323  127  337  
127  323  324  
128  127  324  
127  128  142  
141  127  142  
127  141  337  
324  128  338  
128  324  325  
129  128  325  
128  129  143  
142  128  143  
128  142  338  
325  129  339  
129  325  326  
130  129  326  
129  130  144  
143  129  144  
129  143  339  
326  130  340  
130  326  327  
131  130  327  
130  131  145  
144  130  145  
130  144  340  
327  131  341  
131  327  328  
132  131  328  
131  132  146  
145  131  146  
131  145  341  
328  132  342  
132  328  329  
133  132  329  
132  133  147  
146  132  147  
132  146  342  
329  133  343  
133  329  330  
134  133  330  
133  134  148  
147  133  148  
133  147  343  
330  134  344  
134  330  331  
135  134  331  
134  135  149  
148  134  149  
134  148  344  
331  135  345  
135  331  332  
136  135  332  
135  136  150  
149  135  150  
135  149  345  
332  136  346  
136  332  333  
137  136  333  
136  137  151  
150  136  151  
136  150  346  
333  137  347  
137  333  334  
138  137  334  
137  138  152  
151  137  152  
137  151  347  
334  138  348  
138  334  335  
139  138  335  
138  139  153  
152  138  153  
138  152  348  
335  139  349  
139  335  336  
140  139  336  
139  140  154  
153  139  154  
139  153  349  
337  141  351  
141  337  338  
142  141  338  
141  142  156  
155  141  156  
141  155  351  
338  142  352  
142  338  339  
143  142  339  
142  143  157  
156  142  157  
142  156  352  
339  143  353  
143  339  340  
144  143  340  
143  144  158  
157  143  158  
143  157  353  
340  144  354  
144  340  341  
145  144  341  
144  145  159  
158  144  159  
144  158  354  
341  145  355  
145  341  342  
146  145  342  
145  146  160  
159  145  160  
145  159  355  
342  146  356  
146  342  343  
147  146  343  
146  147  161  
160  146  161  
146  160  356  
343  147  357  
147  343  344  
148  147  344  
147  148  162  
161  147  162  
147  161  357  
344  148  358  
148  344  345  
149  148  345  
148  149  163  
162  148  163  
148  162  358  
345  149  359  
149  345  346  
150  149  346  
149  150  164  
163  149  164  
149  163  359  
346  150  360  
150  346  347  
151  150  347  
150  151  165  
164  150  165  
150  164  360  
347  151  361  
151  347  348  
152  151  348  
151  152  166  
165  151  166  
151  165  361  
348  152  362  
152  348  349  
153  152  349  
152  153  167  
166  152  167  
152  166  362  
349  153  363  
153  349  350  
154  153  350  
153  154  168  
167  153  168  
153  167  363  
351  155  365  
155  351  352  
156  155  352  
155  156  170  
169  155  170  
155  169  365  
352  156  366  
156  352  353  
157  156  353  
156  157  171  
170  156  171  
156  170  366  
353  157  367  
157  353  354  
158  157  354  
157  158  172  
171  157  172  
157  171  367  
354  158  368  
158  354  355  
159  158  355  
158  159  173  
172  158  173  
158  172  368  
355  159  369  
159  355  356  
160  159  356  
159  160  174  
173  159  174  
159  173  369  
356  160  370  
160  356  357  
161  160  357  
160  161  175  
174  160  175  
160  174  370  
357  161  371  
161  357  358  
162  161  358  
161  162  176  
175  161  176  
161  175  371  
358  162  372  
162  358  359  
163  162  359  
162  163  177  
176  162  177  
162  176  372  
359  163  373  
163  359  360  
164  163  360  
163  164  178  
177  163  178  
163  177  373  
360  164  374  
164  360  361  
165  164  361  
164  165  179  
178  164  179  
164  178  374  
361  165  375  
165  361  362  
166  165  362  
165  166  180  
179  165  180  
165  179  375  
362  166  376  
166  362  363  
167  166  363  
166  167  181  
180  166  181  
166  180  376  
363  167  377  
167  363  364  
168  167  364  
167  168  182  
181  167  182  
167  181  377  
365  169  379  
169  365  366  
170  169  366  
169  170  184  
183  169  184  
169  183  379  
366  170  380  
170  366  367  
171  170  367  
170  171  185  
184  170  185  
170  184  380  
367  171  381  
171  367  368  
172  171  368  
171  172  186  
185  171  186  
171  185  381  
368  172  382  
172  368  369  
173  172  369  
172  173  187  
186  172  187  
172  186  382  
369  173  383  
173  369  370  
174  173  370  
173  174  188  
187  173  188  
173  187  383  
370  174  384  
174  370  371  
175  174  371  
174  175  189  
188  174  189  
174  188  384  
371  175  385  
175  371  372  
176  175  372  
175  176  190  
189  175  190  
175  189  385  
372  176  386  
176  372  373  
177  176  373  
176  177  191  
190  176  191  
176  190  386  
373  177  387  
177  373  374  
178  177  374  
177  178  192  
191  177  192  
177  191  387  
374  178  388  
178  374  375  
179  178  375  
178  179  193  
192  178  193  
178  192  388  
375  179  389  
179  375  376  
180  179  376  
179  180  194  
193  179  194  
179  193  389  
376  180  390  
180  376  377  
181  180  377  
180  181  195  
194  180  195  
180  194  390  
377  181  391  
181  377  378  
182  181  378  
181  182  196  
195  181  196  
181  195  391  
393  197  407  
197  393  394  
198  197  394  
197  198  212  
211  197  212  
197  211  407  
394  198  408  
198  394  395  
199  198  395  
198  199  213  
212  198  213  
198  212  408  
395  199  409  
199  395  396  
200  199  396  
199  200  214  
213  199  214  
199  213  409  
396  200  410  
200  396  397  
201  200  397  
200  201  215  
214  200  215  
200  214  410  
397  201  411  
201  397  398  
202  201  398  
201  202  216  
215  201  216  
201  215  411  
398  202  412  
202  398  399  
203  202  399  
202  203  217  
216  202  217  
202  216  412  
399  203  413  
203  399  400  
204  203  400  
203  204  218  
217  203  218  
203  217  413  
400  204  414  
204  400  401  
205  204  401  
204  205  219  
218  204  219  
204  218  414  
401  205  415  
205  401  402  
206  205  402  
205  206  220  
219  205  220  
205  219  415  
402  206  416  
206  402  403  
207  206  403  
206  207  221  
220  206  221  
206  220  416  
403  207  417  
207  403  404  
208  207  404  
207  208  222  
221  207  222  
207  221  417  
404  208  418  
208  404  405  
209  208  405  
208  209  223  
222  208  223  
208  222  418  
405  209  419  
209  405  406  
210  209  406  
209  210  224  
223  209  224  
209  223  419  
407  211  421  
211  407  408  
212  211  408  
211  212  226  
225  211  226  
211  225  421  
408  212  422  
212  408  409  
213  212  409  
212  213  227  
226  212  227  
212  226  422  
409  213  423  
213  409  410  
214  213  410  
213  214  228  
227  213  228  
213  227  423  
410  214  424  
214  410  411  
215  214  411  
214  215  229  
228  214  229  
214  228  424  
411  215  425  
215  411  412  
216  215  412  
215  216  230  
229  215  230  
215  229  425  
412  216  426  
216  412  413  
217  216  413  
216  217  231  
230  216  231  
216  230  426  
413  217  427  
217  413  414  
218  217  414  
217  218  232  
231  217  232  
217  231  427  
414  218  428  
218  414  415  
219  218  415  
218  219  233  
232  218  233  
218  232  428  
415  219  429  
219  415  416  
220  219  416  
219  220  234  
233  219  234  
219  233  429  
416  220  430  
220  416  417  
221  220  417  
220  221  235  
234  220  235  
220  234  430  
417  221  431  
221  417  418  
222  221  418  
221  222  236  
235  221  236  
221  235  431  
418  222  432  
222  418  419  
223  222  419  
222  223  237  
236  222  237  
222  236  432  
419  223  433  
223  419  420  
224  223  420  
223  224  238  
237  223  238  
223  237  433  
421  225  435  
225  421  422  
226  225  422  
225  226  240  
239  225  240  
225  239  435  
422  226  436  
226  422  423  
227  226  423  
226  227  241  
240  226  241  
226  240  436  
423  227  437  
227  423  424  
228  227  424  
227  228  242  
241  227  242  
227  241  437  
424  228  438  
228  424  425  
229  228  425  
228  229  243  
242  228  243  
228  242  438  
425  229  439  
229  425  426  
230  229  426  
229  230  244  
243  229  244  
229  243  439  
426  230  440  
230  426  427  
231  230  427  
230  231  245  
244  230  245  
230  244  440  
427  231  441  
231  427  428  
232  231  428  
231  232  246  
245  231  246  
231  245  441  
428  232  442  
232  428  429  
233  232  429  
232  233  247  
246  232  247  
232  246  442  
429  233  443  
233  429  430  
234  233  430  
233  234  248  
247  233  248  
233  247  443  
430  234  444  
234  430  431  
235  234  431  
234  235  249  
248  234  249  
234  248  444  
431  235  445  
235  431  432  
236  235  432  
235  236  250  
249  235  250  
235  249  445  
432  236  446  
236  432  433  
237  236  433  
236  237  251  
250  236  251  
236  250  446  
433  237  447  
237  433  434  
238  237  434  
237  238  252  
251  237  252  
237  251  447  
435  239  449  
239  435  436  
240  239  436  
239  240  254  
253  239  254  
239  253  449  
436  240  450  
240  436  437  
241  240  437  
240  241  255  
254  240  255  
240  254  450  
437  241  451  
241  437  438  
242  241  438  
241  242  256  
255  241  256  
241  255  451  
438  242  452  
242  438  439  
243  242  439  
242  243  257  
256  242  257  
242  256  452  
439  243  453  
243  439  440  
244  243  440  
243  244  258  
257  243  258  
243  257  453  
440  244  454  
244  440  441  
245  244  441  
244  245  259  
258  244  259  
244  258  454  
441  245  455  
245  441  442  
246  245  442  
245  246  260  
259  245  260  
245  259  455  
442  246  456  
246  442  443  
247  246  443  
246  247  261  
260  246  261  
246  260  456  
443  247  457  
247  443  444  
248  247  444  
247  248  262  
261  247  262  
247  261  457  
444  248  458  
248  444  445  
249  248  445  
248  249  263  
262  248  263  
248  262  458  
445  249  459  
249  445  446  
250  249  446  
249  250  264  
263  249  264  
249  263  459  
446  250  460  
250  446  447  
251  250  447  
250  251  265  
264  250  265  
250  264  460  
447  251  461  
251  447  448  
252  251  448  
251  252  266  
265  251  266  
251  265  461  
449  253  463  
253  449  450  
254  253  450  
253  254  268  
267  253  268  
253  267  463  
450  254  464  
254  450  451  
255  254  451  
254  255  269  
268  254  269  
254  268  464  
451  255  465  
255  451  452  
256  255  452  
255  256  270  
269  255  270  
255  269  465  
452  256  466  
256  452  453  
257  256  453  
256  257  271  
270  256  271  
256  270  466  
453  257  467  
257  453  454  
258  257  454  
257  258  272  
271  257  272  
257  271  467  
454  258  468  
258  454  455  
259  258  455  
258  259  273  
272  258  273  
258  272  468  
455  259  469  
259  455  456  
260  259  456  
259  260  274  
273  259  274  
259  273  469  
456  260  470  
260  456  457  
261  260  457  
260  261  275  
274  260  275  
260  274  470  
457  261  471  
261  457  458  
262  261  458  
261  262  276  
275  261  276  
261  275  471  
458  262  472  
262  458  459  
263  262  459  
262  263  277  
276  262  277  
262  276  472  
459  263  473  
263  459  460  
264  263  460  
263  264  278  
277  263  278  
263  277  473  
460  264  474  
264  460  461  
265  264  461  
264  265  279  
278  264  279  
264  278  474  
461  265  475  
265  461  462  
266  265  462  
265  266  280  
279  265  280  
265  279  475  
463  267  477  
267  463  464  
268  267  464  
267  268  282  
281  267  282  
267  281  477  
464  268  478  
268  464  465  
269  268  465  
268  269  283  
282  268  283  
268  282  478  
465  269  479  
269  465  466  
270  269  466  
269  270  284  
283  269  284  
269  283  479  
466  270  480  
270  466  467  
271  270  467  
270  271  285  
284  270  285  
270  284  480  
467  271  481  
271  467  468  
272  271  468  
271  272  286  
285  271  286  
271  285  481  
468  272  482  
272  468  469  
273  272  469  
272  273  287  
286  272  287  
272  286  482  
469  273  483  
273  469  470  
274  273  470  
273  274  288  
287  273  288  
273  287  483  
470  274  484  
274  470  471  
275  274  471  
274  275  289  
288  274  289  
274  288  484  
471  275  485  
275  471  472  
276  275  472  
275  276  290  
289  275  290  
275  289  485  
472  276  486  
276  472  473  
277  276  473  
276  277  291  
290  276  291  
276  290  486  
473  277  487  
277  473  474  
278  277  474  
277  278  292  
291  277  292  
277  291  487  
474  278  488  
278  474  475  
279  278  475  
278  279  293  
292  278  293  
278  292  488  
475  279  489  
279  475  476  
280  279  476  
279  280  294  
293  279  294  
279  293  489  
477  281  491  
281  477  478  
282  281  478  
281  282  296  
295  281  296  
281  295  491  
478  282  492  
282  478  479  
283  282  479  
282  283  297  
296  282  297  
282  296  492  
479  283  493  
283  479  480  
284  283  480  
283  284  298  
297  283  298  
283  297  493  
480  284  494  
284  480  481  
285  284  481  
284  285  299  
298  284  299  
284  298  494  
481  285  495  
285  481  482  
286  285  482  
285  286  300  
299  285  300  
285  299  495  
482  286  496  
286  482  483  
287  286  483  
286  287  301  
300  286  301  
286  300  496  
483  287  497  
287  483  484  
288  287  484  
287  288  302  
301  287  302  
287  301  497  
484  288  498  
288  484  485  
289  288  485  
288  289  303  
302  288  303  
288  302  498  
485  289  499  
289  485  486  
290  289  486  
289  290  304  
303  289  304  
289  303  499  
486  290  500  
290  486  487  
291  290  487  
290  291  305  
304  290  305  
290  304  500  
487  291  501  
291  487  488  
292  291  488  
291  292  306  
305  291  306  
291  305  501  
488  292  502  
292  488  489  
293  292  489  
292  293  307  
306  292  307  
292  306  502  
489  293  503  
293  489  490  
294  293  490  
293  294  308  
307  293  308  
293  307  503  
491  295  505  
295  491  492  
296  295  492  
295  296  310  
309  295  310  
295  309  505  
492  296  506  
296  492  493  
297  296  493  
296  297  311  
310  296  311  
296  310  506  
493  297  507  
297  493  494  
298  297  494  
297  298  312  
311  297  312  
297  311  507  
494  298  508  
298  494  495  
299  298  495  
298  299  313  
312  298  313  
298  312  508  
495  299  509  
299  495  496  
300  299  496  
299  300  314  
313  299  314  
299  313  509  
496  300  510  
300  496  497  
301  300  497  
300  301  315  
314  300  315  
300  314  510  
497  301  511  
301  497  498  
302  301  498  
301  302  316  
315  301  316  
301  315  511  
498  302  512  
302  498  499  
303  302  499  
302  303  317  
316  302  317  
302  316  512  
499  303  513  
303  499  500  
304  303  500  
303  304  318  
317  303  318  
303  317  513  
500  304  514  
304  500  501  
305  304  501  
304  305  319  
318  304  319  
304  318  514  
501  305  515  
305  501  502  
306  305  502  
305  306  320  
319  305  320  
305  319  515  
502  306  516  
306  502  503  
307  306  503  
306  307  321  
320  306  321  
306  320  516  
503  307  517  
307  503  504  
308  307  504  
307  308  322  
321  307  322  
307  321  517  
505  309  519  
309  505  506  
310  309  506  
309  310  324  
323  309  324  
309  323  519  
506  310  520  
310  506  507  
311  310  507  
310  311  325  
324  310  325  
310  324  520  
507  311  521  
311  507  508  
312  311  508  
311  312  326  
325  311  326  
311  325  521  
508  312  522  
312  508  509  
313  312  509  
312  313  327  
326  312  327  
312  326  522  
509  313  523  
313  509  510  
314  313  510  
313  314  328  
327  313  328  
313  327  523  
510  314  524  
314  510  511  
315  314  511  
314  315  329  
328  314  329  
314  328  524  
511  315  525  
315  511  512  
316  315  512  
315  316  330  
329  315  330  
315  329  525  
512  316  526  
316  512  513  
317  316  513  
316  317  331  
330  316  331  
316  330  526  
513  317  527  
317  513  514  
318  317  514  
317  318  332  
331  317  332  
317  331  527  
514  318  528  
318  514  515  
319  318  515  
318  319  333  
332  318  333  
318  332  528  
515  319  529  
319  515  516  
320  319  516  
319  320  334  
333  319  334  
319  333  529  
516  320  530  
320  516  517  
321  320  517  
320  321  335  
334  320  335  
320  334  530  
517  321  531  
321  517  518  
322  321  518  
321  322  336  
335  321  336  
321  335  531  
519  323  533  
323  519  520  
324  323  520  
323  324  338  
337  323  338  
323  337  533  
520  324  534  
324  520  521  
325  324  521  
324  325  339  
338  324  339  
324  338  534  
521  325  535  
325  521  522  
326  325  522  
325  326  340  
339  325  340  
325  339  535  
522  326  536  
326  522  523  
327  326  523  
326  327  341  
340  326  341  
326  340  536  
523  327  537  
327  523  524  
328  327  524  
327  328  342  
341  327  342  
327  341  537  
524  328  538  
328  524  525  
329  328  525  
328  329  343  
342  328  343  
328  342  538  
525  329  539  
329  525  526  
330  329  526  
329  330  344  
343  329  344  
329  343  539  
526  330  540  
330  526  527  
331  330  527  
330  331  345  
344  330  345  
330  344  540  
527  331  541  
331  527  528  
332  331  528  
331  332  346  
345  331  346  
331  345  541  
528  332  542  
332  528  529  
333  332  529  
332  333  347  
346  332  347  
332  346  542  
529  333  543  
333  529  530  
334  333  530  
333  334  348  
347  333  348  
333  347  543  
530  334  544  
334  530  531  
335  334  531  
334  335  349  
348  334  349  
334  348  544  
531  335  545  
335  531  532  
336  335  532  
335  336  350  
349  335  350  
335  349  545  
533  337  547  
337  533  534  
338  337  534  
337  338  352  
351  337  352  
337  351  547  
534  338  548  
338  534  535  
339  338  535  
338  339  353  
352  338  353  
338  352  548  
535  339  549  
339  535  536  
340  339  536  
339  340  354  
353  339  354  
339  353  549  
536  340  550  
340  536  537  
341  340  537  
340  341  355  
354  340  355  
340  354  550  
537  341  551  
341  537  538  
342  341  538  
341  342  356  
355  341  356  
341  355  551  
538  342  552  
342  538  539  
343  342  539  
342  343  357  
356  342  357  
342  356  552  
539  343  553  
343  539  540  
344  343  540  
343  344  358  
357  343  358  
343  357  553  
540  344  554  
344  540  541  
345  344  541  
344  345  359  
358  344  359  
344  358  554  
541  345  555  
345  541  542  
346  345  542  
345  346  360  
359  345  360  
345  359  555  
542  346  556  
346  542  543  
347  346  543  
346  347  361  
360  346  361  
346  360  556  
543  347  557  
347  543  544  
348  347  544  
347  348  362  
361  347  362  
347  361  557  
544  348  558  
348  544  545  
349  348  545  
348  349  363  
362  348  363  
348  362  558  
545  349  559  
349  545  546  
350  349  546  
349  350  364  
363  349  364  
349  363  559  
547  351  561  
351  547  548  
352  351  548  
351  352  366  
365  351  366  
351  365  561  
548  352  562  
352  548  549  
353  352  549  
352  353  367  
366  352  367  
352  366  562  
549  353  563  
353  549  550  
354  353  550  
353  354  368  
367  353  368  
353  367  563  
550  354  564  
354  550  551  
355  354  551  
354  355  369  
368  354  369  
354  368  564  
551  355  565  
355  551  552  
356  355  552  
355  356  370  
369  355  370  
355  369  565  
552  356  566  
356  552  553  
357  356  553  
356  357  371  
370  356  371  
356  370  566  
553  357  567  
357  553  554  
358  357  554  
357  358  372  
371  357  372  
357  371  567  
554  358  568  
358  554  555  
359  358  555  
358  359  373  
372  358  373  
358  372  568  
555  359  569  
359  555  556  
360  359  556  
359  360  374  
373  359  374  
359  373  569  
556  360  570  
360  556  557  
361  360  557  
360  361  375  
374  360  375  
360  374  570  
557  361  571  
361  557  558  
362  361  558  
361  362  376  
375  361  376  
361  375  571  
558  362  572  
362  558  559  
363  362  559  
362  363  377  
376  362  377  
362  376  572  
559  363  573  
363  559  560  
364  363  560  
363  364  378  
377  363  378  
363  377  573  
561  365  575  
365  561  562  
366  365  562  
365  366  380  
379  365  380  
365  379  575  
562  366  576  
366  562  563  
367  366  563  
366  367  381  
380  366  381  
366  380  576  
563  367  577  
367  563  564  
368  367  564  
367  368  382  
381  367  382  
367  381  577  
564  368  578  
368  564  565  
369  368  565  
368  369  383  
382  368  383  
368  382  578  
565  369  579  
369  565  566  
370  369  566  
369  370  384  
383  369  384  
369  383  579  
566  370  580  
370  566  567  
371  370  567  
370  371  385  
384  370  385  
370  384  580  
567  371  581  
371  567  568  
372  371  568  
371  372  386  
385  371  386  
371  385  581  
568  372  582  
372  568  569  
373  372  569  
372  373  387  
386  372  387  
372  386  582  
569  373  583  
373  569  570  
374  373  570  
373  374  388  
387  373  388  
373  387  583  
570  374  584  
374  570  571  
375  374  571  
374  375  389  
388  374  389  
374  388  584  
571  375  585  
375  571  572  
376  375  572  
375  376  390  
389  375  390  
375  389  585  
572  376  586  
376  572  573  
377  376  573  
376  377  391  
390  376  391  
376  390  586  
573  377  587  
377  573  574  
378  377  574  
377  378  392  
391  377  392  
377  391  587  
589  393  603  
393  589  590  
394  393  590  
393  394  408  
407  393  408  
393  407  603  
590  394  604  
394  590  591  
395  394  591  
394  395  409  
408  394  409  
394  408  604  
591  395  605  
395  591  592  
396  395  592  
395  396  410  
409  395  410  
395  409  605  
592  396  606  
396  592  593  
397  396  593  
396  397  411  
410  396  411  
396  410  606  
593  397  607  
397  593  594  
398  397  594  
397  398  412  
411  397  412  
397  411  607  
594  398  608  
398  594  595  
399  398  595  
398  399  413  
412  398  413  
398  412  608  
595  399  609  
399  595  596  
400  399  596  
399  400  414  
413  399  414  
399  413  609  
596  400  610  
400  596  597  
401  400  597  
400  401  415  
414  400  415  
400  414  610  
597  401  611  
401  597  598  
402  401  598  
401  402  416  
415  401  416  
401  415  611  
598  402  612  
402  598  599  
403  402  599  
402  403  417  
416  402  417  
402  416  612  
599  403  613  
403  599  600  
404  403  600  
403  404  418  
417  403  418  
403  417  613  
600  404  614  
404  600  601  
405  404  601  
404  405  419  
418  404  419  
404  418  614  
601  405  615  
405  601  602  
406  405  602  
405  406  420  
419  405  420  
405  419  615  
603  407  617  
407  603  604  
408  407  604  
407  408  422  
421  407  422  
407  421  617  
604  408  618  
408  604  605  
409  408  605  
408  409  423  
422  408  423  
408  422  618  
605  409  619  
409  605  606  
410  409  606  
409  410  424  
423  409  424  
409  423  619  
606  410  620  
410  606  607  
411  410  607  
410  411  425  
424  410  425  
410  424  620  
607  411  621  
411  607  608  
412  411  608  
411  412  426  
425  411  426  
411  425  621  
608  412  622  
412  608  609  
413  412  609  
412  413  427  
426  412  427  
412  426  622  
609  413  623  
413  609  610  
414  413  610  
413  414  428  
427  413  428  
413  427  623  
610  414  624  
414  610  611  
415  414  611  
414  415  429  
428  414  429  
414  428  624  
611  415  625  
415  611  612  
416  415  612  
415  416  430  
429  415  430  
415  429  625  
612  416  626  
416  612  613  
417  416  613  
416  417  431  
430  416  431  
416  430  626  
613  417  627  
417  613  614  
418  417  614  
417  418  432  
431  417  432  
417  431  627  
614  418  628  
418  614  615  
419  418  615  
418  419  433  
432  418  433  
418  432  628  
615  419  629  
419  615  616  
420  419  616  
419  420  434  
433  419  434  
419  433  629  
617  421  631  
421  617  618  
422  421  618  
421  422  436  
435  421  436  
421  435  631  
618  422  632  
422  618  619  
423  422  619  
422  423  437  
436  422  437  
422  436  632  
619  423  633  
423  619  620  
424  423  620  
423  424  438  
437  423  438  
423  437  633  
620  424  634  
424  620  621  
425  424  621  
424  425  439  
438  424  439  
424  438  634  
621  425  635  
425  621  622  
426  425  622  
425  426  440  
439  425  440  
425  439  635  
622  426  636  
426  622  623  
427  426  623  
426  427  441  
440  426  441  
426  440  636  
623  427  637  
427  623  624  
428  427  624  
427  428  442  
441  427  442  
427  441  637  
624  428  638  
428  624  625  
429  428  625  
428  429  443  
442  428  443  
428  442  638  
625  429  639  
429  625  626  
430  429  626  
429  430  444  
443  429  444  
429  443  639  
626  430  640  
430  626  627  
431  430  627  
430  431  445  
444  430  445  
430  444  640  
627  431  641  
431  627  628  
432  431  628  
431  432  446  
445  431  446  
431  445  641  
628  432  642  
432  628  629  
433  432  629  
432  433  447  
446  432  447  
432  446  642  
629  433  643  
433  629  630  
434  433  630  
433  434  448  
447  433  448  
433  447  643  
631  435  645  
435  631  632  
436  435  632  
435  436  450  
449  435  450  
435  449  645  
632  436  646  
436  632  633  
437  436  633  
436  437  451  
450  436  451  
436  450  646  
633  437  647  
437  633  634  
438  437  634  
437  438  452  
451  437  452  
437  451  647  
634  438  648  
438  634  635  
439  438  635  
438  439  453  
452  438  453  
438  452  648  
635  439  649  
439  635  636  
440  439  636  
439  440  454  
453  439  454  
439  453  649  
636  440  650  
440  636  637  
441  440  637  
440  441  455  
454  440  455  
440  454  650  
637  441  651  
441  637  638  
442  441  638  
441  442  456  
455  441  456  
441  455  651  
638  442  652  
442  638  639  
443  442  639  
442  443  457  
456  442  457  
442  456  652  
639  443  653  
443  639  640  
444  443  640  
443  444  458  
457  443  458  
443  457  653  
640  444  654  
444  640  641  
445  444  641  
444  445  459  
458  444  459  
444  458  654  
641  445  655  
445  641  642  
446  445  642  
445  446  460  
459  445  460  
445  459  655  
642  446  656  
446  642  643  
447  446  643  
446  447  461  
460  446  461  
446  460  656  
643  447  657  
447  643  644  
448  447  644  
447  448  462  
461  447  462  
447  461  657  
645  449  659  
449  645  646  
450  449  646  
449  450  464  
463  449  464  
449  463  659  
646  450  660  
450  646  647  
451  450  647  
450  451  465  
464  450  465  
450  464  660  
647  451  661  
451  647  648  
452  451  648  
451  452  466  
465  451  466  
451  465  661  
648  452  662  
452  648  649  
453  452  649  
452  453  467  
466  452  467  
452  466  662  
649  453  663  
453  649  650  
454  453  650  
453  454  468  
467  453  468  
453  467  663  
650  454  664  
454  650  651  
455  454  651  
454  455  469  
468  454  469  
454  468  664  
651  455  665  
455  651  652  
456  455  652  
455  456  470  
469  455  470  
455  469  665  
652  456  666  
456  652  653  
457  456  653  
456  457  471  
470  456  471  
456  470  666  
653  457  667  
457  653  654  
458  457  654  
457  458  472  
471  457  472  
457  471  667  
654  458  668  
458  654  655  
459  458  655  
458  459  473  
472  458  473  
458  472  668  
655  459  669  
459  655  656  
460  459  656  
459  460  474  
473  459  474  
459  473  669  
656  460  670  
460  656  657  
461  460  657  
460  461  475  
474  460  475  
460  474  670  
657  461  671  
461  657  658  
462  461  658  
461  462  476  
475  461  476  
461  475  671  
659  463  673  
463  659  660  
464  463  660  
463  464  478  
477  463  478  
463  477  673  
660  464  674  
464  660  661  
465  464  661  
464  465  479  
478  464  479  
464  478  674  
661  465  675  
465  661  662  
466  465  662  
465  466  480  
479  465  480  
465  479  675  
662  466  676  
466  662  663  
467  466  663  
466  467  481  
480  466  481  
466  480  676  
663  467  677  
467  663  664  
468  467  664  
467  468  482  
481  467  482  
467  481  677  
664  468  678  
468  664  665  
469  468  665  
468  469  483  
482  468  483  
468  482  678  
665  469  679  
469  665  666  
470  469  666  
469  470  484  
483  469  484  
469  483  679  
666  470  680  
470  666  667  
471  470  667  
470  471  485  
484  470  485  
470  484  680  
667  471  681  
471  667  668  
472  471  668  
471  472  486  
485  471  486  
471  485  681  
668  472  682  
472  668  669  
473  472  669  
472  473  487  
486  472  487  
472  486  682  
669  473  683  
473  669  670  
474  473  670  
473  474  488  
487  473  488  
473  487  683  
670  474  684  
474  670  671  
475  474  671  
474  475  489  
488  474  489  
474  488  684  
671  475  685  
475  671  672  
476  475  672  
475  476  490  
489  475  490  
475  489  685  
673  477  687  
477  673  674  
478  477  674  
477  478  492  
491  477  492  
477  491  687  
674  478  688  
478  674  675  
479  478  675  
478  479  493  
492  478  493  
478  492  688  
675  479  689  
479  675  676  
480  479  676  
479  480  494  
493  479  494  
479  493  689  
676  480  690  
480  676  677  
481  480  677  
480  481  495  
494  480  495  
480  494  690  
677  481  691  
481  677  678  
482  481  678  
481  482  496  
495  481  496  
481  495  691  
678  482  692  
482  678  679  
483  482  679  
482  483  497  
496  482  497  
482  496  692  
679  483  693  
483  679  680  
484  483  680  
483  484  498  
497  483  498  
483  497  693  
680  484  694  
484  680  681  
485  484  681  
484  485  499  
498  484  499  
484  498  694  
681  485  695  
485  681  682  
486  485  682  
485  486  500  
499  485  500  
485  499  695  
682  486  696  
486  682  683  
487  486  683  
486  487  501  
500  486  501  
486  500  696  
683  487  697  
487  683  684  
488  487  684  
487  488  502  
501  487  502  
487  501  697  
684  488  698  
488  684  685  
489  488  685  
488  489  503  
502  488  503  
488  502  698  
685  489  699  
489  685  686  
490  489  686  
489  490  504  
503  489  504  
489  503  699  
687  491  701  
491  687  688  
492  491  688  
491  492  506  
505  491  506  
491  505  701  
688  492  702  
492  688  689  
493  492  689  
492  493  507  
506  492  507  
492  506  702  
689  493  703  
493  689  690  
494  493  690  
493  494  508  
507  493  508  
493  507  703  
690  494  704  
494  690  691  
495  494  691  
494  495  509  
508  494  509  
494  508  704  
691  495  705  
495  691  692  
496  495  692  
495  496  510  
509  495  510  
495  509  705  
692  496  706  
496  692  693  
497  496  693  
496  497  511  
510  496  511  
496  510  706  
693  497  707  
497  693  694  
498  497  694  
497  498  512  
511  497  512  
497  511  707  
694  498  708  
498  694  695  
499  498  695  
498  499  513  
512  498  513  
498  512  708  
695  499  709  
499  695  696  
500  499  696  
499  500  514  
513  499  514  
499  513  709  
696  500  710  
500  696  697  
501  500  697  
500  501  515  
514  500  515  
500  514  710  
697  501  711  
501  697  698  
502  501  698  
501  502  516  
515  501  516  
501  515  711  
698  502  712  
502  698  699  
503  502  699  
502  503  517  
516  502  517  
502  516  712  
699  503  713  
503  699  700  
504  503  700  
503  504  518  
517  503  518  
503  517  713  
701  505  715  
505  701  702  
506  505  702  
505  506  520  
519  505  520  
505  519  715  
702  506  716  
506  702  703  
507  506  703  
506  507  521  
520  506  521  
506  520  716  
703  507  717  
507  703  704  
508  507  704  
507  508  522  
521  507  522  
507  521  717  
704  508  718  
508  704  705  
509  508  705  
508  509  523  
522  508  523  
508  522  718  
705  509  719  
509  705  706  
510  509  706  
509  510  524  
523  509  524  
509  523  719  
706  510  720  
510  706  707  
511  510  707  
510  511  525  
524  510  525  
510  524  720  
707  511  721  
511  707  708  
512  511  708  
511  512  526  
525  511  526  
511  525  721  
708  512  722  
512  708  709  
513  512  709  
512  513  527  
526  512  527  
512  526  722  
709  513  723  
513  709  710  
514  513  710  
513  514  528  
527  513  528  
513  527  723  
710  514  724  
514  710  711  
515  514  711  
514  515  529  
528  514  529  
514  528  724  
711  515  725  
515  711  712  
516  515  712  
515  516  530  
529  515  530  
515  529  725  
712  516  726  
516  712  713  
517  516  713  
516  517  531  
530  516  531  
516  530  726  
713  517  727  
517  713  714  
518  517  714  
517  518  532  
531  517  532  
517  531  727  
715  519  729  
519  715  716  
520  519  716  
519  520  534  
533  519  534  
519  533  729  
716  520  730  
520  716  717  
521  520  717  
520  521  535  
534  520  535  
520  534  730  
717  521  731  
521  717  718  
522  521  718  
521  522  536  
535  521  536  
521  535  731  
718  522  732  
522  718  719  
523  522  719  
522  523  537  
536  522  537  
522  536  732  
719  523  733  
523  719  720  
524  523  720  
523  524  538  
537  523  538  
523  537  733  
720  524  734  
524  720  721  
525  524  721  
524  525  539  
538  524  539  
524  538  734  
721  525  735  
525  721  722  
526  525  722  
525  526  540  
539  525  540  
525  539  735  
722  526  736  
526  722  723  
527  526  723  
526  527  541  
540  526  541  
526  540  736  
723  527  737  
527  723  724  
528  527  724  
527  528  542  
541  527  542  
527  541  737  
724  528  738  
528  724  725  
529  528  725  
528  529  543  
542  528  543  
528  542  738  
725  529  739  
529  725  726  
530  529  726  
529  530  544  
543  529  544  
529  543  739  
726  530  740  
530  726  727  
531  530  727  
530  531  545  
544  530  545  
530  544  740  
727  531  741  
531  727  728  
532  531  728  
531  532  546  
545  531  546  
531  545  741  
729  533  743  
533  729  730  
534  533  730  
533  534  548  
547  533  548  
533  547  743  
730  534  744  
534  730  731  
535  534  731  
534  535  549  
548  534  549  
534  548  744  
731  535  745  
535  731  732  
536  535  732  
535  536  550  
549  535  550  
535  549  745  
732  536  746  
536  732  733  
537  536  733  
536  537  551  
550  536  551  
536  550  746  
733  537  747  
537  733  734  
538  537  734  
537  538  552  
551  537  552  
537  551  747  
734  538  748  
538  734  735  
539  538  735  
538  539  553  
552  538  553  
538  552  748  
735  539  749  
539  735  736  
540  539  736  
539  540  554  
553  539  554  
539  553  749  
736  540  750  
540  736  737  
541  540  737  
540  541  555  
554  540  555  
540  554  750  
737  541  751  
541  737  738  
542  541  738  
541  542  556  
555  541  556  
541  555  751  
738  542  752  
542  738  739  
543  542  739  
542  543  557  
556  542  557  
542  556  752  
739  543  753  
543  739  740  
544  543  740  
543  544  558  
557  543  558  
543  557  753  
740  544  754  
544  740  741  
545  544  741  
544  545  559  
558  544  559  
544  558  754  
741  545  755  
545  741  742  
546  545  742  
545  546  560  
559  545  560  
545  559  755  
743  547  757  
547  743  744  
548  547  744  
547  548  562  
561  547  562  
547  561  757  
744  548  758  
548  744  745  
549  548  745  
548  549  563  
562  548  563  
548  562  758  
745  549  759  
549  745  746  
550  549  746  
549  550  564  
563  549  564  
549  563  759  
746  550  760  
550  746  747  
551  550  747  
550  551  565  
564  550  565  
550  564  760  
747  551  761  
551  747  748  
552  551  748  
551  552  566  
565  551  566  
551  565  761  
748  552  762  
552  748  749  
553  552  749  
552  553  567  
566  552  567  
552  566  762  
749  553  763  
553  749  750  
554  553  750  
553  554  568  
567  553  568  
553  567  763  
750  554  764  
554  750  751  
555  554  751  
554  555  569  
568  554  569  
554  568  764  
751  555  765  
555  751  752  
556  555  752  
555  556  570  
569  555  570  
555  569  765  
752  556  766  
556  752  753  
557  556  753  
556  557  571  
570  556  571  
556  570  766  
753  557  767  
557  753  754  
558  557  754  
557  558  572  
571  557  572  
557  571  767  
754  558  768  
558  754  755  
559  558  755  
558  559  573  
572  558  573  
558  572  768  
755  559  769  
559  755  756  
560  559  756  
559  560  574  
573  559  574  
559  573  769  
757  561  771  
561  757  758  
562  561  758  
561  562  576  
575  561  576  
561  575  771  
758  562  772  
562  758  759  
563  562  759  
562  563  577  
576  562  577  
562  576  772  
759  563  773  
563  759  760  
564  563  760  
563  564  578  
577  563  578  
563  577  773  
760  564  774  
564  760  761  
565  564  761  
564  565  579  
578  564  579  
564  578  774  
761  565  775  
565  761  762  
566  565  762  
565  566  580  
579  565  580  
565  579  775  
762  566  776  
566  762  763  
567  566  763  
566  567  581  
580  566  581  
566  580  776  
763  567  777  
567  763  764  
568  567  764  
567  568  582  
581  567  582  
567  581  777  
764  568  778  
568  764  765  
569  568  765  
568  569  583  
582  568  583  
568  582  778  
765  569  779  
569  765  766  
570  569  766  
569  570  584  
583  569  584  
569  583  779  
766  570  780  
570  766  767  
571  570  767  
570  571  585  
584  570  585  
570  584  780  
767  571  781  
571  767  768  
572  571  768  
571  572  586  
585  571  586  
571  585  781  
768  572  782  
572  768  769  
573  572  769  
572  573  587  
586  572  587  
572  586  782  
769  573  783  
573  769  770  
574  573  770  
573  574  588  
587  573  588  
573  587  783  
785  589  799  
589  785  786  
590  589  786  
589  590  604  
603  589  604  
589  603  799  
786  590  800  
590  786  787  
591  590  787  
590  591  605  
604  590  605  
590  604  800  
787  591  801  
591  787  788  
592  591  788  
591  592  606  
605  591  606  
591  605  801  
788  592  802  
592  788  789  
593  592  789  
592  593  607  
606  592  607  
592  606  802  
789  593  803  
593  789  790  
594  593  790  
593  594  608  
607  593  608  
593  607  803  
790  594  804  
594  790  791  
595  594  791  
594  595  609  
608  594  609  
594  608  804  
791  595  805  
595  791  792  
596  595  792  
595  596  610  
609  595  610  
595  609  805  
792  596  806  
596  792  793  
597  596  793  
596  597  611  
610  596  611  
596  610  806  
793  597  807  
597  793  794  
598  597  794  
597  598  612  
611  597  612  
597  611  807  
794  598  808  
598  794  795  
599  598  795  
598  599  613  
612  598  613  
598  612  808  
795  599  809  
599  795  796  
600  599  796  
599  600  614  
613  599  614  
599  613  809  
796  600  810  
600  796  797  
601  600  797  
600  601  615  
614  600  615  
600  614  810  
797  601  811  
601  797  798  
602  601  798  
601  602  616  
615  601  616  
601  615  811  
799  603  813  
603  799  800  
604  603  800  
603  604  618  
617  603  618  
603  617  813  
800  604  814  
604  800  801  
605  604  801  
604  605  619  
618  604  619  
604  618  814  
801  605  815  
605  801  802  
606  605  802  
605  606  620  
619  605  620  
605  619  815  
802  606  816  
606  802  803  
607  606  803  
606  607  621  
620  606  621  
606  620  816  
803  607  817  
607  803  804  
608  607  804  
607  608  622  
621  607  622  
607  621  817  
804  608  818  
608  804  805  
609  608  805  
608  609  623  
622  608  623  
608  622  818  
805  609  819  
609  805  806  
610  609  806  
609  610  624  
623  609  624  
609  623  819  
806  610  820  
610  806  807  
611  610  807  
610  611  625  
624  610  625  
610  624  820  
807  611  821  
611  807  808  
612  611  808  
611  612  626  
625  611  626  
611  625  821  
808  612  822  
612  808  809  
613  612  809  
612  613  627  
626  612  627  
612  626  822  
809  613  823  
613  809  810  
614  613  810  
613  614  628  
627  613  628  
613  627  823  
810  614  824  
614  810  811  
615  614  811  
614  615  629  
628  614  629  
614  628  824  
811  615  825  
615  811  812  
616  615  812  
615  616  630  
629  615  630  
615  629  825  
813  617  827  
617  813  814  
618  617  814  
617  618  632  
631  617  632  
617  631  827  
814  618  828  
618  814  815  
619  618  815  
618  619  633  
632  618  633  
618  632  828  
815  619  829  
619  815  816  
620  619  816  
619  620  634  
633  619  634  
619  633  829  
816  620  830  
620  816  817  
621  620  817  
620  621  635  
634  620  635  
620  634  830  
817  621  831  
621  817  818  
622  621  818  
621  622  636  
635  621  636  
621  635  831  
818  622  832  
622  818  819  
623  622  819  
622  623  637  
636  622  637  
622  636  832  
819  623  833  
623  819  820  
624  623  820  
623  624  638  
637  623  638  
623  637  833  
820  624  834  
624  820  821  
625  624  821  
624  625  639  
638  624  639  
624  638  834  
821  625  835  
625  821  822  
626  625  822  
625  626  640  
639  625  640  
625  639  835  
822  626  836  
626  822  823  
627  626  823  
626  627  641  
640  626  641  
626  640  836  
823  627  837  
627  823  824  
628  627  824  
627  628  642  
641  627  642  
627  641  837  
824  628  838  
628  824  825  
629  628  825  
628  629  643  
642  628  643  
628  642  838  
825  629  839  
629  825  826  
630  629  826  
629  630  644  
643  629  644  
629  643  839  
827  631  841  
631  827  828  
632  631  828  
631  632  646  
645  631  646  
631  645  841  
828  632  842  
632  828  829  
633  632  829  
632  633  647  
646  632  647  
632  646  842  
829  633  843  
633  829  830  
634  633  830  
633  634  648  
647  633  648  
633  647  843  
830  634  844  
634  830  831  
635  634  831  
634  635  649  
648  634  649  
634  648  844  
831  635  845  
635  831  832  
636  635  832  
635  636  650  
649  635  650  
635  649  845  
832  636  846  
636  832  833  
637  636  833  
636  637  651  
650  636  651  
636  650  846  
833  637  847  
637  833  834  
638  637  834  
637  638  652  
651  637  652  
637  651  847  
834  638  848  
638  834  835  
639  638  835  
638  639  653  
652  638  653  
638  652  848  
835  639  849  
639  835  836  
640  639  836  
639  640  654  
653  639  654  
639  653  849  
836  640  850  
640  836  837  
641  640  837  
640  641  655  
654  640  655  
640  654  850  
837  641  851  
641  837  838  
642  641  838  
641  642  656  
655  641  656  
641  655  851  
838  642  852  
642  838  839  
643  642  839  
642  643  657  
656  642  657  
642  656  852  
839  643  853  
643  839  840  
644  643  840  
643  644  658  
657  643  658  
643  657  853  
841  645  855  
645  841  842  
646  645  842  
645  646  660  
659  645  660  
645  659  855  
842  646  856  
646  842  843  
647  646  843  
646  647  661  
660  646  661  
646  660  856  
843  647  857  
647  843  844  
648  647  844  
647  648  662  
661  647  662  
647  661  857  
844  648  858  
648  844  845  
649  648  845  
648  649  663  
662  648  663  
648  662  858  
845  649  859  
649  845  846  
650  649  846  
649  650  664  
663  649  664  
649  663  859  
846  650  860  
650  846  847  
651  650  847  
650  651  665  
664  650  665  
650  664  860  
847  651  861  
651  847  848  
652  651  848  
651  652  666  
665  651  666  
651  665  861  
848  652  862  
652  848  849  
653  652  849  
652  653  667  
666  652  667  
652  666  862  
849  653  863  
653  849  850  
654  653  850  
653  654  668  
667  653  668  
653  667  863  
850  654  864  
654  850  851  
655  654  851  
654  655  669  
668  654  669  
654  668  864  
851  655  865  
655  851  852  
656  655  852  
655  656  670  
669  655  670  
655  669  865  
852  656  866  
656  852  853  
657  656  853  
656  657  671  
670  656  671  
656  670  866  
853  657  867  
657  853  854  
658  657  854  
657  658  672  
671  657  672  
657  671  867  
855  659  869  
659  855  856  
660  659  856  
659  660  674  
673  659  674  
659  673  869  
856  660  870  
660  856  857  
661  660  857  
660  661  675  
674  660  675  
660  674  870  
857  661  871  
661  857  858  
662  661  858  
661  662  676  
675  661  676  
661  675  871  
858  662  872  
662  858  859  
663  662  859  
662  663  677  
676  662  677  
662  676  872  
859  663  873  
663  859  860  
664  663  860  
663  664  678  
677  663  678  
663  677  873  
860  664  874  
664  860  861  
665  664  861  
664  665  679  
678  664  679  
664  678  874  
861  665  875  
665  861  862  
666  665  862  
665  666  680  
679  665  680  
665  679  875  
862  666  876  
666  862  863  
667  666  863  
666  667  681  
680  666  681  
666  680  876  
863  667  877  
667  863  864  
668  667  864  
667  668  682  
681  667  682  
667  681  877  
864  668  878  
668  864  865  
669  668  865  
668  669  683  
682  668  683  
668  682  878  
865  669  879  
669  865  866  
670  669  866  
669  670  684  
683  669  684  
669  683  879  
866  670  880  
670  866  867  
671  670  867  
670  671  685  
684  670  685  
670  684  880  
867  671  881  
671  867  868  
672  671  868  
671  672  686  
685  671  686  
671  685  881  
869  673  883  
673  869  870  
674  673  870  
673  674  688  
687  673  688  
673  687  883  
870  674  884  
674  870  871  
675  674  871  
674  675  689  
688  674  689  
674  688  884  
871  675  885  
675  871  872  
676  675  872  
675  676  690  
689  675  690  
675  689  885  
872  676  886  
676  872  873  
677  676  873  
676  677  691  
690  676  691  
676  690  886  
873  677  887  
677  873  874  
678  677  874  
677  678  692  
691  677  692  
677  691  887  
874  678  888  
678  874  875  
679  678  875  
678  679  693  
692  678  693  
678  692  888  
875  679  889  
679  875  876  
680  679  876  
679  680  694  
693  679  694  
679  693  889  
876  680  890  
680  876  877  
681  680  877  
680  681  695  
694  680  695  
680  694  890  
877  681  891  
681  877  878  
682  681  878  
681  682  696  
695  681  696  
681  695  891  
878  682  892  
682  878  879  
683  682  879  
682  683  697  
696  682  697  
682  696  892  
879  683  893  
683  879  880  
684  683  880  
683  684  698  
697  683  698  
683  697  893  
880  684  894  
684  880  881  
685  684  881  
684  685  699  
698  684  699  
684  698  894  
881  685  895  
685  881  882  
686  685  882  
685  686  700  
699  685  700  
685  699  895  
883  687  897  
687  883  884  
688  687  884  
687  688  702  
701  687  702  
687  701  897  
884  688  898  
688  884  885  
689  688  885  
688  689  703  
702  688  703  
688  702  898  
885  689  899  
689  885  886  
690  689  886  
689  690  704  
703  689  704  
689  703  899  
886  690  900  
690  886  887  
691  690  887  
690  691  705  
704  690  705  
690  704  900  
887  691  901  
691  887  888  
692  691  888  
691  692  706  
705  691  706  
691  705  901  
888  692  902  
692  888  889  
693  692  889  
692  693  707  
706  692  707  
692  706  902  
889  693  903  
693  889  890  
694  693  890  
693  694  708  
707  693  708  
693  707  903  
890  694  904  
694  890  891  
695  694  891  
694  695  709  
708  694  709  
694  708  904  
891  695  905  
695  891  892  
696  695  892  
695  696  710  
709  695  710  
695  709  905  
892  696  906  
696  892  893  
697  696  893  
696  697  711  
710  696  711  
696  710  906  
893  697  907  
697  893  894  
698  697  894  
697  698  712  
711  697  712  
697  711  907  
894  698  908  
698  894  895  
699  698  895  
698  699  713  
712  698  713  
698  712  908  
895  699  909  
699  895  896  
700  699  896  
699  700  714  
713  699  714  
699  713  909  
897  701  911  
701  897  898  
702  701  898  
701  702  716  
715  701  716  
701  715  911  
898  702  912  
702  898  899  
703  702  899  
702  703  717  
716  702  717  
702  716  912  
899  703  913  
703  899  900  
704  703  900  
703  704  718  
717  703  718  
703  717  913  
900  704  914  
704  900  901  
705  704  901  
704  705  719  
718  704  719  
704  718  914  
901  705  915  
705  901  902  
706  705  902  
705  706  720  
719  705  720  
705  719  915  
902  706  916  
706  902  903  
707  706  903  
706  707  721  
720  706  721  
706  720  916  
903  707  917  
707  903  904  
708  707  904  
707  708  722  
721  707  722  
707  721  917  
904  708  918  
708  904  905  
709  708  905  
708  709  723  
722  708  723  
708  722  918  
905  709  919  
709  905  906  
710  709  906  
709  710  724  
723  709  724  
709  723  919  
906  710  920  
710  906  907  
711  710  907  
710  711  725  
724  710  725  
710  724  920  
907  711  921  
711  907  908  
712  711  908  
711  712  726  
725  711  726  
711  725  921  
908  712  922  
712  908  909  
713  712  909  
712  713  727  
726  712  727  
712  726  922  
909  713  923  
713  909  910  
714  713  910  
713  714  728  
727  713  728  
713  727  923  
911  715  925  
715  911  912  
716  715  912  
715  716  730  
729  715  730  
715  729  925  
912  716  926  
716  912  913  
717  716  913  
716  717  731  
730  716  731  
716  730  926  
913  717  927  
717  913  914  
718  717  914  
717  718  732  
731  717  732  
717  731  927  
914  718  928  
718  914  915  
719  718  915  
718  719  733  
732  718  733  
718  732  928  
915  719  929  
719  915  916  
720  719  916  
719  720  734  
733  719  734  
719  733  929  
916  720  930  
720  916  917  
721  720  917  
720  721  735  
734  720  735  
720  734  930  
917  721  931  
721  917  918  
722  721  918  
721  722  736  
735  721  736  
721  735  931  
918  722  932  
722  918  919  
723  722  919  
722  723  737  
736  722  737  
722  736  932  
919  723  933  
723  919  920  
724  723  920  
723  724  738  
737  723  738  
723  737  933  
920  724  934  
724  920  921  
725  724  921  
724  725  739  
738  724  739  
724  738  934  
921  725  935  
725  921  922  
726  725  922  
725  726  740  
739  725  740  
725  739  935  
922  726  936  
726  922  923  
727  726  923  
726  727  741  
740  726  741  
726  740  936  
923  727  937  
727  923  924  
728  727  924  
727  728  742  
741  727  742  
727  741  937  
925  729  939  
729  925  926  
730  729  926  
729  730  744  
743  729  744  
729  743  939  
926  730  940  
730  926  927  
731  730  927  
730  731  745  
744  730  745  
730  744  940  
927  731  941  
731  927  928  
732  731  928  
731  732  746  
745  731  746  
731  745  941  
928  732  942  
732  928  929  
733  732  929  
732  733  747  
746  732  747  
732  746  942  
929  733  943  
733  929  930  
734  733  930  
733  734  748  
747  733  748  
733  747  943  
930  734  944  
734  930  931  
735  734  931  
734  735  749  
748  734  749  
734  748  944  
931  735  945  
735  931  932  
736  735  932  
735  736  750  
749  735  750  
735  749  945  
932  736  946  
736  932  933  
737  736  933  
736  737  751  
750  736  751  
736  750  946  
933  737  947  
737  933  934  
738  737  934  
737  738  752  
751  737  752  
737  751  947  
934  738  948  
738  934  935  
739  738  935  
738  739  753  
752  738  753  
738  752  948  
935  739  949  
739  935  936  
740  739  936  
739  740  754  
753  739  754  
739  753  949  
936  740  950  
740  936  937  
741  740  937  
740  741  755  
754  740  755  
740  754  950  
937  741  951  
741  937  938  
742  741  938  
741  742  756  
755  741  756  
741  755  951  
939  743  953  
743  939  940  
744  743  940  
743  744  758  
757  743  758  
743  757  953  
940  744  954  
744  940  941  
745  744  941  
744  745  759  
758  744  759  
744  758  954  
941  745  955  
745  941  942  
746  745  942  
745  746  760  
759  745  760  
745  759  955  
942  746  956  
746  942  943  
747  746  943  
746  747  761  
760  746  761  
746  760  956  
943  747  957  
747  943  944  
748  747  944  
747  748  762  
761  747  762  
747  761  957  
944  748  958  
748  944  945  
749  748  945  
748  749  763  
762  748  763  
748  762  958  
945  749  959  
749  945  946  
750  749  946  
749  750  764  
763  749  764  
749  763  959  
946  750  960  
750  946  947  
751  750  947  
750  751  765  
764  750  765  
750  764  960  
947  751  961  
751  947  948  
752  751  948  
751  752  766  
765  751  766  
751  765  961  
948  752  962  
752  948  949  
753  752  949  
752  753  767  
766  752  767  
752  766  962  
949  753  963  
753  949  950  
754  753  950  
753  754  768  
767  753  768  
753  767  963  
950  754  964  
754  950  951  
755  754  951  
754  755  769  
768  754  769  
754  768  964  
951  755  965  
755  951  952  
756  755  952  
755  756  770  
769  755  770  
755  769  965  
953  757  967  
757  953  954  
758  757  954  
757  758  772  
771  757  772  
757  771  967  
954  758  968  
758  954  955  
759  758  955  
758  759  773  
772  758  773  
758  772  968  
955  759  969  
759  955  956  
760  759  956  
759  760  774  
773  759  774  
759  773  969  
956  760  970  
760  956  957  
761  760  957  
760  761  775  
774  760  775  
760  774  970  
957  761  971  
761  957  958  
762  761  958  
761  762  776  
775  761  776  
761  775  971  
958  762  972  
762  958  959  
763  762  959  
762  763  777  
776  762  777  
762  776  972  
959  763  973  
763  959  960  
764  763  960  
763  764  778  
777  763  778  
763  777  973  
960  764  974  
764  960  961  
765  764  961  
764  765  779  
778  764  779  
764  778  974  
961  765  975  
765  961  962  
766  765  962  
765  766  780  
779  765  780  
765  779  975  
962  766  976  
766  962  963  
767  766  963  
766  767  781  
780  766  781  
766  780  976  
963  767  977  
767  963  964  
768  767  964  
767  768  782  
781  767  782  
767  781  977  
964  768  978  
768  964  965  
769  768  965  
768  769  783  
782  768  783  
768  782  978  
965  769  979  
769  965  966  
770  769  966  
769  770  784  
783  769  784  
769  783  979  
981  785  995  
785  981  982  
786  785  982  
785  786  800  
799  785  800  
785  799  995  
982  786  996  
786  982  983  
787  786  983  
786  787  801  
800  786  801  
786  800  996  
983  787  997  
787  983  984  
788  787  984  
787  788  802  
801  787  802  
787  801  997  
984  788  998  
788  984  985  
789  788  985  
788  789  803  
802  788  803  
788  802  998  
985  789  999  
789  985  986  
790  789  986  
789  790  804  
803  789  804  
789  803  999  
986  790  1000  
790  986  987  
791  790  987  
790  791  805  
804  790  805  
790  804  1000  
987  791  1001  
791  987  988  
792  791  988  
791  792  806  
805  791  806  
791  805  1001  
988  792  1002  
792  988  989  
793  792  989  
792  793  807  
806  792  807  
792  806  1002  
989  793  1003  
793  989  990  
794  793  990  
793  794  808  
807  793  808  
793  807  1003  
990  794  1004  
794  990  991  
795  794  991  
794  795  809  
808  794  809  
794  808  1004  
991  795  1005  
795  991  992  
796  795  992  
795  796  810  
809  795  810  
795  809  1005  
992  796  1006  
796  992  993  
797  796  993  
796  797  811  
810  796  811  
796  810  1006  
993  797  1007  
797  993  994  
798  797  994  
797  798  812  
811  797  812  
797  811  1007  
995  799  1009  
799  995  996  
800  799  996  
799  800  814  
813  799  814  
799  813  1009  
996  800  1010  
800  996  997  
801  800  997  
800  801  815  
814  800  815  
800  814  1010  
997  801  1011  
801  997  998  
802  801  998  
801  802  816  
815  801  816  
801  815  1011  
998  802  1012  
802  998  999  
803  802  999  
802  803  817  
816  802  817  
802  816  1012  
999  803  1013  
803  999  1000  
804  803  1000  
803  804  818  
817  803  818  
803  817  1013  
1000  804  1014  
804  1000  1001  
805  804  1001  
804  805  819  
818  804  819  
804  818  1014  
1001  805  1015  
805  1001  1002  
806  805  1002  
805  806  820  
819  805  820  
805  819  1015  
1002  806  1016  
806  1002  1003  
807  806  1003  
806  807  821  
820  806  821  
806  820  1016  
1003  807  1017  
807  1003  1004  
808  807  1004  
807  808  822  
821  807  822  
807  821  1017  
1004  808  1018  
808  1004  1005  
809  808  1005  
808  809  823  
822  808  823  
808  822  1018  
1005  809  1019  
809  1005  1006  
810  809  1006  
809  810  824  
823  809  824  
809  823  1019  
1006  810  1020  
810  1006  1007  
811  810  1007  
810  811  825  
824  810  825  
810  824  1020  
1007  811  1021  
811  1007  1008  
812  811  1008  
811  812  826  
825  811  826  
811  825  1021  
1009  813  1023  
813  1009  1010  
814  813  1010  
813  814  828  
827  813  828  
813  827  1023  
1010  814  1024  
814  1010  1011  
815  814  1011  
814  815  829  
828  814  829  
814  828  1024  
1011  815  1025  
815  1011  1012  
816  815  1012  
815  816  830  
829  815  830  
815  829  1025  
1012  816  1026  
816  1012  1013  
817  816  1013  
816  817  831  
830  816  831  
816  830  1026  
1013  817  1027  
817  1013  1014  
818  817  1014  
817  818  832  
831  817  832  
817  831  1027  
1014  818  1028  
818  1014  1015  
819  818  1015  
818  819  833  
832  818  833  
818  832  1028  
1015  819  1029  
819  1015  1016  
820  819  1016  
819  820  834  
833  819  834  
819  833  1029  
1016  820  1030  
820  1016  1017  
821  820  1017  
820  821  835  
834  820  835  
820  834  1030  
1017  821  1031  
821  1017  1018  
822  821  1018  
821  822  836  
835  821  836  
821  835  1031  
1018  822  1032  
822  1018  1019  
823  822  1019  
822  823  837  
836  822  837  
822  836  1032  
1019  823  1033  
823  1019  1020  
824  823  1020  
823  824  838  
837  823  838  
823  837  1033  
1020  824  1034  
824  1020  1021  
825  824  1021  
824  825  839  
838  824  839  
824  838  1034  
1021  825  1035  
825  1021  1022  
826  825  1022  
825  826  840  
839  825  840  
825  839  1035  
1023  827  1037  
827  1023  1024  
828  827  1024  
827  828  842  
841  827  842  
827  841  1037  
1024  828  1038  
828  1024  1025  
829  828  1025  
828  829  843  
842  828  843  
828  842  1038  
1025  829  1039  
829  1025  1026  
830  829  1026  
829  830  844  
843  829  844  
829  843  1039  
1026  830  1040  
830  1026  1027  
831  830  1027  
830  831  845  
844  830  845  
830  844  1040  
1027  831  1041  
831  1027  1028  
832  831  1028  
831  832  846  
845  831  846  
831  845  1041  
1028  832  1042  
832  1028  1029  
833  832  1029  
832  833  847  
846  832  847  
832  846  1042  
1029  833  1043  
833  1029  1030  
834  833  1030  
833  834  848  
847  833  848  
833  847  1043  
1030  834  1044  
834  1030  1031  
835  834  1031  
834  835  849  
848  834  849  
834  848  1044  
1031  835  1045  
835  1031  1032  
836  835  1032  
835  836  850  
849  835  850  
835  849  1045  
1032  836  1046  
836  1032  1033  
837  836  1033  
836  837  851  
850  836  851  
836  850  1046  
1033  837  1047  
837  1033  1034  
838  837  1034  
837  838  852  
851  837  852  
837  851  1047  
1034  838  1048  
838  1034  1035  
839  838  1035  
838  839  853  
852  838  853  
838  852  1048  
1035  839  1049  
839  1035  1036  
840  839  1036  
839  840  854  
853  839  854  
839  853  1049  
1037  841  1051  
841  1037  1038  
842  841  1038  
841  842  856  
855  841  856  
841  855  1051  
1038  842  1052  
842  1038  1039  
843  842  1039  
842  843  857  
856  842  857  
842  856  1052  
1039  843  1053  
843  1039  1040  
844  843  1040  
843  844  858  
857  843  858  
843  857  1053  
1040  844  1054  
844  1040  1041  
845  844  1041  
844  845  859  
858  844  859  
844  858  1054  
1041  845  1055  
845  1041  1042  
846  845  1042  
845  846  860  
859  845  860  
845  859  1055  
1042  846  1056  
846  1042  1043  
847  846  1043  
846  847  861  
860  846  861  
846  860  1056  
1043  847  1057  
847  1043  1044  
848  847  1044  
847  848  862  
861  847  862  
847  861  1057  
1044  848  1058  
848  1044  1045  
849  848  1045  
848  849  863  
862  848  863  
848  862  1058  
1045  849  1059  
849  1045  1046  
850  849  1046  
849  850  864  
863  849  864  
849  863  1059  
1046  850  1060  
850  1046  1047  
851  850  1047  
850  851  865  
864  850  865  
850  864  1060  
1047  851  1061  
851  1047  1048  
852  851  1048  
851  852  866  
865  851  866  
851  865  1061  
1048  852  1062  
852  1048  1049  
853  852  1049  
852  853  867  
866  852  867  
852  866  1062  
1049  853  1063  
853  1049  1050  
854  853  1050  
853  854  868  
867  853  868  
853  867  1063  
1051  855  1065  
855  1051  1052  
856  855  1052  
855  856  870  
869  855  870  
855  869  1065  
1052  856  1066  
856  1052  1053  
857  856  1053  
856  857  871  
870  856  871  
856  870  1066  
1053  857  1067  
857  1053  1054  
858  857  1054  
857  858  872  
871  857  872  
857  871  1067  
1054  858  1068  
858  1054  1055  
859  858  1055  
858  859  873  
872  858  873  
858  872  1068  
1055  859  1069  
859  1055  1056  
860  859  1056  
859  860  874  
873  859  874  
859  873  1069  
1056  860  1070  
860  1056  1057  
861  860  1057  
860  861  875  
874  860  875  
860  874  1070  
1057  861  1071  
861  1057  1058  
862  861  1058  
861  862  876  
875  861  876  
861  875  1071  
1058  862  1072  
862  1058  1059  
863  862  1059  
862  863  877  
876  862  877  
862  876  1072  
1059  863  1073  
863  1059  1060  
864  863  1060  
863  864  878  
877  863  878  
863  877  1073  
1060  864  1074  
864  1060  1061  
865  864  1061  
864  865  879  
878  864  879  
864  878  1074  
1061  865  1075  
865  1061  1062  
866  865  1062  
865  866  880  
879  865  880  
865  879  1075  
1062  866  1076  
866  1062  1063  
867  866  1063  
866  867  881  
880  866  881  
866  880  1076  
1063  867  1077  
867  1063  1064  
868  867  1064  
867  868  882  
881  867  882  
867  881  1077  
1065  869  1079  
869  1065  1066  
870  869  1066  
869  870  884  
883  869  884  
869  883  1079  
1066  870  1080  
870  1066  1067  
871  870  1067  
870  871  885  
884  870  885  
870  884  1080  
1067  871  1081  
871  1067  1068  
872  871  1068  
871  872  886  
885  871  886  
871  885  1081  
1068  872  1082  
872  1068  1069  
873  872  1069  
872  873  887  
886  872  887  
872  886  1082  
1069  873  1083  
873  1069  1070  
874  873  1070  
873  874  888  
887  873  888  
873  887  1083  
1070  874  1084  
874  1070  1071  
875  874  1071  
874  875  889  
888  874  889  
874  888  1084  
1071  875  1085  
875  1071  1072  
876  875  1072  
875  876  890  
889  875  890  
875  889  1085  
1072  876  1086  
876  1072  1073  
877  876  1073  
876  877  891  
890  876  891  
876  890  1086  
1073  877  1087  
877  1073  1074  
878  877  1074  
877  878  892  
891  877  892  
877  891  1087  
1074  878  1088  
878  1074  1075  
879  878  1075  
878  879  893  
892  878  893  
878  892  1088  
1075  879  1089  
879  1075  1076  
880  879  1076  
879  880  894  
893  879  894  
879  893  1089  
1076  880  1090  
880  1076  1077  
881  880  1077  
880  881  895  
894  880  895  
880  894  1090  
1077  881  1091  
881  1077  1078  
882  881  1078  
881  882  896  
895  881  896  
881  895  1091  
1079  883  1093  
883  1079  1080  
884  883  1080  
883  884  898  
897  883  898  
883  897  1093  
1080  884  1094  
884  1080  1081  
885  884  1081  
884  885  899  
898  884  899  
884  898  1094  
1081  885  1095  
885  1081  1082  
886  885  1082  
885  886  900  
899  885  900  
885  899  1095  
1082  886  1096  
886  1082  1083  
887  886  1083  
886  887  901  
900  886  901  
886  900  1096  
1083  887  1097  
887  1083  1084  
888  887  1084  
887  888  902  
901  887  902  
887  901  1097  
1084  888  1098  
888  1084  1085  
889  888  1085  
888  889  903  
902  888  903  
888  902  1098  
1085  889  1099  
889  1085  1086  
890  889  1086  
889  890  904  
903  889  904  
889  903  1099  
1086  890  1100  
890  1086  1087  
891  890  1087  
890  891  905  
904  890  905  
890  904  1100  
1087  891  1101  
891  1087  1088  
892  891  1088  
891  892  906  
905  891  906  
891  905  1101  
1088  892  1102  
892  1088  1089  
893  892  1089  
892  893  907  
906  892  907  
892  906  1102  
1089  893  1103  
893  1089  1090  
894  893  1090  
893  894  908  
907  893  908  
893  907  1103  
1090  894  1104  
894  1090  1091  
895  894  1091  
894  895  909  
908  894  909  
894  908  1104  
1091  895  1105  
895  1091  1092  
896  895  1092  
895  896  910  
909  895  910  
895  909  1105  
1093  897  1107  
897  1093  1094  
898  897  1094  
897  898  912  
911  897  912  
897  911  1107  
1094  898  1108  
898  1094  1095  
899  898  1095  
898  899  913  
912  898  913  
898  912  1108  
1095  899  1109  
899  1095  1096  
900  899  1096  
899  900  914  
913  899  914  
899  913  1109  
1096  900  1110  
900  1096  1097  
901  900  1097  
900  901  915  
914  900  915  
900  914  1110  
1097  901  1111  
901  1097  1098  
902  901  1098  
901  902  916  
915  901  916  
901  915  1111  
1098  902  1112  
902  1098  1099  
903  902  1099  
902  903  917  
916  902  917  
902  916  1112  
1099  903  1113  
903  1099  1100  
904  903  1100  
903  904  918  
917  903  918  
903  917  1113  
1100  904  1114  
904  1100  1101  
905  904  1101  
904  905  919  
918  904  919  
904  918  1114  
1101  905  1115  
905  1101  1102  
906  905  1102  
905  906  920  
919  905  920  
905  919  1115  
1102  906  1116  
906  1102  1103  
907  906  1103  
906  907  921  
920  906  921  
906  920  1116  
1103  907  1117  
907  1103  1104  
908  907  1104  
907  908  922  
921  907  922  
907  921  1117  
1104  908  1118  
908  1104  1105  
909  908  1105  
908  909  923  
922  908  923  
908  922  1118  
1105  909  1119  
909  1105  1106  
910  909  1106  
909  910  924  
923  909  924  
909  923  1119  
1107  911  1121  
911  1107  1108  
912  911  1108  
911  912  926  
925  911  926  
911  925  1121  
1108  912  1122  
912  1108  1109  
913  912  1109  
912  913  927  
926  912  927  
912  926  1122  
1109  913  1123  
913  1109  1110  
914  913  1110  
913  914  928  
927  913  928  
913  927  1123  
1110  914  1124  
914  1110  1111  
915  914  1111  
914  915  929  
928  914  929  
914  928  1124  
1111  915  1125  
915  1111  1112  
916  915  1112  
915  916  930  
929  915  930  
915  929  1125  
1112  916  1126  
916  1112  1113  
917  916  1113  
916  917  931  
930  916  931  
916  930  1126  
1113  917  1127  
917  1113  1114  
918  917  1114  
917  918  932  
931  917  932  
917  931  1127  
1114  918  1128  
918  1114  1115  
919  918  1115  
918  919  933  
932  918  933  
918  932  1128  
1115  919  1129  
919  1115  1116  
920  919  1116  
919  920  934  
933  919  934  
919  933  1129  
1116  920  1130  
920  1116  1117  
921  920  1117  
920  921  935  
934  920  935  
920  934  1130  
1117  921  1131  
921  1117  1118  
922  921  1118  
921  922  936  
935  921  936  
921  935  1131  
1118  922  1132  
922  1118  1119  
923  922  1119  
922  923  937  
936  922  937  
922  936  1132  
1119  923  1133  
923  1119  1120  
924  923  1120  
923  924  938  
937  923  938  
923  937  1133  
1121  925  1135  
925  1121  1122  
926  925  1122  
925  926  940  
939  925  940  
925  939  1135  
1122  926  1136  
926  1122  1123  
927  926  1123  
926  927  941  
940  926  941  
926  940  1136  
1123  927  1137  
927  1123  1124  
928  927  1124  
927  928  942  
941  927  942  
927  941  1137  
1124  928  1138  
928  1124  1125  
929  928  1125  
928  929  943  
942  928  943  
928  942  1138  
1125  929  1139  
929  1125  1126  
930  929  1126  
929  930  944  
943  929  944  
929  943  1139  
1126  930  1140  
930  1126  1127  
931  930  1127  
930  931  945  
944  930  945  
930  944  1140  
1127  931  1141  
931  1127  1128  
932  931  1128  
931  932  946  
945  931  946  
931  945  1141  
1128  932  1142  
932  1128  1129  
933  932  1129  
932  933  947  
946  932  947  
932  946  1142  
1129  933  1143  
933  1129  1130  
934  933  1130  
933  934  948  
947  933  948  
933  947  1143  
1130  934  1144  
934  1130  1131  
935  934  1131  
934  935  949  
948  934  949  
934  948  1144  
1131  935  1145  
935  1131  1132  
936  935  1132  
935  936  950  
949  935  950  
935  949  1145  
1132  936  1146  
936  1132  1133  
937  936  1133  
936  937  951  
950  936  951  
936  950  1146  
1133  937  1147  
937  1133  1134  
938  937  1134  
937  938  952  
951  937  952  
937  951  1147  
1135  939  1149  
939  1135  1136  
940  939  1136  
939  940  954  
953  939  954  
939  953  1149  
1136  940  1150  
940  1136  1137  
941  940  1137  
940  941  955  
954  940  955  
940  954  1150  
1137  941  1151  
941  1137  1138  
942  941  1138  
941  942  956  
955  941  956  
941  955  1151  
1138  942  1152  
942  1138  1139  
943  942  1139  
942  943  957  
956  942  957  
942  956  1152  
1139  943  1153  
943  1139  1140  
944  943  1140  
943  944  958  
957  943  958  
943  957  1153  
1140  944  1154  
944  1140  1141  
945  944  1141  
944  945  959  
958  944  959  
944  958  1154  
1141  945  1155  
945  1141  1142  
946  945  1142  
945  946  960  
959  945  960  
945  959  1155  
1142  946  1156  
946  1142  1143  
947  946  1143  
946  947  961  
960  946  961  
946  960  1156  
1143  947  1157  
947  1143  1144  
948  947  1144  
947  948  962  
961  947  962  
947  961  1157  
1144  948  1158  
948  1144  1145  
949  948  1145  
948  949  963  
962  948  963  
948  962  1158  
1145  949  1159  
949  1145  1146  
950  949  1146  
949  950  964  
963  949  964  
949  963  1159  
1146  950  1160  
950  1146  1147  
951  950  1147  
950  951  965  
964  950  965  
950  964  1160  
1147  951  1161  
951  1147  1148  
952  951  1148  
951  952  966  
965  951  966  
951  965  1161  
1149  953  1163  
953  1149  1150  
954  953  1150  
953  954  968  
967  953  968  
953  967  1163  
1150  954  1164  
954  1150  1151  
955  954  1151  
954  955  969  
968  954  969  
954  968  1164  
1151  955  1165  
955  1151  1152  
956  955  1152  
955  956  970  
969  955  970  
955  969  1165  
1152  956  1166  
956  1152  1153  
957  956  1153  
956  957  971  
970  956  971  
956  970  1166  
1153  957  1167  
957  1153  1154  
958  957  1154  
957  958  972  
971  957  972  
957  971  1167  
1154  958  1168  
958  1154  1155  
959  958  1155  
958  959  973  
972  958  973  
958  972  1168  
1155  959  1169  
959  1155  1156  
960  959  1156  
959  960  974  
973  959  974  
959  973  1169  
1156  960  1170  
960  1156  1157  
961  960  1157  
960  961  975  
974  960  975  
960  974  1170  
1157  961  1171  
961  1157  1158  
962  961  1158  
961  962  976  
975  961  976  
961  975  1171  
1158  962  1172  
962  1158  1159  
963  962  1159  
962  963  977  
976  962  977  
962  976  1172  
1159  963  1173  
963  1159  1160  
964  963  1160  
963  964  978  
977  963  978  
963  977  1173  
1160  964  1174  
964  1160  1161  
965  964  1161  
964  965  979  
978  964  979  
964  978  1174  
1161  965  1175  
965  1161  1162  
966  965  1162  
965  966  980  
979  965  980  
965  979  1175  
1177  981  1191  
981  1177  1178  
982  981  1178  
981  982  996  
995  981  996  
981  995  1191  
1178  982  1192  
982  1178  1179  
983  982  1179  
982  983  997  
996  982  997  
982  996  1192  
1179  983  1193  
983  1179  1180  
984  983  1180  
983  984  998  
997  983  998  
983  997  1193  
1180  984  1194  
984  1180  1181  
985  984  1181  
984  985  999  
998  984  999  
984  998  1194  
1181  985  1195  
985  1181  1182  
986  985  1182  
985  986  1000  
999  985  1000  
985  999  1195  
1182  986  1196  
986  1182  1183  
987  986  1183  
986  987  1001  
1000  986  1001  
986  1000  1196  
1183  987  1197  
987  1183  1184  
988  987  1184  
987  988  1002  
1001  987  1002  
987  1001  1197  
1184  988  1198  
988  1184  1185  
989  988  1185  
988  989  1003  
1002  988  1003  
988  1002  1198  
1185  989  1199  
989  1185  1186  
990  989  1186  
989  990  1004  
1003  989  1004  
989  1003  1199  
1186  990  1200  
990  1186  1187  
991  990  1187  
990  991  1005  
1004  990  1005  
990  1004  1200  
1187  991  1201  
991  1187  1188  
992  991  1188  
991  992  1006  
1005  991  1006  
991  1005  1201  
1188  992  1202  
992  1188  1189  
993  992  1189  
992  993  1007  
1006  992  1007  
992  1006  1202  
1189  993  1203  
993  1189  1190  
994  993  1190  
993  994  1008  
1007  993  1008  
993  1007  1203  
1191  995  1205  
995  1191  1192  
996  995  1192  
995  996  1010  
1009  995  1010  
995  1009  1205  
1192  996  1206  
996  1192  1193  
997  996  1193  
996  997  1011  
1010  996  1011  
996  1010  1206  
1193  997  1207  
997  1193  1194  
998  997  1194  
997  998  1012  
1011  997  1012  
997  1011  1207  
1194  998  1208  
998  1194  1195  
999  998  1195  
998  999  1013  
1012  998  1013  
998  1012  1208  
1195  999  1209  
999  1195  1196  
1000  999  1196  
999  1000  1014  
1013  999  1014  
999  1013  1209  
1196  1000  1210  
1000  1196  1197  
1001  1000  1197  
1000  1001  1015  
1014  1000  1015  
1000  1014  1210  
1197  1001  1211  
1001  1197  1198  
1002  1001  1198  
1001  1002  1016  
1015  1001  1016  
1001  1015  1211  
1198  1002  1212  
1002  1198  1199  
1003  1002  1199  
1002  1003  1017  
1016  1002  1017  
1002  1016  1212  
1199  1003  1213  
1003  1199  1200  
1004  1003  1200  
1003  1004  1018  
1017  1003  1018  
1003  1017  1213  
1200  1004  1214  
1004  1200  1201  
1005  1004  1201  
1004  1005  1019  
1018  1004  1019  
1004  1018  1214  
1201  1005  1215  
1005  1201  1202  
1006  1005  1202  
1005  1006  1020  
1019  1005  1020  
1005  1019  1215  
1202  1006  1216  
1006  1202  1203  
1007  1006  1203  
1006  1007  1021  
1020  1006  1021  
1006  1020  1216  
1203  1007  1217  
1007  1203  1204  
1008  1007  1204  
1007  1008  1022  
1021  1007  1022  
1007  1021  1217  
1205  1009  1219  
1009  1205  1206  
1010  1009  1206  
1009  1010  1024  
1023  1009  1024  
1009  1023  1219  
1206  1010  1220  
1010  1206  1207  
1011  1010  1207  
1010  1011  1025  
1024  1010  1025  
1010  1024  1220  
1207  1011  1221  
1011  1207  1208  
1012  1011  1208  
1011  1012  1026  
1025  1011  1026  
1011  1025  1221  
1208  1012  1222  
1012  1208  1209  
1013  1012  1209  
1012  1013  1027  
1026  1012  1027  
1012  1026  1222  
1209  1013  1223  
1013  1209  1210  
1014  1013  1210  
1013  1014  1028  
1027  1013  1028  
1013  1027  1223  
1210  1014  1224  
1014  1210  1211  
1015  1014  1211  
1014  1015  1029  
1028  1014  1029  
1014  1028  1224  
1211  1015  1225  
1015  1211  1212  
1016  1015  1212  
1015  1016  1030  
1029  1015  1030  
1015  1029  1225  
1212  1016  1226  
1016  1212  1213  
1017  1016  1213  
1016  1017  1031  
1030  1016  1031  
1016  1030  1226  
1213  1017  1227  
1017  1213  1214  
1018  1017  1214  
1017  1018  1032  
1031  1017  1032  
1017  1031  1227  
1214  1018  1228  
1018  1214  1215  
1019  1018  1215  
1018  1019  1033  
1032  1018  1033  
1018  1032  1228  
1215  1019  1229  
1019  1215  1216  
1020  1019  1216  
1019  1020  1034  
1033  1019  1034  
1019  1033  1229  
1216  1020  1230  
1020  1216  1217  
1021  1020  1217  
1020  1021  1035  
1034  1020  1035  
1020  1034  1230  
1217  1021  1231  
1021  1217  1218  
1022  1021  1218  
1021  1022  1036  
1035  1021  1036  
1021  1035  1231  
1219  1023  1233  
1023  1219  1220  
1024  1023  1220  
1023  1024  1038  
1037  1023  1038  
1023  1037  1233  
1220  1024  1234  
1024  1220  1221  
1025  1024  1221  
1024  1025  1039  
1038  1024  1039  
1024  1038  1234  
1221  1025  1235  
1025  1221  1222  
1026  1025  1222  
1025  1026  1040  
1039  1025  1040  
1025  1039  1235  
1222  1026  1236  
1026  1222  1223  
1027  1026  1223  
1026  1027  1041  
1040  1026  1041  
1026  1040  1236  
1223  1027  1237  
1027  1223  1224  
1028  1027  1224  
1027  1028  1042  
1041  1027  1042  
1027  1041  1237  
1224  1028  1238  
1028  1224  1225  
1029  1028  1225  
1028  1029  1043  
1042  1028  1043  
1028  1042  1238  
1225  1029  1239  
1029  1225  1226  
1030  1029  1226  
1029  1030  1044  
1043  1029  1044  
1029  1043  1239  
1226  1030  1240  
1030  1226  1227  
1031  1030  1227  
1030  1031  1045  
1044  1030  1045  
1030  1044  1240  
1227  1031  1241  
1031  1227  1228  
1032  1031  1228  
1031  1032  1046  
1045  1031  1046  
1031  1045  1241  
1228  1032  1242  
1032  1228  1229  
1033  1032  1229  
1032  1033  1047  
1046  1032  1047  
1032  1046  1242  
1229  1033  1243  
1033  1229  1230  
1034  1033  1230  
1033  1034  1048  
1047  1033  1048  
1033  1047  1243  
1230  1034  1244  
1034  1230  1231  
1035  1034  1231  
1034  1035  1049  
1048  1034  1049  
1034  1048  1244  
1231  1035  1245  
1035  1231  1232  
1036  1035  1232  
1035  1036  1050  
1049  1035  1050  
1035  1049  1245  
1233  1037  1247  
1037  1233  1234  
1038  1037  1234  
1037  1038  1052  
1051  1037  1052  
1037  1051  1247  
1234  1038  1248  
1038  1234  1235  
1039  1038  1235  
1038  1039  1053  
1052  1038  1053  
1038  1052  1248  
1235  1039  1249  
1039  1235  1236  
1040  1039  1236  
1039  1040  1054  
1053  1039  1054  
1039  1053  1249  
1236  1040  1250  
1040  1236  1237  
1041  1040  1237  
1040  1041  1055  
1054  1040  1055  
1040  1054  1250  
1237  1041  1251  
1041  1237  1238  
1042  1041  1238  
1041  1042  1056  
1055  1041  1056  
1041  1055  1251  
1238  1042  1252  
1042  1238  1239  
1043  1042  1239  
1042  1043  1057  
1056  1042  1057  
1042  1056  1252  
1239  1043  1253  
1043  1239  1240  
1044  1043  1240  
1043  1044  1058  
1057  1043  1058  
1043  1057  1253  
1240  1044  1254  
1044  1240  1241  
1045  1044  1241  
1044  1045  1059  
1058  1044  1059  
1044  1058  1254  
1241  1045  1255  
1045  1241  1242  
1046  1045  1242  
1045  1046  1060  
1059  1045  1060  
1045  1059  1255  
1242  1046  1256  
1046  1242  1243  
1047  1046  1243  
1046  1047  1061  
1060  1046  1061  
1046  1060  1256  
1243  1047  1257  
1047  1243  1244  
1048  1047  1244  
1047  1048  1062  
1061  1047  1062  
1047  1061  1257  
1244  1048  1258  
1048  1244  1245  
1049  1048  1245  
1048  1049  1063  
1062  1048  1063  
1048  1062  1258  
1245  1049  1259  
1049  1245  1246  
1050  1049  1246  
1049  1050  1064  
1063  1049  1064  
1049  1063  1259  
1247  1051  1261  
1051  1247  1248  
1052  1051  1248  
1051  1052  1066  
1065  1051  1066  
1051  1065  1261  
1248  1052  1262  
1052  1248  1249  
1053  1052  1249  
1052  1053  1067  
1066  1052  1067  
1052  1066  1262  
1249  1053  1263  
1053  1249  1250  
1054  1053  1250  
1053  1054  1068  
1067  1053  1068  
1053  1067  1263  
1250  1054  1264  
1054  1250  1251  
1055  1054  1251  
1054  1055  1069  
1068  1054  1069  
1054  1068  1264  
1251  1055  1265  
1055  1251  1252  
1056  1055  1252  
1055  1056  1070  
1069  1055  1070  
1055  1069  1265  
1252  1056  1266  
1056  1252  1253  
1057  1056  1253  
1056  1057  1071  
1070  1056  1071  
1056  1070  1266  
1253  1057  1267  
1057  1253  1254  
1058  1057  1254  
1057  1058  1072  
1071  1057  1072  
1057  1071  1267  
1254  1058  1268  
1058  1254  1255  
1059  1058  1255  
1058  1059  1073  
1072  1058  1073  
1058  1072  1268  
1255  1059  1269  
1059  1255  1256  
1060  1059  1256  
1059  1060  1074  
1073  1059  1074  
1059  1073  1269  
1256  1060  1270  
1060  1256  1257  
1061  1060  1257  
1060  1061  1075  
1074  1060  1075  
1060  1074  1270  
1257  1061  1271  
1061  1257  1258  
1062  1061  1258  
1061  1062  1076  
1075  1061  1076  
1061  1075  1271  
1258  1062  1272  
1062  1258  1259  
1063  1062  1259  
1062  1063  1077  
1076  1062  1077  
1062  1076  1272  
1259  1063  1273  
1063  1259  1260  
1064  1063  1260  
1063  1064  1078  
1077  1063  1078  
1063  1077  1273  
1261  1065  1275  
1065  1261  1262  
1066  1065  1262  
1065  1066  1080  
1079  1065  1080  
1065  1079  1275  
1262  1066  1276  
1066  1262  1263  
1067  1066  1263  
1066  1067  1081  
1080  1066  1081  
1066  1080  1276  
1263  1067  1277  
1067  1263  1264  
1068  1067  1264  
1067  1068  1082  
1081  1067  1082  
1067  1081  1277  
1264  1068  1278  
1068  1264  1265  
1069  1068  1265  
1068  1069  1083  
1082  1068  1083  
1068  1082  1278  
1265  1069  1279  
1069  1265  1266  
1070  1069  1266  
1069  1070  1084  
1083  1069  1084  
1069  1083  1279  
1266  1070  1280  
1070  1266  1267  
1071  1070  1267  
1070  1071  1085  
1084  1070  1085  
1070  1084  1280  
1267  1071  1281  
1071  1267  1268  
1072  1071  1268  
1071  1072  1086  
1085  1071  1086  
1071  1085  1281  
1268  1072  1282  
1072  1268  1269  
1073  1072  1269  
1072  1073  1087  
1086  1072  1087  
1072  1086  1282  
1269  1073  1283  
1073  1269  1270  
1074  1073  1270  
1073  1074  1088  
1087  1073  1088  
1073  1087  1283  
1270  1074  1284  
1074  1270  1271  
1075  1074  1271  
1074  1075  1089  
1088  1074  1089  
1074  1088  1284  
1271  1075  1285  
1075  1271  1272  
1076  1075  1272  
1075  1076  1090  
1089  1075  1090  
1075  1089  1285  
1272  1076  1286  
1076  1272  1273  
1077  1076  1273  
1076  1077  1091  
1090  1076  1091  
1076  1090  1286  
1273  1077  1287  
1077  1273  1274  
1078  1077  1274  
1077  1078  1092  
1091  1077  1092  
1077  1091  1287  
1275  1079  1289  
1079  1275  1276  
1080  1079  1276  
1079  1080  1094  
1093  1079  1094  
1079  1093  1289  
1276  1080  1290  
1080  1276  1277  
1081  1080  1277  
1080  1081  1095  
1094  1080  1095  
1080  1094  1290  
1277  1081  1291  
1081  1277  1278  
1082  1081  1278  
1081  1082  1096  
1095  1081  1096  
1081  1095  1291  
1278  1082  1292  
1082  1278  1279  
1083  1082  1279  
1082  1083  1097  
1096  1082  1097  
1082  1096  1292  
1279  1083  1293  
1083  1279  1280  
1084  1083  1280  
1083  1084  1098  
1097  1083  1098  
1083  1097  1293  
1280  1084  1294  
1084  1280  1281  
1085  1084  1281  
1084  1085  1099  
1098  1084  1099  
1084  1098  1294  
1281  1085  1295  
1085  1281  1282  
1086  1085  1282  
1085  1086  1100  
1099  1085  1100  
1085  1099  1295  
1282  1086  1296  
1086  1282  1283  
1087  1086  1283  
1086  1087  1101  
1100  1086  1101  
1086  1100  1296  
1283  1087  1297  
1087  1283  1284  
1088  1087  1284  
1087  1088  1102  
1101  1087  1102  
1087  1101  1297  
1284  1088  1298  
1088  1284  1285  
1089  1088  1285  
1088  1089  1103  
1102  1088  1103  
1088  1102  1298  
1285  1089  1299  
1089  1285  1286  
1090  1089  1286  
1089  1090  1104  
1103  1089  1104  
1089  1103  1299  
1286  1090  1300  
1090  1286  1287  
1091  1090  1287  
1090  1091  1105  
1104  1090  1105  
1090  1104  1300  
1287  1091  1301  
1091  1287  1288  
1092  1091  1288  
1091  1092  1106  
1105  1091  1106  
1091  1105  1301  
1289  1093  1303  
1093  1289  1290  
1094  1093  1290  
1093  1094  1108  
1107  1093  1108  
1093  1107  1303  
1290  1094  1304  
1094  1290  1291  
1095  1094  1291  
1094  1095  1109  
1108  1094  1109  
1094  1108  1304  
1291  1095  1305  
1095  1291  1292  
1096  1095  1292  
1095  1096  1110  
1109  1095  1110  
1095  1109  1305  
1292  1096  1306  
1096  1292  1293  
1097  1096  1293  
1096  1097  1111  
1110  1096  1111  
1096  1110  1306  
1293  1097  1307  
1097  1293  1294  
1098  1097  1294  
1097  1098  1112  
1111  1097  1112  
1097  1111  1307  
1294  1098  1308  
1098  1294  1295  
1099  1098  1295  
1098  1099  1113  
1112  1098  1113  
1098  1112  1308  
1295  1099  1309  
1099  1295  1296  
1100  1099  1296  
1099  1100  1114  
1113  1099  1114  
1099  1113  1309  
1296  1100  1310  
1100  1296  1297  
1101  1100  1297  
1100  1101  1115  
1114  1100  1115  
1100  1114  1310  
1297  1101  1311  
1101  1297  1298  
1102  1101  1298  
1101  1102  1116  
1115  1101  1116  
1101  1115  1311  
1298  1102  1312  
1102  1298  1299  
1103  1102  1299  
1102  1103  1117  
1116  1102  1117  
1102  1116  1312  
1299  1103  1313  
1103  1299  1300  
1104  1103  1300  
1103  1104  1118  
1117  1103  1118  
1103  1117  1313  
1300  1104  1314  
1104  1300  1301  
1105  1104  1301  
1104  1105  1119  
1118  1104  1119  
1104  1118  1314  
1301  1105  1315  
1105  1301  1302  
1106  1105  1302  
1105  1106  1120  
1119  1105  1120  
1105  1119  1315  
1303  1107  1317  
1107  1303  1304  
1108  1107  1304  
1107  1108  1122  
1121  1107  1122  
1107  1121  1317  
1304  1108  1318  
1108  1304  1305  
1109  1108  1305  
1108  1109  1123  
1122  1108  1123  
1108  1122  1318  
1305  1109  1319  
1109  1305  1306  
1110  1109  1306  
1109  1110  1124  
1123  1109  1124  
1109  1123  1319  
1306  1110  1320  
1110  1306  1307  
1111  1110  1307  
1110  1111  1125  
1124  1110  1125  
1110  1124  1320  
1307  1111  1321  
1111  1307  1308  
1112  1111  1308  
1111  1112  1126  
1125  1111  1126  
1111  1125  1321  
1308  1112  1322  
1112  1308  1309  
1113  1112  1309  
1112  1113  1127  
1126  1112  1127  
1112  1126  1322  
1309  1113  1323  
1113  1309  1310  
1114  1113  1310  
1113  1114  1128  
1127  1113  1128  
1113  1127  1323  
1310  1114  1324  
1114  1310  1311  
1115  1114  1311  
1114  1115  1129  
1128  1114  1129  
1114  1128  1324  
1311  1115  1325  
1115  1311  1312  
1116  1115  1312  
1115  1116  1130  
1129  1115  1130  
1115  1129  1325  
1312  1116  1326  
1116  1312  1313  
1117  1116  1313  
1116  1117  1131  
1130  1116  1131  
1116  1130  1326  
1313  1117  1327  
1117  1313  1314  
1118  1117  1314  
1117  1118  1132  
1131  1117  1132  
1117  1131  1327  
1314  1118  1328  
1118  1314  1315  
1119  1118  1315  
1118  1119  1133  
1132  1118  1133  
1118  1132  1328  
1315  1119  1329  
1119  1315  1316  
1120  1119  1316  
1119  1120  1134  
1133  1119  1134  
1119  1133  1329  
1317  1121  1331  
1121  1317  1318  
1122  1121  1318  
1121  1122  1136  
1135  1121  1136  
1121  1135  1331  
1318  1122  1332  
1122  1318  1319  
1123  1122  1319  
1122  1123  1137  
1136  1122  1137  
1122  1136  1332  
1319  1123  1333  
1123  1319  1320  
1124  1123  1320  
1123  1124  1138  
1137  1123  1138  
1123  1137  1333  
1320  1124  1334  
1124  1320  1321  
1125  1124  1321  
1124  1125  1139  
1138  1124  1139  
1124  1138  1334  
1321  1125  1335  
1125  1321  1322  
1126  1125  1322  
1125  1126  1140  
1139  1125  1140  
1125  1139  1335  
1322  1126  1336  
1126  1322  1323  
1127  1126  1323  
1126  1127  1141  
1140  1126  1141  
1126  1140  1336  
1323  1127  1337  
1127  1323  1324  
1128  1127  1324  
1127  1128  1142  
1141  1127  1142  
1127  1141  1337  
1324  1128  1338  
1128  1324  1325  
1129  1128  1325  
1128  1129  1143  
1142  1128  1143  
1128  1142  1338  
1325  1129  1339  
1129  1325  1326  
1130  1129  1326  
1129  1130  1144  
1143  1129  1144  
1129  1143  1339  
1326  1130  1340  
1130  1326  1327  
1131  1130  1327  
1130  1131  1145  
1144  1130  1145  
1130  1144  1340  
1327  1131  1341  
1131  1327  1328  
1132  1131  1328  
1131  1132  1146  
1145  1131  1146  
1131  1145  1341  
1328  1132  1342  
1132  1328  1329  
1133  1132  1329  
1132  1133  1147  
1146  1132  1147  
1132  1146  1342  
1329  1133  1343  
1133  1329  1330  
1134  1133  1330  
1133  1134  1148  
1147  1133  1148  
1133  1147  1343  
1331  1135  1345  
1135  1331  1332  
1136  1135  1332  
1135  1136  1150  
1149  1135  1150  
1135  1149  1345  
1332  1136  1346  
1136  1332  1333  
1137  1136  1333  
1136  1137  1151  
1150  1136  1151  
1136  1150  1346  
1333  1137  1347  
1137  1333  1334  
1138  1137  1334  
1137  1138  1152  
1151  1137  1152  
1137  1151  1347  
1334  1138  1348  
1138  1334  1335  
1139  1138  1335  
1138  1139  1153  
1152  1138  1153  
1138  1152  1348  
1335  1139  1349  
1139  1335  1336  
1140  1139  1336  
1139  1140  1154  
1153  1139  1154  
1139  1153  1349  
1336  1140  1350  
1140  1336  1337  
1141  1140  1337  
1140  1141  1155  
1154  1140  1155  
1140  1154  1350  
1337  1141  1351  
1141  1337  1338  
1142  1141  1338  
1141  1142  1156  
1155  1141  1156  
1141  1155  1351  
1338  1142  1352  
1142  1338  1339  
1143  1142  1339  
1142  1143  1157  
1156  1142  1157  
1142  1156  1352  
1339  1143  1353  
1143  1339  1340  
1144  1143  1340  
1143  1144  1158  
1157  1143  1158  
1143  1157  1353  
1340  1144  1354  
1144  1340  1341  
1145  1144  1341  
1144  1145  1159  
1158  1144  1159  
1144  1158  1354  
1341  1145  1355  
1145  1341  1342  
1146  1145  1342  
1145  1146  1160  
1159  1145  1160  
1145  1159  1355  
1342  1146  1356  
1146  1342  1343  
1147  1146  1343  
1146  1147  1161  
1160  1146  1161  
1146  1160  1356  
1343  1147  1357  
1147  1343  1344  
1148  1147  1344  
1147  1148  1162  
1161  1147  1162  
1147  1161  1357  
1345  1149  1359  
1149  1345  1346  
1150  1149  1346  
1149  1150  1164  
1163  1149  1164  
1149  1163  1359  
1346  1150  1360  
1150  1346  1347  
1151  1150  1347  
1150  1151  1165  
1164  1150  1165  
1150  1164  1360  
1347  1151  1361  
1151  1347  1348  
1152  1151  1348  
1151  1152  1166  
1165  1151  1166  
1151  1165  1361  
1348  1152  1362  
1152  1348  1349  
1153  1152  1349  
1152  1153  1167  
1166  1152  1167  
1152  1166  1362  
1349  1153  1363  
1153  1349  1350  
1154  1153  1350  
1153  1154  1168  
1167  1153  1168  
1153  1167  1363  
1350  1154  1364  
1154  1350  1351  
1155  1154  1351  
1154  1155  1169  
1168  1154  1169  
1154  1168  1364  
1351  1155  1365  
1155  1351  1352  
1156  1155  1352  
1155  1156  1170  
1169  1155  1170  
1155  1169  1365  
1352  1156  1366  
1156  1352  1353  
1157  1156  1353  
1156  1157  1171  
1170  1156  1171  
1156  1170  1366  
1353  1157  1367  
1157  1353  1354  
1158  1157  1354  
1157  1158  1172  
1171  1157  1172  
1157  1171  1367  
1354  1158  1368  
1158  1354  1355  
1159  1158  1355  
1158  1159  1173  
1172  1158  1173  
1158  1172  1368  
1355  1159  1369  
1159  1355  1356  
1160  1159  1356  
1159  1160  1174  
1173  1159  1174  
1159  1173  1369  
1356  1160  1370  
1160  1356  1357  
1161  1160  1357  
1160  1161  1175  
1174  1160  1175  
1160  1174  1370  
1357  1161  1371  
1161  1357  1358  
1162  1161  1358  
1161  1162  1176  
1175  1161  1176  
1161  1175  1371  
1373  1177  1387  
1177  1373  1374  
1178  1177  1374  
1177  1178  1192  
1191  1177  1192  
1177  1191  1387  
1374  1178  1388  
1178  1374  1375  
1179  1178  1375  
1178  1179  1193  
1192  1178  1193  
1178  1192  1388  
1375  1179  1389  
1179  1375  1376  
1180  1179  1376  
1179  1180  1194  
1193  1179  1194  
1179  1193  1389  
1376  1180  1390  
1180  1376  1377  
1181  1180  1377  
1180  1181  1195  
1194  1180  1195  
1180  1194  1390  
1377  1181  1391  
1181  1377  1378  
1182  1181  1378  
1181  1182  1196  
1195  1181  1196  
1181  1195  1391  
1378  1182  1392  
1182  1378  1379  
1183  1182  1379  
1182  1183  1197  
1196  1182  1197  
1182  1196  1392  
1379  1183  1393  
1183  1379  1380  
1184  1183  1380  
1183  1184  1198  
1197  1183  1198  
1183  1197  1393  
1380  1184  1394  
1184  1380  1381  
1185  1184  1381  
1184  1185  1199  
1198  1184  1199  
1184  1198  1394  
1381  1185  1395  
1185  1381  1382  
1186  1185  1382  
1185  1186  1200  
1199  1185  1200  
1185  1199  1395  
1382  1186  1396  
1186  1382  1383  
1187  1186  1383  
1186  1187  1201  
1200  1186  1201  
1186  1200  1396  
1383  1187  1397  
1187  1383  1384  
1188  1187  1384  
1187  1188  1202  
1201  1187  1202  
1187  1201  1397  
1384  1188  1398  
1188  1384  1385  
1189  1188  1385  
1188  1189  1203  
1202  1188  1203  
1188  1202  1398  
1385  1189  1399  
1189  1385  1386  
1190  1189  1386  
1189  1190  1204  
1203  1189  1204  
1189  1203  1399  
1387  1191  1401  
1191  1387  1388  
1192  1191  1388  
1191  1192  1206  
1205  1191  1206  
1191  1205  1401  
1388  1192  1402  
1192  1388  1389  
1193  1192  1389  
1192  1193  1207  
1206  1192  1207  
1192  1206  1402  
1389  1193  1403  
1193  1389  1390  
1194  1193  1390  
1193  1194  1208  
1207  1193  1208  
1193  1207  1403  
1390  1194  1404  
1194  1390  1391  
1195  1194  1391  
1194  1195  1209  
1208  1194  1209  
1194  1208  1404  
1391  1195  1405  
1195  1391  1392  
1196  1195  1392  
1195  1196  1210  
1209  1195  1210  
1195  1209  1405  
1392  1196  1406  
1196  1392  1393  
1197  1196  1393  
1196  1197  1211  
1210  1196  1211  
1196  1210  1406  
1393  1197  1407  
1197  1393  1394  
1198  1197  1394  
1197  1198  1212  
1211  1197  1212  
1197  1211  1407  
1394  1198  1408  
1198  1394  1395  
1199  1198  1395  
1198  1199  1213  
1212  1198  1213  
1198  1212  1408  
1395  1199  1409  
1199  1395  1396  
1200  1199  1396  
1199  1200  1214  
1213  1199  1214  
1199  1213  1409  
1396  1200  1410  
1200  1396  1397  
1201  1200  1397  
1200  1201  1215  
1214  1200  1215  
1200  1214  1410  
1397  1201  1411  
1201  1397  1398  
1202  1201  1398  
1201  1202  1216  
1215  1201  1216  
1201  1215  1411  
1398  1202  1412  
1202  1398  1399  
1203  1202  1399  
1202  1203  1217  
1216  1202  1217  
1202  1216  1412  
1399  1203  1413  
1203  1399  1400  
1204  1203  1400  
1203  1204  1218  
1217  1203  1218  
1203  1217  1413  
1401  1205  1415  
1205  1401  1402  
1206  1205  1402  
1205  1206  1220  
1219  1205  1220  
1205  1219  1415  
1402  1206  1416  
1206  1402  1403  
1207  1206  1403  
1206  1207  1221  
1220  1206  1221  
1206  1220  1416  
1403  1207  1417  
1207  1403  1404  
1208  1207  1404  
1207  1208  1222  
1221  1207  1222  
1207  1221  1417  
1404  1208  1418  
1208  1404  1405  
1209  1208  1405  
1208  1209  1223  
1222  1208  1223  
1208  1222  1418  
1405  1209  1419  
1209  1405  1406  
1210  1209  1406  
1209  1210  1224  
1223  1209  1224  
1209  1223  1419  
1406  1210  1420  
1210  1406  1407  
1211  1210  1407  
1210  1211  1225  
1224  1210  1225  
1210  1224  1420  
1407  1211  1421  
1211  1407  1408  
1212  1211  1408  
1211  1212  1226  
1225  1211  1226  
1211  1225  1421  
1408  1212  1422  
1212  1408  1409  
1213  1212  1409  
1212  1213  1227  
1226  1212  1227  
1212  1226  1422  
1409  1213  1423  
1213  1409  1410  
1214  1213  1410  
1213  1214  1228  
1227  1213  1228  
1213  1227  1423  
1410  1214  1424  
1214  1410  1411  
1215  1214  1411  
1214  1215  1229  
1228  1214  1229  
1214  1228  1424  
1411  1215  1425  
1215  1411  1412  
1216  1215  1412  
1215  1216  1230  
1229  1215  1230  
1215  1229  1425  
1412  1216  1426  
1216  1412  1413  
1217  1216  1413  
1216  1217  1231  
1230  1216  1231  
1216  1230  1426  
1413  1217  1427  
1217  1413  1414  
1218  1217  1414  
1217  1218  1232  
1231  1217  1232  
1217  1231  1427  
1415  1219  1429  
1219  1415  1416  
1220  1219  1416  
1219  1220  1234  
1233  1219  1234  
1219  1233  1429  
1416  1220  1430  
1220  1416  1417  
1221  1220  1417  
1220  1221  1235  
1234  1220  1235  
1220  1234  1430  
1417  1221  1431  
1221  1417  1418  
1222  1221  1418  
1221  1222  1236  
1235  1221  1236  
1221  1235  1431  
1418  1222  1432  
1222  1418  1419  
1223  1222  1419  
1222  1223  1237  
1236  1222  1237  
1222  1236  1432  
1419  1223  1433  
1223  1419  1420  
1224  1223  1420  
1223  1224  1238  
1237  1223  1238  
1223  1237  1433  
1420  1224  1434  
1224  1420  1421  
1225  1224  1421  
1224  1225  1239  
1238  1224  1239  
1224  1238  1434  
1421  1225  1435  
1225  1421  1422  
1226  1225  1422  
1225  1226  1240  
1239  1225  1240  
1225  1239  1435  
1422  1226  1436  
1226  1422  1423  
1227  1226  1423  
1226  1227  1241  
1240  1226  1241  
1226  1240  1436  
1423  1227  1437  
1227  1423  1424  
1228  1227  1424  
1227  1228  1242  
1241  1227  1242  
1227  1241  1437  
1424  1228  1438  
1228  1424  1425  
1229  1228  1425  
1228  1229  1243  
1242  1228  1243  
1228  1242  1438  
1425  1229  1439  
1229  1425  1426  
1230  1229  1426  
1229  1230  1244  
1243  1229  1244  
1229  1243  1439  
1426  1230  1440  
1230  1426  1427  
1231  1230  1427  
1230  1231  1245  
1244  1230  1245  
1230  1244  1440  
1427  1231  1441  
1231  1427  1428  
1232  1231  1428  
1231  1232  1246  
1245  1231  1246  
1231  1245  1441  
1429  1233  1443  
1233  1429  1430  
1234  1233  1430  
1233  1234  1248  
1247  1233  1248  
1233  1247  1443  
1430  1234  1444  
1234  1430  1431  
1235  1234  1431  
1234  1235  1249  
1248  1234  1249  
1234  1248  1444  
1431  1235  1445  
1235  1431  1432  
1236  1235  1432  
1235  1236  1250  
1249  1235  1250  
1235  1249  1445  
1432  1236  1446  
1236  1432  1433  
1237  1236  1433  
1236  1237  1251  
1250  1236  1251  
1236  1250  1446  
1433  1237  1447  
1237  1433  1434  
1238  1237  1434  
1237  1238  1252  
1251  1237  1252  
1237  1251  1447  
1434  1238  1448  
1238  1434  1435  
1239  1238  1435  
1238  1239  1253  
1252  1238  1253  
1238  1252  1448  
1435  1239  1449  
1239  1435  1436  
1240  1239  1436  
1239  1240  1254  
1253  1239  1254  
1239  1253  1449  
1436  1240  1450  
1240  1436  1437  
1241  1240  1437  
1240  1241  1255  
1254  1240  1255  
1240  1254  1450  
1437  1241  1451  
1241  1437  1438  
1242  1241  1438  
1241  1242  1256  
1255  1241  1256  
1241  1255  1451  
1438  1242  1452  
1242  1438  1439  
1243  1242  1439  
1242  1243  1257  
1256  1242  1257  
1242  1256  1452  
1439  1243  1453  
1243  1439  1440  
1244  1243  1440  
1243  1244  1258  
1257  1243  1258  
1243  1257  1453  
1440  1244  1454  
1244  1440  1441  
1245  1244  1441  
1244  1245  1259  
1258  1244  1259  
1244  1258  1454  
1441  1245  1455  
1245  1441  1442  
1246  1245  1442  
1245  1246  1260  
1259  1245  1260  
1245  1259  1455  
1443  1247  1457  
1247  1443  1444  
1248  1247  1444  
1247  1248  1262  
1261  1247  1262  
1247  1261  1457  
1444  1248  1458  
1248  1444  1445  
1249  1248  1445  
1248  1249  1263  
1262  1248  1263  
1248  1262  1458  
1445  1249  1459  
1249  1445  1446  
1250  1249  1446  
1249  1250  1264  
1263  1249  1264  
1249  1263  1459  
1446  1250  1460  
1250  1446  1447  
1251  1250  1447  
1250  1251  1265  
1264  1250  1265  
1250  1264  1460  
1447  1251  1461  
1251  1447  1448  
1252  1251  1448  
1251  1252  1266  
1265  1251  1266  
1251  1265  1461  
1448  1252  1462  
1252  1448  1449  
1253  1252  1449  
1252  1253  1267  
1266  1252  1267  
1252  1266  1462  
1449  1253  1463  
1253  1449  1450  
1254  1253  1450  
1253  1254  1268  
1267  1253  1268  
1253  1267  1463  
1450  1254  1464  
1254  1450  1451  
1255  1254  1451  
1254  1255  1269  
1268  1254  1269  
1254  1268  1464  
1451  1255  1465  
1255  1451  1452  
1256  1255  1452  
1255  1256  1270  
1269  1255  1270  
1255  1269  1465  
1452  1256  1466  
1256  1452  1453  
1257  1256  1453  
1256  1257  1271  
1270  1256  1271  
1256  1270  1466  
1453  1257  1467  
1257  1453  1454  
1258  1257  1454  
1257  1258  1272  
1271  1257  1272  
1257  1271  1467  
1454  1258  1468  
1258  1454  1455  
1259  1258  1455  
1258  1259  1273  
1272  1258  1273  
1258  1272  1468  
1455  1259  1469  
1259  1455  1456  
1260  1259  1456  
1259  1260  1274  
1273  1259  1274  
1259  1273  1469  
1457  1261  1471  
1261  1457  1458  
1262  1261  1458  
1261  1262  1276  
1275  1261  1276  
1261  1275  1471  
1458  1262  1472  
1262  1458  1459  
1263  1262  1459  
1262  1263  1277  
1276  1262  1277  
1262  1276  1472  
1459  1263  1473  
1263  1459  1460  
1264  1263  1460  
1263  1264  1278  
1277  1263  1278  
1263  1277  1473  
1460  1264  1474  
1264  1460  1461  
1265  1264  1461  
1264  1265  1279  
1278  1264  1279  
1264  1278  1474  
1461  1265  1475  
1265  1461  1462  
1266  1265  1462  
1265  1266  1280  
1279  1265  1280  
1265  1279  1475  
1462  1266  1476  
1266  1462  1463  
1267  1266  1463  
1266  1267  1281  
1280  1266  1281  
1266  1280  1476  
1463  1267  1477  
1267  1463  1464  
1268  1267  1464  
1267  1268  1282  
1281  1267  1282  
1267  1281  1477  
1464  1268  1478  
1268  1464  1465  
1269  1268  1465  
1268  1269  1283  
1282  1268  1283  
1268  1282  1478  
1465  1269  1479  
1269  1465  1466  
1270  1269  1466  
1269  1270  1284  
1283  1269  1284  
1269  1283  1479  
1466  1270  1480  
1270  1466  1467  
1271  1270  1467  
1270  1271  1285  
1284  1270  1285  
1270  1284  1480  
1467  1271  1481  
1271  1467  1468  
1272  1271  1468  
1271  1272  1286  
1285  1271  1286  
1271  1285  1481  
1468  1272  1482  
1272  1468  1469  
1273  1272  1469  
1272  1273  1287  
1286  1272  1287  
1272  1286  1482  
1469  1273  1483  
1273  1469  1470  
1274  1273  1470  
1273  1274  1288  
1287  1273  1288  
1273  1287  1483  
1471  1275  1485  
1275  1471  1472  
1276  1275  1472  
1275  1276  1290  
1289  1275  1290  
1275  1289  1485  
1472  1276  1486  
1276  1472  1473  
1277  1276  1473  
1276  1277  1291  
1290  1276  1291  
1276  1290  1486  
1473  1277  1487  
1277  1473  1474  
1278  1277  1474  
1277  1278  1292  
1291  1277  1292  
1277  1291  1487  
1474  1278  1488  
1278  1474  1475  
1279  1278  1475  
1278  1279  1293  
1292  1278  1293  
1278  1292  1488  
1475  1279  1489  
1279  1475  1476  
1280  1279  1476  
1279  1280  1294  
1293  1279  1294  
1279  1293  1489  
1476  1280  1490  
1280  1476  1477  
1281  1280  1477  
1280  1281  1295  
1294  1280  1295  
1280  1294  1490  
1477  1281  1491  
1281  1477  1478  
1282  1281  1478  
1281  1282  1296  
1295  1281  1296  
1281  1295  1491  
1478  1282  1492  
1282  1478  1479  
1283  1282  1479  
1282  1283  1297  
1296  1282  1297  
1282  1296  1492  
1479  1283  1493  
1283  1479  1480  
1284  1283  1480  
1283  1284  1298  
1297  1283  1298  
1283  1297  1493  
1480  1284  1494  
1284  1480  1481  
1285  1284  1481  
1284  1285  1299  
1298  1284  1299  
1284  1298  1494  
1481  1285  1495  
1285  1481  1482  
1286  1285  1482  
1285  1286  1300  
1299  1285  1300  
1285  1299  1495  
1482  1286  1496  
1286  1482  1483  
1287  1286  1483  
1286  1287  1301  
1300  1286  1301  
1286  1300  1496  
1483  1287  1497  
1287  1483  1484  
1288  1287  1484  
1287  1288  1302  
1301  1287  1302  
1287  1301  1497  
1485  1289  1499  
1289  1485  1486  
1290  1289  1486  
1289  1290  1304  
1303  1289  1304  
1289  1303  1499  
1486  1290  1500  
1290  1486  1487  
1291  1290  1487  
1290  1291  1305  
1304  1290  1305  
1290  1304  1500  
1487  1291  1501  
1291  1487  1488  
1292  1291  1488  
1291  1292  1306  
1305  1291  1306  
1291  1305  1501  
1488  1292  1502  
1292  1488  1489  
1293  1292  1489  
1292  1293  1307  
1306  1292  1307  
1292  1306  1502  
1489  1293  1503  
1293  1489  1490  
1294  1293  1490  
1293  1294  1308  
1307  1293  1308  
1293  1307  1503  
1490  1294  1504  
1294  1490  1491  
1295  1294  1491  
1294  1295  1309  
1308  1294  1309  
1294  1308  1504  
1491  1295  1505  
1295  1491  1492  
1296  1295  1492  
1295  1296  1310  
1309  1295  1310  
1295  1309  1505  
1492  1296  1506  
1296  1492  1493  
1297  1296  1493  
1296  1297  1311  
1310  1296  1311  
1296  1310  1506  
1493  1297  1507  
1297  1493  1494  
1298  1297  1494  
1297  1298  1312  
1311  1297  1312  
1297  1311  1507  
1494  1298  1508  
1298  1494  1495  
1299  1298  1495  
1298  1299  1313  
1312  1298  1313  
1298  1312  1508  
1495  1299  1509  
1299  1495  1496  
1300  1299  1496  
1299  1300  1314  
1313  1299  1314  
1299  1313  1509  
1496  1300  1510  
1300  1496  1497  
1301  1300  1497  
1300  1301  1315  
1314  1300  1315  
1300  1314  1510  
1497  1301  1511  
1301  1497  1498  
1302  1301  1498  
1301  1302  1316  
1315  1301  1316  
1301  1315  1511  
1499  1303  1513  
1303  1499  1500  
1304  1303  1500  
1303  1304  1318  
1317  1303  1318  
1303  1317  1513  
1500  1304  1514  
1304  1500  1501  
1305  1304  1501  
1304  1305  1319  
1318  1304  1319  
1304  1318  1514  
1501  1305  1515  
1305  1501  1502  
1306  1305  1502  
1305  1306  1320  
1319  1305  1320  
1305  1319  1515  
1502  1306  1516  
1306  1502  1503  
1307  1306  1503  
1306  1307  1321  
1320  1306  1321  
1306  1320  1516  
1503  1307  1517  
1307  1503  1504  
1308  1307  1504  
1307  1308  1322  
1321  1307  1322  
1307  1321  1517  
1504  1308  1518  
1308  1504  1505  
1309  1308  1505  
1308  1309  1323  
1322  1308  1323  
1308  1322  1518  
1505  1309  1519  
1309  1505  1506  
1310  1309  1506  
1309  1310  1324  
1323  1309  1324  
1309  1323  1519  
1506  1310  1520  
1310  1506  1507  
1311  1310  1507  
1310  1311  1325  
1324  1310  1325  
1310  1324  1520  
1507  1311  1521  
1311  1507  1508  
1312  1311  1508  
1311  1312  1326  
1325  1311  1326  
1311  1325  1521  
1508  1312  1522  
1312  1508  1509  
1313  1312  1509  
1312  1313  1327  
1326  1312  1327  
1312  1326  1522  
1509  1313  1523  
1313  1509  1510  
1314  1313  1510  
1313  1314  1328  
1327  1313  1328  
1313  1327  1523  
1510  1314  1524  
1314  1510  1511  
1315  1314  1511  
1314  1315  1329  
1328  1314  1329  
1314  1328  1524  
1511  1315  1525  
1315  1511  1512  
1316  1315  1512  
1315  1316  1330  
1329  1315  1330  
1315  1329  1525  
1513  1317  1527  
1317  1513  1514  
1318  1317  1514  
1317  1318  1332  
1331  1317  1332  
1317  1331  1527  
1514  1318  1528  
1318  1514  1515  
1319  1318  1515  
1318  1319  1333  
1332  1318  1333  
1318  1332  1528  
1515  1319  1529  
1319  1515  1516  
1320  1319  1516  
1319  1320  1334  
1333  1319  1334  
1319  1333  1529  
1516  1320  1530  
1320  1516  1517  
1321  1320  1517  
1320  1321  1335  
1334  1320  1335  
1320  1334  1530  
1517  1321  1531  
1321  1517  1518  
1322  1321  1518  
1321  1322  1336  
1335  1321  1336  
1321  1335  1531  
1518  1322  1532  
1322  1518  1519  
1323  1322  1519  
1322  1323  1337  
1336  1322  1337  
1322  1336  1532  
1519  1323  1533  
1323  1519  1520  
1324  1323  1520  
1323  1324  1338  
1337  1323  1338  
1323  1337  1533  
1520  1324  1534  
1324  1520  1521  
1325  1324  1521  
1324  1325  1339  
1338  1324  1339  
1324  1338  1534  
1521  1325  1535  
1325  1521  1522  
1326  1325  1522  
1325  1326  1340  
1339  1325  1340  
1325  1339  1535  
1522  1326  1536  
1326  1522  1523  
1327  1326  1523  
1326  1327  1341  
1340  1326  1341  
1326  1340  1536  
1523  1327  1537  
1327  1523  1524  
1328  1327  1524  
1327  1328  1342  
1341  1327  1342  
1327  1341  1537  
1524  1328  1538  
1328  1524  1525  
1329  1328  1525  
1328  1329  1343  
1342  1328  1343  
1328  1342  1538  
1525  1329  1539  
1329  1525  1526  
1330  1329  1526  
1329  1330  1344  
1343  1329  1344  
1329  1343  1539  
1527  1331  1541  
1331  1527  1528  
1332  1331  1528  
1331  1332  1346  
1345  1331  1346  
1331  1345  1541  
1528  1332  1542  
1332  1528  1529  
1333  1332  1529  
1332  1333  1347  
1346  1332  1347  
1332  1346  1542  
1529  1333  1543  
1333  1529  1530  
1334  1333  1530  
1333  1334  1348  
1347  1333  1348  
1333  1347  1543  
1530  1334  1544  
1334  1530  1531  
1335  1334  1531  
1334  1335  1349  
1348  1334  1349  
1334  1348  1544  
1531  1335  1545  
1335  1531  1532  
1336  1335  1532  
1335  1336  1350  
1349  1335  1350  
1335  1349  1545  
1532  1336  1546  
1336  1532  1533  
1337  1336  1533  
1336  1337  1351  
1350  1336  1351  
1336  1350  1546  
1533  1337  1547  
1337  1533  1534  
1338  1337  1534  
1337  1338  1352  
1351  1337  1352  
1337  1351  1547  
1534  1338  1548  
1338  1534  1535  
1339  1338  1535  
1338  1339  1353  
1352  1338  1353  
1338  1352  1548  
1535  1339  1549  
1339  1535  1536  
1340  1339  1536  
1339  1340  1354  
1353  1339  1354  
1339  1353  1549  
1536  1340  1550  
1340  1536  1537  
1341  1340  1537  
1340  1341  1355  
1354  1340  1355  
1340  1354  1550  
1537  1341  1551  
1341  1537  1538  
1342  1341  1538  
1341  1342  1356  
1355  1341  1356  
1341  1355  1551  
1538  1342  1552  
1342  1538  1539  
1343  1342  1539  
1342  1343  1357  
1356  1342  1357  
1342  1356  1552  
1539  1343  1553  
1343  1539  1540  
1344  1343  1540  
1343  1344  1358  
1357  1343  1358  
1343  1357  1553  
1541  1345  1555  
1345  1541  1542  
1346  1345  1542  
1345  1346  1360  
1359  1345  1360  
1345  1359  1555  
1542  1346  1556  
1346  1542  1543  
1347  1346  1543  
1346  1347  1361  
1360  1346  1361  
1346  1360  1556  
1543  1347  1557  
1347  1543  1544  
1348  1347  1544  
1347  1348  1362  
1361  1347  1362  
1347  1361  1557  
1544  1348  1558  
1348  1544  1545  
1349  1348  1545  
1348  1349  1363  
1362  1348  1363  
1348  1362  1558  
1545  1349  1559  
1349  1545  1546  
1350  1349  1546  
1349  1350  1364  
1363  1349  1364  
1349  1363  1559  
1546  1350  1560  
1350  1546  1547  
1351  1350  1547  
1350  1351  1365  
1364  1350  1365  
1350  1364  1560  
1547  1351  1561  
1351  1547  1548  
1352  1351  1548  
1351  1352  1366  
1365  1351  1366  
1351  1365  1561  
1548  1352  1562  
1352  1548  1549  
1353  1352  1549  
1352  1353  1367  
1366  1352  1367  
1352  1366  1562  
1549  1353  1563  
1353  1549  1550  
1354  1353  1550  
1353  1354  1368  
1367  1353  1368  
1353  1367  1563  
1550  1354  1564  
1354  1550  1551  
1355  1354  1551  
1354  1355  1369  
1368  1354  1369  
1354  1368  1564  
1551  1355  1565  
1355  1551  1552  
1356  1355  1552  
1355  1356  1370  
1369  1355  1370  
1355  1369  1565  
1552  1356  1566  
1356  1552  1553  
1357  1356  1553  
1356  1357  1371  
1370  1356  1371  
1356  1370  1566  
1553  1357  1567  
1357  1553  1554  
1358  1357  1554  
1357  1358  1372  
1371  1357  1372  
1357  1371  1567  
1569  1373  1583  
1373  1569  1570  
1374  1373  1570  
1373  1374  1388  
1387  1373  1388  
1373  1387  1583  
1570  1374  1584  
1374  1570  1571  
1375  1374  1571  
1374  1375  1389  
1388  1374  1389  
1374  1388  1584  
1571  1375  1585  
1375  1571  1572  
1376  1375  1572  
1375  1376  1390  
1389  1375  1390  
1375  1389  1585  
1572  1376  1586  
1376  1572  1573  
1377  1376  1573  
1376  1377  1391  
1390  1376  1391  
1376  1390  1586  
1573  1377  1587  
1377  1573  1574  
1378  1377  1574  
1377  1378  1392  
1391  1377  1392  
1377  1391  1587  
1574  1378  1588  
1378  1574  1575  
1379  1378  1575  
1378  1379  1393  
1392  1378  1393  
1378  1392  1588  
1575  1379  1589  
1379  1575  1576  
1380  1379  1576  
1379  1380  1394  
1393  1379  1394  
1379  1393  1589  
1576  1380  1590  
1380  1576  1577  
1381  1380  1577  
1380  1381  1395  
1394  1380  1395  
1380  1394  1590  
1577  1381  1591  
1381  1577  1578  
1382  1381  1578  
1381  1382  1396  
1395  1381  1396  
1381  1395  1591  
1578  1382  1592  
1382  1578  1579  
1383  1382  1579  
1382  1383  1397  
1396  1382  1397  
1382  1396  1592  
1579  1383  1593  
1383  1579  1580  
1384  1383  1580  
1383  1384  1398  
1397  1383  1398  
1383  1397  1593  
1580  1384  1594  
1384  1580  1581  
1385  1384  1581  
1384  1385  1399  
1398  1384  1399  
1384  1398  1594  
1581  1385  1595  
1385  1581  1582  
1386  1385  1582  
1385  1386  1400  
1399  1385  1400  
1385  1399  1595  
1583  1387  1597  
1387  1583  1584  
1388  1387  1584  
1387  1388  1402  
1401  1387  1402  
1387  1401  1597  
1584  1388  1598  
1388  1584  1585  
1389  1388  1585  
1388  1389  1403  
1402  1388  1403  
1388  1402  1598  
1585  1389  1599  
1389  1585  1586  
1390  1389  1586  
1389  1390  1404  
1403  1389  1404  
1389  1403  1599  
1586  1390  1600  
1390  1586  1587  
1391  1390  1587  
1390  1391  1405  
1404  1390  1405  
1390  1404  1600  
1587  1391  1601  
1391  1587  1588  
1392  1391  1588  
1391  1392  1406  
1405  1391  1406  
1391  1405  1601  
1588  1392  1602  
1392  1588  1589  
1393  1392  1589  
1392  1393  1407  
1406  1392  1407  
1392  1406  1602  
1589  1393  1603  
1393  1589  1590  
1394  1393  1590  
1393  1394  1408  
1407  1393  1408  
1393  1407  1603  
1590  1394  1604  
1394  1590  1591  
1395  1394  1591  
1394  1395  1409  
1408  1394  1409  
1394  1408  1604  
1591  1395  1605  
1395  1591  1592  
1396  1395  1592  
1395  1396  1410  
1409  1395  1410  
1395  1409  1605  
1592  1396  1606  
1396  1592  1593  
1397  1396  1593  
1396  1397  1411  
1410  1396  1411  
1396  1410  1606  
1593  1397  1607  
1397  1593  1594  
1398  1397  1594  
1397  1398  1412  
1411  1397  1412  
1397  1411  1607  
1594  1398  1608  
1398  1594  1595  
1399  1398  1595  
1398  1399  1413  
1412  1398  1413  
1398  1412  1608  
1595  1399  1609  
1399  1595  1596  
1400  1399  1596  
1399  1400  1414  
1413  1399  1414  
1399  1413  1609  
1597  1401  1611  
1401  1597  1598  
1402  1401  1598  
1401  1402  1416  
1415  1401  1416  
1401  1415  1611  
1598  1402  1612  
1402  1598  1599  
1403  1402  1599  
1402  1403  1417  
1416  1402  1417  
1402  1416  1612  
1599  1403  1613  
1403  1599  1600  
1404  1403  1600  
1403  1404  1418  
1417  1403  1418  
1403  1417  1613  
1600  1404  1614  
1404  1600  1601  
1405  1404  1601  
1404  1405  1419  
1418  1404  1419  
1404  1418  1614  
1601  1405  1615  
1405  1601  1602  
1406  1405  1602  
1405  1406  1420  
1419  1405  1420  
1405  1419  1615  
1602  1406  1616  
1406  1602  1603  
1407  1406  1603  
1406  1407  1421  
1420  1406  1421  
1406  1420  1616  
1603  1407  1617  
1407  1603  1604  
1408  1407  1604  
1407  1408  1422  
1421  1407  1422  
1407  1421  1617  
1604  1408  1618  
1408  1604  1605  
1409  1408  1605  
1408  1409  1423  
1422  1408  1423  
1408  1422  1618  
1605  1409  1619  
1409  1605  1606  
1410  1409  1606  
1409  1410  1424  
1423  1409  1424  
1409  1423  1619  
1606  1410  1620  
1410  1606  1607  
1411  1410  1607  
1410  1411  1425  
1424  1410  1425  
1410  1424  1620  
1607  1411  1621  
1411  1607  1608  
1412  1411  1608  
1411  1412  1426  
1425  1411  1426  
1411  1425  1621  
1608  1412  1622  
1412  1608  1609  
1413  1412  1609  
1412  1413  1427  
1426  1412  1427  
1412  1426  1622  
1609  1413  1623  
1413  1609  1610  
1414  1413  1610  
1413  1414  1428  
1427  1413  1428  
1413  1427  1623  
1611  1415  1625  
1415  1611  1612  
1416  1415  1612  
1415  1416  1430  
1429  1415  1430  
1415  1429  1625  
1612  1416  1626  
1416  1612  1613  
1417  1416  1613  
1416  1417  1431  
1430  1416  1431  
1416  1430  1626  
1613  1417  1627  
1417  1613  1614  
1418  1417  1614  
1417  1418  1432  
1431  1417  1432  
1417  1431  1627  
1614  1418  1628  
1418  1614  1615  
1419  1418  1615  
1418  1419  1433  
1432  1418  1433  
1418  1432  1628  
1615  1419  1629  
1419  1615  1616  
1420  1419  1616  
1419  1420  1434  
1433  1419  1434  
1419  1433  1629  
1616  1420  1630  
1420  1616  1617  
1421  1420  1617  
1420  1421  1435  
1434  1420  1435  
1420  1434  1630  
1617  1421  1631  
1421  1617  1618  
1422  1421  1618  
1421  1422  1436  
1435  1421  1436  
1421  1435  1631  
1618  1422  1632  
1422  1618  1619  
1423  1422  1619  
1422  1423  1437  
1436  1422  1437  
1422  1436  1632  
1619  1423  1633  
1423  1619  1620  
1424  1423  1620  
1423  1424  1438  
1437  1423  1438  
1423  1437  1633  
1620  1424  1634  
1424  1620  1621  
1425  1424  1621  
1424  1425  1439  
1438  1424  1439  
1424  1438  1634  
1621  1425  1635  
1425  1621  1622  
1426  1425  1622  
1425  1426  1440  
1439  1425  1440  
1425  1439  1635  
1622  1426  1636  
1426  1622  1623  
1427  1426  1623  
1426  1427  1441  
1440  1426  1441  
1426  1440  1636  
1623  1427  1637  
1427  1623  1624  
1428  1427  1624  
1427  1428  1442  
1441  1427  1442  
1427  1441  1637  
1625  1429  1639  
1429  1625  1626  
1430  1429  1626  
1429  1430  1444  
1443  1429  1444  
1429  1443  1639  
1626  1430  1640  
1430  1626  1627  
1431  1430  1627  
1430  1431  1445  
1444  1430  1445  
1430  1444  1640  
1627  1431  1641  
1431  1627  1628  
1432  1431  1628  
1431  1432  1446  
1445  1431  1446  
1431  1445  1641  
1628  1432  1642  
1432  1628  1629  
1433  1432  1629  
1432  1433  1447  
1446  1432  1447  
1432  1446  1642  
1629  1433  1643  
1433  1629  1630  
1434  1433  1630  
1433  1434  1448  
1447  1433  1448  
1433  1447  1643  
1630  1434  1644  
1434  1630  1631  
1435  1434  1631  
1434  1435  1449  
1448  1434  1449  
1434  1448  1644  
1631  1435  1645  
1435  1631  1632  
1436  1435  1632  
1435  1436  1450  
1449  1435  1450  
1435  1449  1645  
1632  1436  1646  
1436  1632  1633  
1437  1436  1633  
1436  1437  1451  
1450  1436  1451  
1436  1450  1646  
1633  1437  1647  
1437  1633  1634  
1438  1437  1634  
1437  1438  1452  
1451  1437  1452  
1437  1451  1647  
1634  1438  1648  
1438  1634  1635  
1439  1438  1635  
1438  1439  1453  
1452  1438  1453  
1438  1452  1648  
1635  1439  1649  
1439  1635  1636  
1440  1439  1636  
1439  1440  1454  
1453  1439  1454  
1439  1453  1649  
1636  1440  1650  
1440  1636  1637  
1441  1440  1637  
1440  1441  1455  
1454  1440  1455  
1440  1454  1650  
1637  1441  1651  
1441  1637  1638  
1442  1441  1638  
1441  1442  1456  
1455  1441  1456  
1441  1455  1651  
1639  1443  1653  
1443  1639  1640  
1444  1443  1640  
1443  1444  1458  
1457  1443  1458  
1443  1457  1653  
1640  1444  1654  
1444  1640  1641  
1445  1444  1641  
1444  1445  1459  
1458  1444  1459  
1444  1458  1654  
1641  1445  1655  
1445  1641  1642  
1446  1445  1642  
1445  1446  1460  
1459  1445  1460  
1445  1459  1655  
1642  1446  1656  
1446  1642  1643  
1447  1446  1643  
1446  1447  1461  
1460  1446  1461  
1446  1460  1656  
1643  1447  1657  
1447  1643  1644  
1448  1447  1644  
1447  1448  1462  
1461  1447  1462  
1447  1461  1657  
1644  1448  1658  
1448  1644  1645  
1449  1448  1645  
1448  1449  1463  
1462  1448  1463  
1448  1462  1658  
1645  1449  1659  
1449  1645  1646  
1450  1449  1646  
1449  1450  1464  
1463  1449  1464  
1449  1463  1659  
1646  1450  1660  
1450  1646  1647  
1451  1450  1647  
1450  1451  1465  
1464  1450  1465  
1450  1464  1660  
1647  1451  1661  
1451  1647  1648  
1452  1451  1648  
1451  1452  1466  
1465  1451  1466  
1451  1465  1661  
1648  1452  1662  
1452  1648  1649  
1453  1452  1649  
1452  1453  1467  
1466  1452  1467  
1452  1466  1662  
1649  1453  1663  
1453  1649  1650  
1454  1453  1650  
1453  1454  1468  
1467  1453  1468  
1453  1467  1663  
1650  1454  1664  
1454  1650  1651  
1455  1454  1651  
1454  1455  1469  
1468  1454  1469  
1454  1468  1664  
1651  1455  1665  
1455  1651  1652  
1456  1455  1652  
1455  1456  1470  
1469  1455  1470  
1455  1469  1665  
1653  1457  1667  
1457  1653  1654  
1458  1457  1654  
1457  1458  1472  
1471  1457  1472  
1457  1471  1667  
1654  1458  1668  
1458  1654  1655  
1459  1458  1655  
1458  1459  1473  
1472  1458  1473  
1458  1472  1668  
1655  1459  1669  
1459  1655  1656  
1460  1459  1656  
1459  1460  1474  
1473  1459  1474  
1459  1473  1669  
1656  1460  1670  
1460  1656  1657  
1461  1460  1657  
1460  1461  1475  
1474  1460  1475  
1460  1474  1670  
1657  1461  1671  
1461  1657  1658  
1462  1461  1658  
1461  1462  1476  
1475  1461  1476  
1461  1475  1671  
1658  1462  1672  
1462  1658  1659  
1463  1462  1659  
1462  1463  1477  
1476  1462  1477  
1462  1476  1672  
1659  1463  1673  
1463  1659  1660  
1464  1463  1660  
1463  1464  1478  
1477  1463  1478  
1463  1477  1673  
1660  1464  1674  
1464  1660  1661  
1465  1464  1661  
1464  1465  1479  
1478  1464  1479  
1464  1478  1674  
1661  1465  1675  
1465  1661  1662  
1466  1465  1662  
1465  1466  1480  
1479  1465  1480  
1465  1479  1675  
1662  1466  1676  
1466  1662  1663  
1467  1466  1663  
1466  1467  1481  
1480  1466  1481  
1466  1480  1676  
1663  1467  1677  
1467  1663  1664  
1468  1467  1664  
1467  1468  1482  
1481  1467  1482  
1467  1481  1677  
1664  1468  1678  
1468  1664  1665  
1469  1468  1665  
1468  1469  1483  
1482  1468  1483  
1468  1482  1678  
1665  1469  1679  
1469  1665  1666  
1470  1469  1666  
1469  1470  1484  
1483  1469  1484  
1469  1483  1679  
1667  1471  1681  
1471  1667  1668  
1472  1471  1668  
1471  1472  1486  
1485  1471  1486  
1471  1485  1681  
1668  1472  1682  
1472  1668  1669  
1473  1472  1669  
1472  1473  1487  
1486  1472  1487  
1472  1486  1682  
1669  1473  1683  
1473  1669  1670  
1474  1473  1670  
1473  1474  1488  
1487  1473  1488  
1473  1487  1683  
1670  1474  1684  
1474  1670  1671  
1475  1474  1671  
1474  1475  1489  
1488  1474  1489  
1474  1488  1684  
1671  1475  1685  
1475  1671  1672  
1476  1475  1672  
1475  1476  1490  
1489  1475  1490  
1475  1489  1685  
1672  1476  1686  
1476  1672  1673  
1477  1476  1673  
1476  1477  1491  
1490  1476  1491  
1476  1490  1686  
1673  1477  1687  
1477  1673  1674  
1478  1477  1674  
1477  1478  1492  
1491  1477  1492  
1477  1491  1687  
1674  1478  1688  
1478  1674  1675  
1479  1478  1675  
1478  1479  1493  
1492  1478  1493  
1478  1492  1688  
1675  1479  1689  
1479  1675  1676  
1480  1479  1676  
1479  1480  1494  
1493  1479  1494  
1479  1493  1689  
1676  1480  1690  
1480  1676  1677  
1481  1480  1677  
1480  1481  1495  
1494  1480  1495  
1480  1494  1690  
1677  1481  1691  
1481  1677  1678  
1482  1481  1678  
1481  1482  1496  
1495  1481  1496  
1481  1495  1691  
1678  1482  1692  
1482  1678  1679  
1483  1482  1679  
1482  1483  1497  
1496  1482  1497  
1482  1496  1692  
1679  1483  1693  
1483  1679  1680  
1484  1483  1680  
1483  1484  1498  
1497  1483  1498  
1483  1497  1693  
1681  1485  1695  
1485  1681  1682  
1486  1485  1682  
1485  1486  1500  
1499  1485  1500  
1485  1499  1695  
1682  1486  1696  
1486  1682  1683  
1487  1486  1683  
1486  1487  1501  
1500  1486  1501  
1486  1500  1696  
1683  1487  1697  
1487  1683  1684  
1488  1487  1684  
1487  1488  1502  
1501  1487  1502  
1487  1501  1697  
1684  1488  1698  
1488  1684  1685  
1489  1488  1685  
1488  1489  1503  
1502  1488  1503  
1488  1502  1698  
1685  1489  1699  
1489  1685  1686  
1490  1489  1686  
1489  1490  1504  
1503  1489  1504  
1489  1503  1699  
1686  1490  1700  
1490  1686  1687  
1491  1490  1687  
1490  1491  1505  
1504  1490  1505  
1490  1504  1700  
1687  1491  1701  
1491  1687  1688  
1492  1491  1688  
1491  1492  1506  
1505  1491  1506  
1491  1505  1701  
1688  1492  1702  
1492  1688  1689  
1493  1492  1689  
1492  1493  1507  
1506  1492  1507  
1492  1506  1702  
1689  1493  1703  
1493  1689  1690  
1494  1493  1690  
1493  1494  1508  
1507  1493  1508  
1493  1507  1703  
1690  1494  1704  
1494  1690  1691  
1495  1494  1691  
1494  1495  1509  
1508  1494  1509  
1494  1508  1704  
1691  1495  1705  
1495  1691  1692  
1496  1495  1692  
1495  1496  1510  
1509  1495  1510  
1495  1509  1705  
1692  1496  1706  
1496  1692  1693  
1497  1496  1693  
1496  1497  1511  
1510  1496  1511  
1496  1510  1706  
1693  1497  1707  
1497  1693  1694  
1498  1497  1694  
1497  1498  1512  
1511  1497  1512  
1497  1511  1707  
1695  1499  1709  
1499  1695  1696  
1500  1499  1696  
1499  1500  1514  
1513  1499  1514  
1499  1513  1709  
1696  1500  1710  
1500  1696  1697  
1501  1500  1697  
1500  1501  1515  
1514  1500  1515  
1500  1514  1710  
1697  1501  1711  
1501  1697  1698  
1502  1501  1698  
1501  1502  1516  
1515  1501  1516  
1501  1515  1711  
1698  1502  1712  
1502  1698  1699  
1503  1502  1699  
1502  1503  1517  
1516  1502  1517  
1502  1516  1712  
1699  1503  1713  
1503  1699  1700  
1504  1503  1700  
1503  1504  1518  
1517  1503  1518  
1503  1517  1713  
1700  1504  1714  
1504  1700  1701  
1505  1504  1701  
1504  1505  1519  
1518  1504  1519  
1504  1518  1714  
1701  1505  1715  
1505  1701  1702  
1506  1505  1702  
1505  1506  1520  
1519  1505  1520  
1505  1519  1715  
1702  1506  1716  
1506  1702  1703  
1507  1506  1703  
1506  1507  1521  
1520  1506  1521  
1506  1520  1716  
1703  1507  1717  
1507  1703  1704  
1508  1507  1704  
1507  1508  1522  
1521  1507  1522  
1507  1521  1717  
1704  1508  1718  
1508  1704  1705  
1509  1508  1705  
1508  1509  1523  
1522  1508  1523  
1508  1522  1718  
1705  1509  1719  
1509  1705  1706  
1510  1509  1706  
1509  1510  1524  
1523  1509  1524  
1509  1523  1719  
1706  1510  1720  
1510  1706  1707  
1511  1510  1707  
1510  1511  1525  
1524  1510  1525  
1510  1524  1720  
1707  1511  1721  
1511  1707  1708  
1512  1511  1708  
1511  1512  1526  
1525  1511  1526  
1511  1525  1721  
1709  1513  1723  
1513  1709  1710  
1514  1513  1710  
1513  1514  1528  
1527  1513  1528  
1513  1527  1723  
1710  1514  1724  
1514  1710  1711  
1515  1514  1711  
1514  1515  1529  
1528  1514  1529  
1514  1528  1724  
1711  1515  1725  
1515  1711  1712  
1516  1515  1712  
1515  1516  1530  
1529  1515  1530  
1515  1529  1725  
1712  1516  1726  
1516  1712  1713  
1517  1516  1713  
1516  1517  1531  
1530  1516  1531  
1516  1530  1726  
1713  1517  1727  
1517  1713  1714  
1518  1517  1714  
1517  1518  1532  
1531  1517  1532  
1517  1531  1727  
1714  1518  1728  
1518  1714  1715  
1519  1518  1715  
1518  1519  1533  
1532  1518  1533  
1518  1532  1728  
1715  1519  1729  
1519  1715  1716  
1520  1519  1716  
1519  1520  1534  
1533  1519  1534  
1519  1533  1729  
1716  1520  1730  
1520  1716  1717  
1521  1520  1717  
1520  1521  1535  
1534  1520  1535  
1520  1534  1730  
1717  1521  1731  
1521  1717  1718  
1522  1521  1718  
1521  1522  1536  
1535  1521  1536  
1521  1535  1731  
1718  1522  1732  
1522  1718  1719  
1523  1522  1719  
1522  1523  1537  
1536  1522  1537  
1522  1536  1732  
1719  1523  1733  
1523  1719  1720  
1524  1523  1720  
1523  1524  1538  
1537  1523  1538  
1523  1537  1733  
1720  1524  1734  
1524  1720  1721  
1525  1524  1721  
1524  1525  1539  
1538  1524  1539  
1524  1538  1734  
1721  1525  1735  
1525  1721  1722  
1526  1525  1722  
1525  1526  1540  
1539  1525  1540  
1525  1539  1735  
1723  1527  1737  
1527  1723  1724  
1528  1527  1724  
1527  1528  1542  
1541  1527  1542  
1527  1541  1737  
1724  1528  1738  
1528  1724  1725  
1529  1528  1725  
1528  1529  1543  
1542  1528  1543  
1528  1542  1738  
1725  1529  1739  
1529  1725  1726  
1530  1529  1726  
1529  1530  1544  
1543  1529  1544  
1529  1543  1739  
1726  1530  1740  
1530  1726  1727  
1531  1530  1727  
1530  1531  1545  
1544  1530  1545  
1530  1544  1740  
1727  1531  1741  
1531  1727  1728  
1532  1531  1728  
1531  1532  1546  
1545  1531  1546  
1531  1545  1741  
1728  1532  1742  
1532  1728  1729  
1533  1532  1729  
1532  1533  1547  
1546  1532  1547  
1532  1546  1742  
1729  1533  1743  
1533  1729  1730  
1534  1533  1730  
1533  1534  1548  
1547  1533  1548  
1533  1547  1743  
1730  1534  1744  
1534  1730  1731  
1535  1534  1731  
1534  1535  1549  
1548  1534  1549  
1534  1548  1744  
1731  1535  1745  
1535  1731  1732  
1536  1535  1732  
1535  1536  1550  
1549  1535  1550  
1535  1549  1745  
1732  1536  1746  
1536  1732  1733  
1537  1536  1733  
1536  1537  1551  
1550  1536  1551  
1536  1550  1746  
1733  1537  1747  
1537  1733  1734  
1538  1537  1734  
1537  1538  1552  
1551  1537  1552  
1537  1551  1747  
1734  1538  1748  
1538  1734  1735  
1539  1538  1735  
1538  1539  1553  
1552  1538  1553  
1538  1552  1748  
1735  1539  1749  
1539  1735  1736  
1540  1539  1736  
1539  1540  1554  
1553  1539  1554  
1539  1553  1749  
1737  1541  1751  
1541  1737  1738  
1542  1541  1738  
1541  1542  1556  
1555  1541  1556  
1541  1555  1751  
1738  1542  1752  
1542  1738  1739  
1543  1542  1739  
1542  1543  1557  
1556  1542  1557  
1542  1556  1752  
1739  1543  1753  
1543  1739  1740  
1544  1543  1740  
1543  1544  1558  
1557  1543  1558  
1543  1557  1753  
1740  1544  1754  
1544  1740  1741  
1545  1544  1741  
1544  1545  1559  
1558  1544  1559  
1544  1558  1754  
1741  1545  1755  
1545  1741  1742  
1546  1545  1742  
1545  1546  1560  
1559  1545  1560  
1545  1559  1755  
1742  1546  1756  
1546  1742  1743  
1547  1546  1743  
1546  1547  1561  
1560  1546  1561  
1546  1560  1756  
1743  1547  1757  
1547  1743  1744  
1548  1547  1744  
1547  1548  1562  
1561  1547  1562  
1547  1561  1757  
1744  1548  1758  
1548  1744  1745  
1549  1548  1745  
1548  1549  1563  
1562  1548  1563  
1548  1562  1758  
1745  1549  1759  
1549  1745  1746  
1550  1549  1746  
1549  1550  1564  
1563  1549  1564  
1549  1563  1759  
1746  1550  1760  
1550  1746  1747  
1551  1550  1747  
1550  1551  1565  
1564  1550  1565  
1550  1564  1760  
1747  1551  1761  
1551  1747  1748  
1552  1551  1748  
1551  1552  1566  
1565  1551  1566  
1551  1565  1761  
1748  1552  1762  
1552  1748  1749  
1553  1552  1749  
1552  1553  1567  
1566  1552  1567  
1552  1566  1762  
1749  1553  1763  
1553  1749  1750  
1554  1553  1750  
1553  1554  1568  
1567  1553  1568  
1553  1567  1763  
1765  1569  1779  
1569  1765  1766  
1570  1569  1766  
1569  1570  1584  
1583  1569  1584  
1569  1583  1779  
1766  1570  1780  
1570  1766  1767  
1571  1570  1767  
1570  1571  1585  
1584  1570  1585  
1570  1584  1780  
1767  1571  1781  
1571  1767  1768  
1572  1571  1768  
1571  1572  1586  
1585  1571  1586  
1571  1585  1781  
1768  1572  1782  
1572  1768  1769  
1573  1572  1769  
1572  1573  1587  
1586  1572  1587  
1572  1586  1782  
1769  1573  1783  
1573  1769  1770  
1574  1573  1770  
1573  1574  1588  
1587  1573  1588  
1573  1587  1783  
1770  1574  1784  
1574  1770  1771  
1575  1574  1771  
1574  1575  1589  
1588  1574  1589  
1574  1588  1784  
1771  1575  1785  
1575  1771  1772  
1576  1575  1772  
1575  1576  1590  
1589  1575  1590  
1575  1589  1785  
1772  1576  1786  
1576  1772  1773  
1577  1576  1773  
1576  1577  1591  
1590  1576  1591  
1576  1590  1786  
1773  1577  1787  
1577  1773  1774  
1578  1577  1774  
1577  1578  1592  
1591  1577  1592  
1577  1591  1787  
1774  1578  1788  
1578  1774  1775  
1579  1578  1775  
1578  1579  1593  
1592  1578  1593  
1578  1592  1788  
1775  1579  1789  
1579  1775  1776  
1580  1579  1776  
1579  1580  1594  
1593  1579  1594  
1579  1593  1789  
1776  1580  1790  
1580  1776  1777  
1581  1580  1777  
1580  1581  1595  
1594  1580  1595  
1580  1594  1790  
1777  1581  1791  
1581  1777  1778  
1582  1581  1778  
1581  1582  1596  
1595  1581  1596  
1581  1595  1791  
1779  1583  1793  
1583  1779  1780  
1584  1583  1780  
1583  1584  1598  
1597  1583  1598  
1583  1597  1793  
1780  1584  1794  
1584  1780  1781  
1585  1584  1781  
1584  1585  1599  
1598  1584  1599  
1584  1598  1794  
1781  1585  1795  
1585  1781  1782  
1586  1585  1782  
1585  1586  1600  
1599  1585  1600  
1585  1599  1795  
1782  1586  1796  
1586  1782  1783  
1587  1586  1783  
1586  1587  1601  
1600  1586  1601  
1586  1600  1796  
1783  1587  1797  
1587  1783  1784  
1588  1587  1784  
1587  1588  1602  
1601  1587  1602  
1587  1601  1797  
1784  1588  1798  
1588  1784  1785  
1589  1588  1785  
1588  1589  1603  
1602  1588  1603  
1588  1602  1798  
1785  1589  1799  
1589  1785  1786  
1590  1589  1786  
1589  1590  1604  
1603  1589  1604  
1589  1603  1799  
1786  1590  1800  
1590  1786  1787  
1591  1590  1787  
1590  1591  1605  
1604  1590  1605  
1590  1604  1800  
1787  1591  1801  
1591  1787  1788  
1592  1591  1788  
1591  1592  1606  
1605  1591  1606  
1591  1605  1801  
1788  1592  1802  
1592  1788  1789  
1593  1592  1789  
1592  1593  1607  
1606  1592  1607  
1592  1606  1802  
1789  1593  1803  
1593  1789  1790  
1594  1593  1790  
1593  1594  1608  
1607  1593  1608  
1593  1607  1803  
1790  1594  1804  
1594  1790  1791  
1595  1594  1791  
1594  1595  1609  
1608  1594  1609  
1594  1608  1804  
1791  1595  1805  
1595  1791  1792  
1596  1595  1792  
1595  1596  1610  
1609  1595  1610  
1595  1609  1805  
1793  1597  1807  
1597  1793  1794  
1598  1597  1794  
1597  1598  1612  
1611  1597  1612  
1597  1611  1807  
1794  1598  1808  
1598  1794  1795  
1599  1598  1795  
1598  1599  1613  
1612  1598  1613  
1598  1612  1808  
1795  1599  1809  
1599  1795  1796  
1600  1599  1796  
1599  1600  1614  
1613  1599  1614  
1599  1613  1809  
1796  1600  1810  
1600  1796  1797  
1601  1600  1797  
1600  1601  1615  
1614  1600  1615  
1600  1614  1810  
1797  1601  1811  
1601  1797  1798  
1602  1601  1798  
1601  1602  1616  
1615  1601  1616  
1601  1615  1811  
1798  1602  1812  
1602  1798  1799  
1603  1602  1799  
1602  1603  1617  
1616  1602  1617  
1602  1616  1812  
1799  1603  1813  
1603  1799  1800  
1604  1603  1800  
1603  1604  1618  
1617  1603  1618  
1603  1617  1813  
1800  1604  1814  
1604  1800  1801  
1605  1604  1801  
1604  1605  1619  
1618  1604  1619  
1604  1618  1814  
1801  1605  1815  
1605  1801  1802  
1606  1605  1802  
1605  1606  1620  
1619  1605  1620  
1605  1619  1815  
1802  1606  1816  
1606  1802  1803  
1607  1606  1803  
1606  1607  1621  
1620  1606  1621  
1606  1620  1816  
1803  1607  1817  
1607  1803  1804  
1608  1607  1804  
1607  1608  1622  
1621  1607  1622  
1607  1621  1817  
1804  1608  1818  
1608  1804  1805  
1609  1608  1805  
1608  1609  1623  
1622  1608  1623  
1608  1622  1818  
1805  1609  1819  
1609  1805  1806  
1610  1609  1806  
1609  1610  1624  
1623  1609  1624  
1609  1623  1819  
1807  1611  1821  
1611  1807  1808  
1612  1611  1808  
1611  1612  1626  
1625  1611  1626  
1611  1625  1821  
1808  1612  1822  
1612  1808  1809  
1613  1612  1809  
1612  1613  1627  
1626  1612  1627  
1612  1626  1822  
1809  1613  1823  
1613  1809  1810  
1614  1613  1810  
1613  1614  1628  
1627  1613  1628  
1613  1627  1823  
1810  1614  1824  
1614  1810  1811  
1615  1614  1811  
1614  1615  1629  
1628  1614  1629  
1614  1628  1824  
1811  1615  1825  
1615  1811  1812  
1616  1615  1812  
1615  1616  1630  
1629  1615  1630  
1615  1629  1825  
1812  1616  1826  
1616  1812  1813  
1617  1616  1813  
1616  1617  1631  
1630  1616  1631  
1616  1630  1826  
1813  1617  1827  
1617  1813  1814  
1618  1617  1814  
1617  1618  1632  
1631  1617  1632  
1617  1631  1827  
1814  1618  1828  
1618  1814  1815  
1619  1618  1815  
1618  1619  1633  
1632  1618  1633  
1618  1632  1828  
1815  1619  1829  
1619  1815  1816  
1620  1619  1816  
1619  1620  1634  
1633  1619  1634  
1619  1633  1829  
1816  1620  1830  
1620  1816  1817  
1621  1620  1817  
1620  1621  1635  
1634  1620  1635  
1620  1634  1830  
1817  1621  1831  
1621  1817  1818  
1622  1621  1818  
1621  1622  1636  
1635  1621  1636  
1621  1635  1831  
1818  1622  1832  
1622  1818  1819  
1623  1622  1819  
1622  1623  1637  
1636  1622  1637  
1622  1636  1832  
1819  1623  1833  
1623  1819  1820  
1624  1623  1820  
1623  1624  1638  
1637  1623  1638  
1623  1637  1833  
1821  1625  1835  
1625  1821  1822  
1626  1625  1822  
1625  1626  1640  
1639  1625  1640  
1625  1639  1835  
1822  1626  1836  
1626  1822  1823  
1627  1626  1823  
1626  1627  1641  
1640  1626  1641  
1626  1640  1836  
1823  1627  1837  
1627  1823  1824  
1628  1627  1824  
1627  1628  1642  
1641  1627  1642  
1627  1641  1837  
1824  1628  1838  
1628  1824  1825  
1629  1628  1825  
1628  1629  1643  
1642  1628  1643  
1628  1642  1838  
1825  1629  1839  
1629  1825  1826  
1630  1629  1826  
1629  1630  1644  
1643  1629  1644  
1629  1643  1839  
1826  1630  1840  
1630  1826  1827  
1631  1630  1827  
1630  1631  1645  
1644  1630  1645  
1630  1644  1840  
1827  1631  1841  
1631  1827  1828  
1632  1631  1828  
1631  1632  1646  
1645  1631  1646  
1631  1645  1841  
1828  1632  1842  
1632  1828  1829  
1633  1632  1829  
1632  1633  1647  
1646  1632  1647  
1632  1646  1842  
1829  1633  1843  
1633  1829  1830  
1634  1633  1830  
1633  1634  1648  
1647  1633  1648  
1633  1647  1843  
1830  1634  1844  
1634  1830  1831  
1635  1634  1831  
1634  1635  1649  
1648  1634  1649  
1634  1648  1844  
1831  1635  1845  
1635  1831  1832  
1636  1635  1832  
1635  1636  1650  
1649  1635  1650  
1635  1649  1845  
1832  1636  1846  
1636  1832  1833  
1637  1636  1833  
1636  1637  1651  
1650  1636  1651  
1636  1650  1846  
1833  1637  1847  
1637  1833  1834  
1638  1637  1834  
1637  1638  1652  
1651  1637  1652  
1637  1651  1847  
1835  1639  1849  
1639  1835  1836  
1640  1639  1836  
1639  1640  1654  
1653  1639  1654  
1639  1653  1849  
1836  1640  1850  
1640  1836  1837  
1641  1640  1837  
1640  1641  1655  
1654  1640  1655  
1640  1654  1850  
1837  1641  1851  
1641  1837  1838  
1642  1641  1838  
1641  1642  1656  
1655  1641  1656  
1641  1655  1851  
1838  1642  1852  
1642  1838  1839  
1643  1642  1839  
1642  1643  1657  
1656  1642  1657  
1642  1656  1852  
1839  1643  1853  
1643  1839  1840  
1644  1643  1840  
1643  1644  1658  
1657  1643  1658  
1643  1657  1853  
1840  1644  1854  
1644  1840  1841  
1645  1644  1841  
1644  1645  1659  
1658  1644  1659  
1644  1658  1854  
1841  1645  1855  
1645  1841  1842  
1646  1645  1842  
1645  1646  1660  
1659  1645  1660  
1645  1659  1855  
1842  1646  1856  
1646  1842  1843  
1647  1646  1843  
1646  1647  1661  
1660  1646  1661  
1646  1660  1856  
1843  1647  1857  
1647  1843  1844  
1648  1647  1844  
1647  1648  1662  
1661  1647  1662  
1647  1661  1857  
1844  1648  1858  
1648  1844  1845  
1649  1648  1845  
1648  1649  1663  
1662  1648  1663  
1648  1662  1858  
1845  1649  1859  
1649  1845  1846  
1650  1649  1846  
1649  1650  1664  
1663  1649  1664  
1649  1663  1859  
1846  1650  1860  
1650  1846  1847  
1651  1650  1847  
1650  1651  1665  
1664  1650  1665  
1650  1664  1860  
1847  1651  1861  
1651  1847  1848  
1652  1651  1848  
1651  1652  1666  
1665  1651  1666  
1651  1665  1861  
1849  1653  1863  
1653  1849  1850  
1654  1653  1850  
1653  1654  1668  
1667  1653  1668  
1653  1667  1863  
1850  1654  1864  
1654  1850  1851  
1655  1654  1851  
1654  1655  1669  
1668  1654  1669  
1654  1668  1864  
1851  1655  1865  
1655  1851  1852  
1656  1655  1852  
1655  1656  1670  
1669  1655  1670  
1655  1669  1865  
1852  1656  1866  
1656  1852  1853  
1657  1656  1853  
1656  1657  1671  
1670  1656  1671  
1656  1670  1866  
1853  1657  1867  
1657  1853  1854  
1658  1657  1854  
1657  1658  1672  
1671  1657  1672  
1657  1671  1867  
1854  1658  1868  
1658  1854  1855  
1659  1658  1855  
1658  1659  1673  
1672  1658  1673  
1658  1672  1868  
1855  1659  1869  
1659  1855  1856  
1660  1659  1856  
1659  1660  1674  
1673  1659  1674  
1659  1673  1869  
1856  1660  1870  
1660  1856  1857  
1661  1660  1857  
1660  1661  1675  
1674  1660  1675  
1660  1674  1870  
1857  1661  1871  
1661  1857  1858  
1662  1661  1858  
1661  1662  1676  
1675  1661  1676  
1661  1675  1871  
1858  1662  1872  
1662  1858  1859  
1663  1662  1859  
1662  1663  1677  
1676  1662  1677  
1662  1676  1872  
1859  1663  1873  
1663  1859  1860  
1664  1663  1860  
1663  1664  1678  
1677  1663  1678  
1663  1677  1873  
1860  1664  1874  
1664  1860  1861  
1665  1664  1861  
1664  1665  1679  
1678  1664  1679  
1664  1678  1874  
1861  1665  1875  
1665  1861  1862  
1666  1665  1862  
1665  1666  1680  
1679  1665  1680  
1665  1679  1875  
1863  1667  1877  
1667  1863  1864  
1668  1667  1864  
1667  1668  1682  
1681  1667  1682  
1667  1681  1877  
1864  1668  1878  
1668  1864  1865  
1669  1668  1865  
1668  1669  1683  
1682  1668  1683  
1668  1682  1878  
1865  1669  1879  
1669  1865  1866  
1670  1669  1866  
1669  1670  1684  
1683  1669  1684  
1669  1683  1879  
1866  1670  1880  
1670  1866  1867  
1671  1670  1867  
1670  1671  1685  
1684  1670  1685  
1670  1684  1880  
1867  1671  1881  
1671  1867  1868  
1672  1671  1868  
1671  1672  1686  
1685  1671  1686  
1671  1685  1881  
1868  1672  1882  
1672  1868  1869  
1673  1672  1869  
1672  1673  1687  
1686  1672  1687  
1672  1686  1882  
1869  1673  1883  
1673  1869  1870  
1674  1673  1870  
1673  1674  1688  
1687  1673  1688  
1673  1687  1883  
1870  1674  1884  
1674  1870  1871  
1675  1674  1871  
1674  1675  1689  
1688  1674  1689  
1674  1688  1884  
1871  1675  1885  
1675  1871  1872  
1676  1675  1872  
1675  1676  1690  
1689  1675  1690  
1675  1689  1885  
1872  1676  1886  
1676  1872  1873  
1677  1676  1873  
1676  1677  1691  
1690  1676  1691  
1676  1690  1886  
1873  1677  1887  
1677  1873  1874  
1678  1677  1874  
1677  1678  1692  
1691  1677  1692  
1677  1691  1887  
1874  1678  1888  
1678  1874  1875  
1679  1678  1875  
1678  1679  1693  
1692  1678  1693  
1678  1692  1888  
1875  1679  1889  
1679  1875  1876  
1680  1679  1876  
1679  1680  1694  
1693  1679  1694  
1679  1693  1889  
1877  1681  1891  
1681  1877  1878  
1682  1681  1878  
1681  1682  1696  
1695  1681  1696  
1681  1695  1891  
1878  1682  1892  
1682  1878  1879  
1683  1682  1879  
1682  1683  1697  
1696  1682  1697  
1682  1696  1892  
1879  1683  1893  
1683  1879  1880  
1684  1683  1880  
1683  1684  1698  
1697  1683  1698  
1683  1697  1893  
1880  1684  1894  
1684  1880  1881  
1685  1684  1881  
1684  1685  1699  
1698  1684  1699  
1684  1698  1894  
1881  1685  1895  
1685  1881  1882  
1686  1685  1882  
1685  1686  1700  
1699  1685  1700  
1685  1699  1895  
1882  1686  1896  
1686  1882  1883  
1687  1686  1883  
1686  1687  1701  
1700  1686  1701  
1686  1700  1896  
1883  1687  1897  
1687  1883  1884  
1688  1687  1884  
1687  1688  1702  
1701  1687  1702  
1687  1701  1897  
1884  1688  1898  
1688  1884  1885  
1689  1688  1885  
1688  1689  1703  
1702  1688  1703  
1688  1702  1898  
1885  1689  1899  
1689  1885  1886  
1690  1689  1886  
1689  1690  1704  
1703  1689  1704  
1689  1703  1899  
1886  1690  1900  
1690  1886  1887  
1691  1690  1887  
1690  1691  1705  
1704  1690  1705  
1690  1704  1900  
1887  1691  1901  
1691  1887  1888  
1692  1691  1888  
1691  1692  1706  
1705  1691  1706  
1691  1705  1901  
1888  1692  1902  
1692  1888  1889  
1693  1692  1889  
1692  1693  1707  
1706  1692  1707  
1692  1706  1902  
1889  1693  1903  
1693  1889  1890  
1694  1693  1890  
1693  1694  1708  
1707  1693  1708  
1693  1707  1903  
1891  1695  1905  
1695  1891  1892  
1696  1695  1892  
1695  1696  1710  
1709  1695  1710  
1695  1709  1905  
1892  1696  1906  
1696  1892  1893  
1697  1696  1893  
1696  1697  1711  
1710  1696  1711  
1696  1710  1906  
1893  1697  1907  
1697  1893  1894  
1698  1697  1894  
1697  1698  1712  
1711  1697  1712  
1697  1711  1907  
1894  1698  1908  
1698  1894  1895  
1699  1698  1895  
1698  1699  1713  
1712  1698  1713  
1698  1712  1908  
1895  1699  1909  
1699  1895  1896  
1700  1699  1896  
1699  1700  1714  
1713  1699  1714  
1699  1713  1909  
1896  1700  1910  
1700  1896  1897  
1701  1700  1897  
1700  1701  1715  
1714  1700  1715  
1700  1714  1910  
1897  1701  1911  
1701  1897  1898  
1702  1701  1898  
1701  1702  1716  
1715  1701  1716  
1701  1715  1911  
1898  1702  1912  
1702  1898  1899  
1703  1702  1899  
1702  1703  1717  
1716  1702  1717  
1702  1716  1912  
1899  1703  1913  
1703  1899  1900  
1704  1703  1900  
1703  1704  1718  
1717  1703  1718  
1703  1717  1913  
1900  1704  1914  
1704  1900  1901  
1705  1704  1901  
1704  1705  1719  
1718  1704  1719  
1704  1718  1914  
1901  1705  1915  
1705  1901  1902  
1706  1705  1902  
1705  1706  1720  
1719  1705  1720  
1705  1719  1915  
1902  1706  1916  
1706  1902  1903  
1707  1706  1903  
1706  1707  1721  
1720  1706  1721  
1706  1720  1916  
1903  1707  1917  
1707  1903  1904  
1708  1707  1904  
1707  1708  1722  
1721  1707  1722  
1707  1721  1917  
1905  1709  1919  
1709  1905  1906  
1710  1709  1906  
1709  1710  1724  
1723  1709  1724  
1709  1723  1919  
1906  1710  1920  
1710  1906  1907  
1711  1710  1907  
1710  1711  1725  
1724  1710  1725  
1710  1724  1920  
1907  1711  1921  
1711  1907  1908  
1712  1711  1908  
1711  1712  1726  
1725  1711  1726  
1711  1725  1921  
1908  1712  1922  
1712  1908  1909  
1713  1712  1909  
1712  1713  1727  
1726  1712  1727  
1712  1726  1922  
1909  1713  1923  
1713  1909  1910  
1714  1713  1910  
1713  1714  1728  
1727  1713  1728  
1713  1727  1923  
1910  1714  1924  
1714  1910  1911  
1715  1714  1911  
1714  1715  1729  
1728  1714  1729  
1714  1728  1924  
1911  1715  1925  
1715  1911  1912  
1716  1715  1912  
1715  1716  1730  
1729  1715  1730  
1715  1729  1925  
1912  1716  1926  
1716  1912  1913  
1717  1716  1913  
1716  1717  1731  
1730  1716  1731  
1716  1730  1926  
1913  1717  1927  
1717  1913  1914  
1718  1717  1914  
1717  1718  1732  
1731  1717  1732  
1717  1731  1927  
1914  1718  1928  
1718  1914  1915  
1719  1718  1915  
1718  1719  1733  
1732  1718  1733  
1718  1732  1928  
1915  1719  1929  
1719  1915  1916  
1720  1719  1916  
1719  1720  1734  
1733  1719  1734  
1719  1733  1929  
1916  1720  1930  
1720  1916  1917  
1721  1720  1917  
1720  1721  1735  
1734  1720  1735  
1720  1734  1930  
1917  1721  1931  
1721  1917  1918  
1722  1721  1918  
1721  1722  1736  
1735  1721  1736  
1721  1735  1931  
1919  1723  1933  
1723  1919  1920  
1724  1723  1920  
1723  1724  1738  
1737  1723  1738  
1723  1737  1933  
1920  1724  1934  
1724  1920  1921  
1725  1724  1921  
1724  1725  1739  
1738  1724  1739  
1724  1738  1934  
1921  1725  1935  
1725  1921  1922  
1726  1725  1922  
1725  1726  1740  
1739  1725  1740  
1725  1739  1935  
1922  1726  1936  
1726  1922  1923  
1727  1726  1923  
1726  1727  1741  
1740  1726  1741  
1726  1740  1936  
1923  1727  1937  
1727  1923  1924  
1728  1727  1924  
1727  1728  1742  
1741  1727  1742  
1727  1741  1937  
1924  1728  1938  
1728  1924  1925  
1729  1728  1925  
1728  1729  1743  
1742  1728  1743  
1728  1742  1938  
1925  1729  1939  
1729  1925  1926  
1730  1729  1926  
1729  1730  1744  
1743  1729  1744  
1729  1743  1939  
1926  1730  1940  
1730  1926  1927  
1731  1730  1927  
1730  1731  1745  
1744  1730  1745  
1730  1744  1940  
1927  1731  1941  
1731  1927  1928  
1732  1731  1928  
1731  1732  1746  
1745  1731  1746  
1731  1745  1941  
1928  1732  1942  
1732  1928  1929  
1733  1732  1929  
1732  1733  1747  
1746  1732  1747  
1732  1746  1942  
1929  1733  1943  
1733  1929  1930  
1734  1733  1930  
1733  1734  1748  
1747  1733  1748  
1733  1747  1943  
1930  1734  1944  
1734  1930  1931  
1735  1734  1931  
1734  1735  1749  
1748  1734  1749  
1734  1748  1944  
1931  1735  1945  
1735  1931  1932  
1736  1735  1932  
1735  1736  1750  
1749  1735  1750  
1735  1749  1945  
1933  1737  1947  
1737  1933  1934  
1738  1737  1934  
1737  1738  1752  
1751  1737  1752  
1737  1751  1947  
1934  1738  1948  
1738  1934  1935  
1739  1738  1935  
1738  1739  1753  
1752  1738  1753  
1738  1752  1948  
1935  1739  1949  
1739  1935  1936  
1740  1739  1936  
1739  1740  1754  
1753  1739  1754  
1739  1753  1949  
1936  1740  1950  
1740  1936  1937  
1741  1740  1937  
1740  1741  1755  
1754  1740  1755  
1740  1754  1950  
1937  1741  1951  
1741  1937  1938  
1742  1741  1938  
1741  1742  1756  
1755  1741  1756  
1741  1755  1951  
1938  1742  1952  
1742  1938  1939  
1743  1742  1939  
1742  1743  1757  
1756  1742  1757  
1742  1756  1952  
1939  1743  1953  
1743  1939  1940  
1744  1743  1940  
1743  1744  1758  
1757  1743  1758  
1743  1757  1953  
1940  1744  1954  
1744  1940  1941  
1745  1744  1941  
1744  1745  1759  
1758  1744  1759  
1744  1758  1954  
1941  1745  1955  
1745  1941  1942  
1746  1745  1942  
1745  1746  1760  
1759  1745  1760  
1745  1759  1955  
1942  1746  1956  
1746  1942  1943  
1747  1746  1943  
1746  1747  1761  
1760  1746  1761  
1746  1760  1956  
1943  1747  1957  
1747  1943  1944  
1748  1747  1944  
1747  1748  1762  
1761  1747  1762  
1747  1761  1957  
1944  1748  1958  
1748  1944  1945  
1749  1748  1945  
1748  1749  1763  
1762  1748  1763  
1748  1762  1958  
1945  1749  1959  
1749  1945  1946  
1750  1749  1946  
1749  1750  1764  
1763  1749  1764  
1749  1763  1959  
1961  1765  1975  
1765  1961  1962  
1766  1765  1962  
1765  1766  1780  
1779  1765  1780  
1765  1779  1975  
1962  1766  1976  
1766  1962  1963  
1767  1766  1963  
1766  1767  1781  
1780  1766  1781  
1766  1780  1976  
1963  1767  1977  
1767  1963  1964  
1768  1767  1964  
1767  1768  1782  
1781  1767  1782  
1767  1781  1977  
1964  1768  1978  
1768  1964  1965  
1769  1768  1965  
1768  1769  1783  
1782  1768  1783  
1768  1782  1978  
1965  1769  1979  
1769  1965  1966  
1770  1769  1966  
1769  1770  1784  
1783  1769  1784  
1769  1783  1979  
1966  1770  1980  
1770  1966  1967  
1771  1770  1967  
1770  1771  1785  
1784  1770  1785  
1770  1784  1980  
1967  1771  1981  
1771  1967  1968  
1772  1771  1968  
1771  1772  1786  
1785  1771  1786  
1771  1785  1981  
1968  1772  1982  
1772  1968  1969  
1773  1772  1969  
1772  1773  1787  
1786  1772  1787  
1772  1786  1982  
1969  1773  1983  
1773  1969  1970  
1774  1773  1970  
1773  1774  1788  
1787  1773  1788  
1773  1787  1983  
1970  1774  1984  
1774  1970  1971  
1775  1774  1971  
1774  1775  1789  
1788  1774  1789  
1774  1788  1984  
1971  1775  1985  
1775  1971  1972  
1776  1775  1972  
1775  1776  1790  
1789  1775  1790  
1775  1789  1985  
1972  1776  1986  
1776  1972  1973  
1777  1776  1973  
1776  1777  1791  
1790  1776  1791  
1776  1790  1986  
1973  1777  1987  
1777  1973  1974  
1778  1777  1974  
1777  1778  1792  
1791  1777  1792  
1777  1791  1987  
1975  1779  1989  
1779  1975  1976  
1780  1779  1976  
1779  1780  1794  
1793  1779  1794  
1779  1793  1989  
1976  1780  1990  
1780  1976  1977  
1781  1780  1977  
1780  1781  1795  
1794  1780  1795  
1780  1794  1990  
1977  1781  1991  
1781  1977  1978  
1782  1781  1978  
1781  1782  1796  
1795  1781  1796  
1781  1795  1991  
1978  1782  1992  
1782  1978  1979  
1783  1782  1979  
1782  1783  1797  
1796  1782  1797  
1782  1796  1992  
1979  1783  1993  
1783  1979  1980  
1784  1783  1980  
1783  1784  1798  
1797  1783  1798  
1783  1797  1993  
1980  1784  1994  
1784  1980  1981  
1785  1784  1981  
1784  1785  1799  
1798  1784  1799  
1784  1798  1994  
1981  1785  1995  
1785  1981  1982  
1786  1785  1982  
1785  1786  1800  
1799  1785  1800  
1785  1799  1995  
1982  1786  1996  
1786  1982  1983  
1787  1786  1983  
1786  1787  1801  
1800  1786  1801  
1786  1800  1996  
1983  1787  1997  
1787  1983  1984  
1788  1787  1984  
1787  1788  1802  
1801  1787  1802  
1787  1801  1997  
1984  1788  1998  
1788  1984  1985  
1789  1788  1985  
1788  1789  1803  
1802  1788  1803  
1788  1802  1998  
1985  1789  1999  
1789  1985  1986  
1790  1789  1986  
1789  1790  1804  
1803  1789  1804  
1789  1803  1999  
1986  1790  2000  
1790  1986  1987  
1791  1790  1987  
1790  1791  1805  
1804  1790  1805  
1790  1804  2000  
1987  1791  2001  
1791  1987  1988  
1792  1791  1988  
1791  1792  1806  
1805  1791  1806  
1791  1805  2001  
1989  1793  2003  
1793  1989  1990  
1794  1793  1990  
1793  1794  1808  
1807  1793  1808  
1793  1807  2003  
1990  1794  2004  
1794  1990  1991  
1795  1794  1991  
1794  1795  1809  
1808  1794  1809  
1794  1808  2004  
1991  1795  2005  
1795  1991  1992  
1796  1795  1992  
1795  1796  1810  
1809  1795  1810  
1795  1809  2005  
1992  1796  2006  
1796  1992  1993  
1797  1796  1993  
1796  1797  1811  
1810  1796  1811  
1796  1810  2006  
1993  1797  2007  
1797  1993  1994  
1798  1797  1994  
1797  1798  1812  
1811  1797  1812  
1797  1811  2007  
1994  1798  2008  
1798  1994  1995  
1799  1798  1995  
1798  1799  1813  
1812  1798  1813  
1798  1812  2008  
1995  1799  2009  
1799  1995  1996  
1800  1799  1996  
1799  1800  1814  
1813  1799  1814  
1799  1813  2009  
1996  1800  2010  
1800  1996  1997  
1801  1800  1997  
1800  1801  1815  
1814  1800  1815  
1800  1814  2010  
1997  1801  2011  
1801  1997  1998  
1802  1801  1998  
1801  1802  1816  
1815  1801  1816  
1801  1815  2011  
1998  1802  2012  
1802  1998  1999  
1803  1802  1999  
1802  1803  1817  
1816  1802  1817  
1802  1816  2012  
1999  1803  2013  
1803  1999  2000  
1804  1803  2000  
1803  1804  1818  
1817  1803  1818  
1803  1817  2013  
2000  1804  2014  
1804  2000  2001  
1805  1804  2001  
1804  1805  1819  
1818  1804  1819  
1804  1818  2014  
2001  1805  2015  
1805  2001  2002  
1806  1805  2002  
1805  1806  1820  
1819  1805  1820  
1805  1819  2015  
2003  1807  2017  
1807  2003  2004  
1808  1807  2004  
1807  1808  1822  
1821  1807  1822  
1807  1821  2017  
2004  1808  2018  
1808  2004  2005  
1809  1808  2005  
1808  1809  1823  
1822  1808  1823  
1808  1822  2018  
2005  1809  2019  
1809  2005  2006  
1810  1809  2006  
1809  1810  1824  
1823  1809  1824  
1809  1823  2019  
2006  1810  2020  
1810  2006  2007  
1811  1810  2007  
1810  1811  1825  
1824  1810  1825  
1810  1824  2020  
2007  1811  2021  
1811  2007  2008  
1812  1811  2008  
1811  1812  1826  
1825  1811  1826  
1811  1825  2021  
2008  1812  2022  
1812  2008  2009  
1813  1812  2009  
1812  1813  1827  
1826  1812  1827  
1812  1826  2022  
2009  1813  2023  
1813  2009  2010  
1814  1813  2010  
1813  1814  1828  
1827  1813  1828  
1813  1827  2023  
2010  1814  2024  
1814  2010  2011  
1815  1814  2011  
1814  1815  1829  
1828  1814  1829  
1814  1828  2024  
2011  1815  2025  
1815  2011  2012  
1816  1815  2012  
1815  1816  1830  
1829  1815  1830  
1815  1829  2025  
2012  1816  2026  
1816  2012  2013  
1817  1816  2013  
1816  1817  1831  
1830  1816  1831  
1816  1830  2026  
2013  1817  2027  
1817  2013  2014  
1818  1817  2014  
1817  1818  1832  
1831  1817  1832  
1817  1831  2027  
2014  1818  2028  
1818  2014  2015  
1819  1818  2015  
1818  1819  1833  
1832  1818  1833  
1818  1832  2028  
2015  1819  2029  
1819  2015  2016  
1820  1819  2016  
1819  1820  1834  
1833  1819  1834  
1819  1833  2029  
2017  1821  2031  
1821  2017  2018  
1822  1821  2018  
1821  1822  1836  
1835  1821  1836  
1821  1835  2031  
2018  1822  2032  
1822  2018  2019  
1823  1822  2019  
1822  1823  1837  
1836  1822  1837  
1822  1836  2032  
2019  1823  2033  
1823  2019  2020  
1824  1823  2020  
1823  1824  1838  
1837  1823  1838  
1823  1837  2033  
2020  1824  2034  
1824  2020  2021  
1825  1824  2021  
1824  1825  1839  
1838  1824  1839  
1824  1838  2034  
2021  1825  2035  
1825  2021  2022  
1826  1825  2022  
1825  1826  1840  
1839  1825  1840  
1825  1839  2035  
2022  1826  2036  
1826  2022  2023  
1827  1826  2023  
1826  1827  1841  
1840  1826  1841  
1826  1840  2036  
2023  1827  2037  
1827  2023  2024  
1828  1827  2024  
1827  1828  1842  
1841  1827  1842  
1827  1841  2037  
2024  1828  2038  
1828  2024  2025  
1829  1828  2025  
1828  1829  1843  
1842  1828  1843  
1828  1842  2038  
2025  1829  2039  
1829  2025  2026  
1830  1829  2026  
1829  1830  1844  
1843  1829  1844  
1829  1843  2039  
2026  1830  2040  
1830  2026  2027  
1831  1830  2027  
1830  1831  1845  
1844  1830  1845  
1830  1844  2040  
2027  1831  2041  
1831  2027  2028  
1832  1831  2028  
1831  1832  1846  
1845  1831  1846  
1831  1845  2041  
2028  1832  2042  
1832  2028  2029  
1833  1832  2029  
1832  1833  1847  
1846  1832  1847  
1832  1846  2042  
2029  1833  2043  
1833  2029  2030  
1834  1833  2030  
1833  1834  1848  
1847  1833  1848  
1833  1847  2043  
2031  1835  2045  
1835  2031  2032  
1836  1835  2032  
1835  1836  1850  
1849  1835  1850  
1835  1849  2045  
2032  1836  2046  
1836  2032  2033  
1837  1836  2033  
1836  1837  1851  
1850  1836  1851  
1836  1850  2046  
2033  1837  2047  
1837  2033  2034  
1838  1837  2034  
1837  1838  1852  
1851  1837  1852  
1837  1851  2047  
2034  1838  2048  
1838  2034  2035  
1839  1838  2035  
1838  1839  1853  
1852  1838  1853  
1838  1852  2048  
2035  1839  2049  
1839  2035  2036  
1840  1839  2036  
1839  1840  1854  
1853  1839  1854  
1839  1853  2049  
2036  1840  2050  
1840  2036  2037  
1841  1840  2037  
1840  1841  1855  
1854  1840  1855  
1840  1854  2050  
2037  1841  2051  
1841  2037  2038  
1842  1841  2038  
1841  1842  1856  
1855  1841  1856  
1841  1855  2051  
2038  1842  2052  
1842  2038  2039  
1843  1842  2039  
1842  1843  1857  
1856  1842  1857  
1842  1856  2052  
2039  1843  2053  
1843  2039  2040  
1844  1843  2040  
1843  1844  1858  
1857  1843  1858  
1843  1857  2053  
2040  1844  2054  
1844  2040  2041  
1845  1844  2041  
1844  1845  1859  
1858  1844  1859  
1844  1858  2054  
2041  1845  2055  
1845  2041  2042  
1846  1845  2042  
1845  1846  1860  
1859  1845  1860  
1845  1859  2055  
2042  1846  2056  
1846  2042  2043  
1847  1846  2043  
1846  1847  1861  
1860  1846  1861  
1846  1860  2056  
2043  1847  2057  
1847  2043  2044  
1848  1847  2044  
1847  1848  1862  
1861  1847  1862  
1847  1861  2057  
2045  1849  2059  
1849  2045  2046  
1850  1849  2046  
1849  1850  1864  
1863  1849  1864  
1849  1863  2059  
2046  1850  2060  
1850  2046  2047  
1851  1850  2047  
1850  1851  1865  
1864  1850  1865  
1850  1864  2060  
2047  1851  2061  
1851  2047  2048  
1852  1851  2048  
1851  1852  1866  
1865  1851  1866  
1851  1865  2061  
2048  1852  2062  
1852  2048  2049  
1853  1852  2049  
1852  1853  1867  
1866  1852  1867  
1852  1866  2062  
2049  1853  2063  
1853  2049  2050  
1854  1853  2050  
1853  1854  1868  
1867  1853  1868  
1853  1867  2063  
2050  1854  2064  
1854  2050  2051  
1855  1854  2051  
1854  1855  1869  
1868  1854  1869  
1854  1868  2064  
2051  1855  2065  
1855  2051  2052  
1856  1855  2052  
1855  1856  1870  
1869  1855  1870  
1855  1869  2065  
2052  1856  2066  
1856  2052  2053  
1857  1856  2053  
1856  1857  1871  
1870  1856  1871  
1856  1870  2066  
2053  1857  2067  
1857  2053  2054  
1858  1857  2054  
1857  1858  1872  
1871  1857  1872  
1857  1871  2067  
2054  1858  2068  
1858  2054  2055  
1859  1858  2055  
1858  1859  1873  
1872  1858  1873  
1858  1872  2068  
2055  1859  2069  
1859  2055  2056  
1860  1859  2056  
1859  1860  1874  
1873  1859  1874  
1859  1873  2069  
2056  1860  2070  
1860  2056  2057  
1861  1860  2057  
1860  1861  1875  
1874  1860  1875  
1860  1874  2070  
2057  1861  2071  
1861  2057  2058  
1862  1861  2058  
1861  1862  1876  
1875  1861  1876  
1861  1875  2071  
2059  1863  2073  
1863  2059  2060  
1864  1863  2060  
1863  1864  1878  
1877  1863  1878  
1863  1877  2073  
2060  1864  2074  
1864  2060  2061  
1865  1864  2061  
1864  1865  1879  
1878  1864  1879  
1864  1878  2074  
2061  1865  2075  
1865  2061  2062  
1866  1865  2062  
1865  1866  1880  
1879  1865  1880  
1865  1879  2075  
2062  1866  2076  
1866  2062  2063  
1867  1866  2063  
1866  1867  1881  
1880  1866  1881  
1866  1880  2076  
2063  1867  2077  
1867  2063  2064  
1868  1867  2064  
1867  1868  1882  
1881  1867  1882  
1867  1881  2077  
2064  1868  2078  
1868  2064  2065  
1869  1868  2065  
1868  1869  1883  
1882  1868  1883  
1868  1882  2078  
2065  1869  2079  
1869  2065  2066  
1870  1869  2066  
1869  1870  1884  
1883  1869  1884  
1869  1883  2079  
2066  1870  2080  
1870  2066  2067  
1871  1870  2067  
1870  1871  1885  
1884  1870  1885  
1870  1884  2080  
2067  1871  2081  
1871  2067  2068  
1872  1871  2068  
1871  1872  1886  
1885  1871  1886  
1871  1885  2081  
2068  1872  2082  
1872  2068  2069  
1873  1872  2069  
1872  1873  1887  
1886  1872  1887  
1872  1886  2082  
2069  1873  2083  
1873  2069  2070  
1874  1873  2070  
1873  1874  1888  
1887  1873  1888  
1873  1887  2083  
2070  1874  2084  
1874  2070  2071  
1875  1874  2071  
1874  1875  1889  
1888  1874  1889  
1874  1888  2084  
2071  1875  2085  
1875  2071  2072  
1876  1875  2072  
1875  1876  1890  
1889  1875  1890  
1875  1889  2085  
2073  1877  2087  
1877  2073  2074  
1878  1877  2074  
1877  1878  1892  
1891  1877  1892  
1877  1891  2087  
2074  1878  2088  
1878  2074  2075  
1879  1878  2075  
1878  1879  1893  
1892  1878  1893  
1878  1892  2088  
2075  1879  2089  
1879  2075  2076  
1880  1879  2076  
1879  1880  1894  
1893  1879  1894  
1879  1893  2089  
2076  1880  2090  
1880  2076  2077  
1881  1880  2077  
1880  1881  1895  
1894  1880  1895  
1880  1894  2090  
2077  1881  2091  
1881  2077  2078  
1882  1881  2078  
1881  1882  1896  
1895  1881  1896  
1881  1895  2091  
2078  1882  2092  
1882  2078  2079  
1883  1882  2079  
1882  1883  1897  
1896  1882  1897  
1882  1896  2092  
2079  1883  2093  
1883  2079  2080  
1884  1883  2080  
1883  1884  1898  
1897  1883  1898  
1883  1897  2093  
2080  1884  2094  
1884  2080  2081  
1885  1884  2081  
1884  1885  1899  
1898  1884  1899  
1884  1898  2094  
2081  1885  2095  
1885  2081  2082  
1886  1885  2082  
1885  1886  1900  
1899  1885  1900  
1885  1899  2095  
2082  1886  2096  
1886  2082  2083  
1887  1886  2083  
1886  1887  1901  
1900  1886  1901  
1886  1900  2096  
2083  1887  2097  
1887  2083  2084  
1888  1887  2084  
1887  1888  1902  
1901  1887  1902  
1887  1901  2097  
2084  1888  2098  
1888  2084  2085  
1889  1888  2085  
1888  1889  1903  
1902  1888  1903  
1888  1902  2098  
2085  1889  2099  
1889  2085  2086  
1890  1889  2086  
1889  1890  1904  
1903  1889  1904  
1889  1903  2099  
2087  1891  2101  
1891  2087  2088  
1892  1891  2088  
1891  1892  1906  
1905  1891  1906  
1891  1905  2101  
2088  1892  2102  
1892  2088  2089  
1893  1892  2089  
1892  1893  1907  
1906  1892  1907  
1892  1906  2102  
2089  1893  2103  
1893  2089  2090  
1894  1893  2090  
1893  1894  1908  
1907  1893  1908  
1893  1907  2103  
2090  1894  2104  
1894  2090  2091  
1895  1894  2091  
1894  1895  1909  
1908  1894  1909  
1894  1908  2104  
2091  1895  2105  
1895  2091  2092  
1896  1895  2092  
1895  1896  1910  
1909  1895  1910  
1895  1909  2105  
2092  1896  2106  
1896  2092  2093  
1897  1896  2093  
1896  1897  1911  
1910  1896  1911  
1896  1910  2106  
2093  1897  2107  
1897  2093  2094  
1898  1897  2094  
1897  1898  1912  
1911  1897  1912  
1897  1911  2107  
2094  1898  2108  
1898  2094  2095  
1899  1898  2095  
1898  1899  1913  
1912  1898  1913  
1898  1912  2108  
2095  1899  2109  
1899  2095  2096  
1900  1899  2096  
1899  1900  1914  
1913  1899  1914  
1899  1913  2109  
2096  1900  2110  
1900  2096  2097  
1901  1900  2097  
1900  1901  1915  
1914  1900  1915  
1900  1914  2110  
2097  1901  2111  
1901  2097  2098  
1902  1901  2098  
1901  1902  1916  
1915  1901  1916  
1901  1915  2111  
2098  1902  2112  
1902  2098  2099  
1903  1902  2099  
1902  1903  1917  
1916  1902  1917  
1902  1916  2112  
2099  1903  2113  
1903  2099  2100  
1904  1903  2100  
1903  1904  1918  
1917  1903  1918  
1903  1917  2113  
2101  1905  2115  
1905  2101  2102  
1906  1905  2102  
1905  1906  1920  
1919  1905  1920  
1905  1919  2115  
2102  1906  2116  
1906  2102  2103  
1907  1906  2103  
1906  1907  1921  
1920  1906  1921  
1906  1920  2116  
2103  1907  2117  
1907  2103  2104  
1908  1907  2104  
1907  1908  1922  
1921  1907  1922  
1907  1921  2117  
2104  1908  2118  
1908  2104  2105  
1909  1908  2105  
1908  1909  1923  
1922  1908  1923  
1908  1922  2118  
2105  1909  2119  
1909  2105  2106  
1910  1909  2106  
1909  1910  1924  
1923  1909  1924  
1909  1923  2119  
2106  1910  2120  
1910  2106  2107  
1911  1910  2107  
1910  1911  1925  
1924  1910  1925  
1910  1924  2120  
2107  1911  2121  
1911  2107  2108  
1912  1911  2108  
1911  1912  1926  
1925  1911  1926  
1911  1925  2121  
2108  1912  2122  
1912  2108  2109  
1913  1912  2109  
1912  1913  1927  
1926  1912  1927  
1912  1926  2122  
2109  1913  2123  
1913  2109  2110  
1914  1913  2110  
1913  1914  1928  
1927  1913  1928  
1913  1927  2123  
2110  1914  2124  
1914  2110  2111  
1915  1914  2111  
1914  1915  1929  
1928  1914  1929  
1914  1928  2124  
2111  1915  2125  
1915  2111  2112  
1916  1915  2112  
1915  1916  1930  
1929  1915  1930  
1915  1929  2125  
2112  1916  2126  
1916  2112  2113  
1917  1916  2113  
1916  1917  1931  
1930  1916  1931  
1916  1930  2126  
2113  1917  2127  
1917  2113  2114  
1918  1917  2114  
1917  1918  1932  
1931  1917  1932  
1917  1931  2127  
2115  1919  2129  
1919  2115  2116  
1920  1919  2116  
1919  1920  1934  
1933  1919  1934  
1919  1933  2129  
2116  1920  2130  
1920  2116  2117  
1921  1920  2117  
1920  1921  1935  
1934  1920  1935  
1920  1934  2130  
2117  1921  2131  
1921  2117  2118  
1922  1921  2118  
1921  1922  1936  
1935  1921  1936  
1921  1935  2131  
2118  1922  2132  
1922  2118  2119  
1923  1922  2119  
1922  1923  1937  
1936  1922  1937  
1922  1936  2132  
2119  1923  2133  
1923  2119  2120  
1924  1923  2120  
1923  1924  1938  
1937  1923  1938  
1923  1937  2133  
2120  1924  2134  
1924  2120  2121  
1925  1924  2121  
1924  1925  1939  
1938  1924  1939  
1924  1938  2134  
2121  1925  2135  
1925  2121  2122  
1926  1925  2122  
1925  1926  1940  
1939  1925  1940  
1925  1939  2135  
2122  1926  2136  
1926  2122  2123  
1927  1926  2123  
1926  1927  1941  
1940  1926  1941  
1926  1940  2136  
2123  1927  2137  
1927  2123  2124  
1928  1927  2124  
1927  1928  1942  
1941  1927  1942  
1927  1941  2137  
2124  1928  2138  
1928  2124  2125  
1929  1928  2125  
1928  1929  1943  
1942  1928  1943  
1928  1942  2138  
2125  1929  2139  
1929  2125  2126  
1930  1929  2126  
1929  1930  1944  
1943  1929  1944  
1929  1943  2139  
2126  1930  2140  
1930  2126  2127  
1931  1930  2127  
1930  1931  1945  
1944  1930  1945  
1930  1944  2140  
2127  1931  2141  
1931  2127  2128  
1932  1931  2128  
1931  1932  1946  
1945  1931  1946  
1931  1945  2141  
2129  1933  2143  
1933  2129  2130  
1934  1933  2130  
1933  1934  1948  
1947  1933  1948  
1933  1947  2143  
2130  1934  2144  
1934  2130  2131  
1935  1934  2131  
1934  1935  1949  
1948  1934  1949  
1934  1948  2144  
2131  1935  2145  
1935  2131  2132  
1936  1935  2132  
1935  1936  1950  
1949  1935  1950  
1935  1949  2145  
2132  1936  2146  
1936  2132  2133  
1937  1936  2133  
1936  1937  1951  
1950  1936  1951  
1936  1950  2146  
2133  1937  2147  
1937  2133  2134  
1938  1937  2134  
1937  1938  1952  
1951  1937  1952  
1937  1951  2147  
2134  1938  2148  
1938  2134  2135  
1939  1938  2135  
1938  1939  1953  
1952  1938  1953  
1938  1952  2148  
2135  1939  2149  
1939  2135  2136  
1940  1939  2136  
1939  1940  1954  
1953  1939  1954  
1939  1953  2149  
2136  1940  2150  
1940  2136  2137  
1941  1940  2137  
1940  1941  1955  
1954  1940  1955  
1940  1954  2150  
2137  1941  2151  
1941  2137  2138  
1942  1941  2138  
1941  1942  1956  
1955  1941  1956  
1941  1955  2151  
2138  1942  2152  
1942  2138  2139  
1943  1942  2139  
1942  1943  1957  
1956  1942  1957  
1942  1956  2152  
2139  1943  2153  
1943  2139  2140  
1944  1943  2140  
1943  1944  1958  
1957  1943  1958  
1943  1957  2153  
2140  1944  2154  
1944  2140  2141  
1945  1944  2141  
1944  1945  1959  
1958  1944  1959  
1944  1958  2154  
2141  1945  2155  
1945  2141  2142  
1946  1945  2142  
1945  1946  1960  
1959  1945  1960  
1945  1959  2155  
2157  1961  2171  
1961  2157  2158  
1962  1961  2158  
1961  1962  1976  
1975  1961  1976  
1961  1975  2171  
2158  1962  2172  
1962  2158  2159  
1963  1962  2159  
1962  1963  1977  
1976  1962  1977  
1962  1976  2172  
2159  1963  2173  
1963  2159  2160  
1964  1963  2160  
1963  1964  1978  
1977  1963  1978  
1963  1977  2173  
2160  1964  2174  
1964  2160  2161  
1965  1964  2161  
1964  1965  1979  
1978  1964  1979  
1964  1978  2174  
2161  1965  2175  
1965  2161  2162  
1966  1965  2162  
1965  1966  1980  
1979  1965  1980  
1965  1979  2175  
2162  1966  2176  
1966  2162  2163  
1967  1966  2163  
1966  1967  1981  
1980  1966  1981  
1966  1980  2176  
2163  1967  2177  
1967  2163  2164  
1968  1967  2164  
1967  1968  1982  
1981  1967  1982  
1967  1981  2177  
2164  1968  2178  
1968  2164  2165  
1969  1968  2165  
1968  1969  1983  
1982  1968  1983  
1968  1982  2178  
2165  1969  2179  
1969  2165  2166  
1970  1969  2166  
1969  1970  1984  
1983  1969  1984  
1969  1983  2179  
2166  1970  2180  
1970  2166  2167  
1971  1970  2167  
1970  1971  1985  
1984  1970  1985  
1970  1984  2180  
2167  1971  2181  
1971  2167  2168  
1972  1971  2168  
1971  1972  1986  
1985  1971  1986  
1971  1985  2181  
2168  1972  2182  
1972  2168  2169  
1973  1972  2169  
1972  1973  1987  
1986  1972  1987  
1972  1986  2182  
2169  1973  2183  
1973  2169  2170  
1974  1973  2170  
1973  1974  1988  
1987  1973  1988  
1973  1987  2183  
2171  1975  2185  
1975  2171  2172  
1976  1975  2172  
1975  1976  1990  
1989  1975  1990  
1975  1989  2185  
2172  1976  2186  
1976  2172  2173  
1977  1976  2173  
1976  1977  1991  
1990  1976  1991  
1976  1990  2186  
2173  1977  2187  
1977  2173  2174  
1978  1977  2174  
1977  1978  1992  
1991  1977  1992  
1977  1991  2187  
2174  1978  2188  
1978  2174  2175  
1979  1978  2175  
1978  1979  1993  
1992  1978  1993  
1978  1992  2188  
2175  1979  2189  
1979  2175  2176  
1980  1979  2176  
1979  1980  1994  
1993  1979  1994  
1979  1993  2189  
2176  1980  2190  
1980  2176  2177  
1981  1980  2177  
1980  1981  1995  
1994  1980  1995  
1980  1994  2190  
2177  1981  2191  
1981  2177  2178  
1982  1981  2178  
1981  1982  1996  
1995  1981  1996  
1981  1995  2191  
2178  1982  2192  
1982  2178  2179  
1983  1982  2179  
1982  1983  1997  
1996  1982  1997  
1982  1996  2192  
2179  1983  2193  
1983  2179  2180  
1984  1983  2180  
1983  1984  1998  
1997  1983  1998  
1983  1997  2193  
2180  1984  2194  
1984  2180  2181  
1985  1984  2181  
1984  1985  1999  
1998  1984  1999  
1984  1998  2194  
2181  1985  2195  
1985  2181  2182  
1986  1985  2182  
1985  1986  2000  
1999  1985  2000  
1985  1999  2195  
2182  1986  2196  
1986  2182  2183  
1987  1986  2183  
1986  1987  2001  
2000  1986  2001  
1986  2000  2196  
2183  1987  2197  
1987  2183  2184  
1988  1987  2184  
1987  1988  2002  
2001  1987  2002  
1987  2001  2197  
2185  1989  2199  
1989  2185  2186  
1990  1989  2186  
1989  1990  2004  
2003  1989  2004  
1989  2003  2199  
2186  1990  2200  
1990  2186  2187  
1991  1990  2187  
1990  1991  2005  
2004  1990  2005  
1990  2004  2200  
2187  1991  2201  
1991  2187  2188  
1992  1991  2188  
1991  1992  2006  
2005  1991  2006  
1991  2005  2201  
2188  1992  2202  
1992  2188  2189  
1993  1992  2189  
1992  1993  2007  
2006  1992  2007  
1992  2006  2202  
2189  1993  2203  
1993  2189  2190  
1994  1993  2190  
1993  1994  2008  
2007  1993  2008  
1993  2007  2203  
2190  1994  2204  
1994  2190  2191  
1995  1994  2191  
1994  1995  2009  
2008  1994  2009  
1994  2008  2204  
2191  1995  2205  
1995  2191  2192  
1996  1995  2192  
1995  1996  2010  
2009  1995  2010  
1995  2009  2205  
2192  1996  2206  
1996  2192  2193  
1997  1996  2193  
1996  1997  2011  
2010  1996  2011  
1996  2010  2206  
2193  1997  2207  
1997  2193  2194  
1998  1997  2194  
1997  1998  2012  
2011  1997  2012  
1997  2011  2207  
2194  1998  2208  
1998  2194  2195  
1999  1998  2195  
1998  1999  2013  
2012  1998  2013  
1998  2012  2208  
2195  1999  2209  
1999  2195  2196  
2000  1999  2196  
1999  2000  2014  
2013  1999  2014  
1999  2013  2209  
2196  2000  2210  
2000  2196  2197  
2001  2000  2197  
2000  2001  2015  
2014  2000  2015  
2000  2014  2210  
2197  2001  2211  
2001  2197  2198  
2002  2001  2198  
2001  2002  2016  
2015  2001  2016  
2001  2015  2211  
2199  2003  2213  
2003  2199  2200  
2004  2003  2200  
2003  2004  2018  
2017  2003  2018  
2003  2017  2213  
2200  2004  2214  
2004  2200  2201  
2005  2004  2201  
2004  2005  2019  
2018  2004  2019  
2004  2018  2214  
2201  2005  2215  
2005  2201  2202  
2006  2005  2202  
2005  2006  2020  
2019  2005  2020  
2005  2019  2215  
2202  2006  2216  
2006  2202  2203  
2007  2006  2203  
2006  2007  2021  
2020  2006  2021  
2006  2020  2216  
2203  2007  2217  
2007  2203  2204  
2008  2007  2204  
2007  2008  2022  
2021  2007  2022  
2007  2021  2217  
2204  2008  2218  
2008  2204  2205  
2009  2008  2205  
2008  2009  2023  
2022  2008  2023  
2008  2022  2218  
2205  2009  2219  
2009  2205  2206  
2010  2009  2206  
2009  2010  2024  
2023  2009  2024  
2009  2023  2219  
2206  2010  2220  
2010  2206  2207  
2011  2010  2207  
2010  2011  2025  
2024  2010  2025  
2010  2024  2220  
2207  2011  2221  
2011  2207  2208  
2012  2011  2208  
2011  2012  2026  
2025  2011  2026  
2011  2025  2221  
2208  2012  2222  
2012  2208  2209  
2013  2012  2209  
2012  2013  2027  
2026  2012  2027  
2012  2026  2222  
2209  2013  2223  
2013  2209  2210  
2014  2013  2210  
2013  2014  2028  
2027  2013  2028  
2013  2027  2223  
2210  2014  2224  
2014  2210  2211  
2015  2014  2211  
2014  2015  2029  
2028  2014  2029  
2014  2028  2224  
2211  2015  2225  
2015  2211  2212  
2016  2015  2212  
2015  2016  2030  
2029  2015  2030  
2015  2029  2225  
2213  2017  2227  
2017  2213  2214  
2018  2017  2214  
2017  2018  2032  
2031  2017  2032  
2017  2031  2227  
2214  2018  2228  
2018  2214  2215  
2019  2018  2215  
2018  2019  2033  
2032  2018  2033  
2018  2032  2228  
2215  2019  2229  
2019  2215  2216  
2020  2019  2216  
2019  2020  2034  
2033  2019  2034  
2019  2033  2229  
2216  2020  2230  
2020  2216  2217  
2021  2020  2217  
2020  2021  2035  
2034  2020  2035  
2020  2034  2230  
2217  2021  2231  
2021  2217  2218  
2022  2021  2218  
2021  2022  2036  
2035  2021  2036  
2021  2035  2231  
2218  2022  2232  
2022  2218  2219  
2023  2022  2219  
2022  2023  2037  
2036  2022  2037  
2022  2036  2232  
2219  2023  2233  
2023  2219  2220  
2024  2023  2220  
2023  2024  2038  
2037  2023  2038  
2023  2037  2233  
2220  2024  2234  
2024  2220  2221  
2025  2024  2221  
2024  2025  2039  
2038  2024  2039  
2024  2038  2234  
2221  2025  2235  
2025  2221  2222  
2026  2025  2222  
2025  2026  2040  
2039  2025  2040  
2025  2039  2235  
2222  2026  2236  
2026  2222  2223  
2027  2026  2223  
2026  2027  2041  
2040  2026  2041  
2026  2040  2236  
2223  2027  2237  
2027  2223  2224  
2028  2027  2224  
2027  2028  2042  
2041  2027  2042  
2027  2041  2237  
2224  2028  2238  
2028  2224  2225  
2029  2028  2225  
2028  2029  2043  
2042  2028  2043  
2028  2042  2238  
2225  2029  2239  
2029  2225  2226  
2030  2029  2226  
2029  2030  2044  
2043  2029  2044  
2029  2043  2239  
2227  2031  2241  
2031  2227  2228  
2032  2031  2228  
2031  2032  2046  
2045  2031  2046  
2031  2045  2241  
2228  2032  2242  
2032  2228  2229  
2033  2032  2229  
2032  2033  2047  
2046  2032  2047  
2032  2046  2242  
2229  2033  2243  
2033  2229  2230  
2034  2033  2230  
2033  2034  2048  
2047  2033  2048  
2033  2047  2243  
2230  2034  2244  
2034  2230  2231  
2035  2034  2231  
2034  2035  2049  
2048  2034  2049  
2034  2048  2244  
2231  2035  2245  
2035  2231  2232  
2036  2035  2232  
2035  2036  2050  
2049  2035  2050  
2035  2049  2245  
2232  2036  2246  
2036  2232  2233  
2037  2036  2233  
2036  2037  2051  
2050  2036  2051  
2036  2050  2246  
2233  2037  2247  
2037  2233  2234  
2038  2037  2234  
2037  2038  2052  
2051  2037  2052  
2037  2051  2247  
2234  2038  2248  
2038  2234  2235  
2039  2038  2235  
2038  2039  2053  
2052  2038  2053  
2038  2052  2248  
2235  2039  2249  
2039  2235  2236  
2040  2039  2236  
2039  2040  2054  
2053  2039  2054  
2039  2053  2249  
2236  2040  2250  
2040  2236  2237  
2041  2040  2237  
2040  2041  2055  
2054  2040  2055  
2040  2054  2250  
2237  2041  2251  
2041  2237  2238  
2042  2041  2238  
2041  2042  2056  
2055  2041  2056  
2041  2055  2251  
2238  2042  2252  
2042  2238  2239  
2043  2042  2239  
2042  2043  2057  
2056  2042  2057  
2042  2056  2252  
2239  2043  2253  
2043  2239  2240  
2044  2043  2240  
2043  2044  2058  
2057  2043  2058  
2043  2057  2253  
2241  2045  2255  
2045  2241  2242  
2046  2045  2242  
2045  2046  2060  
2059  2045  2060  
2045  2059  2255  
2242  2046  2256  
2046  2242  2243  
2047  2046  2243  
2046  2047  2061  
2060  2046  2061  
2046  2060  2256  
2243  2047  2257  
2047  2243  2244  
2048  2047  2244  
2047  2048  2062  
2061  2047  2062  
2047  2061  2257  
2244  2048  2258  
2048  2244  2245  
2049  2048  2245  
2048  2049  2063  
2062  2048  2063  
2048  2062  2258  
2245  2049  2259  
2049  2245  2246  
2050  2049  2246  
2049  2050  2064  
2063  2049  2064  
2049  2063  2259  
2246  2050  2260  
2050  2246  2247  
2051  2050  2247  
2050  2051  2065  
2064  2050  2065  
2050  2064  2260  
2247  2051  2261  
2051  2247  2248  
2052  2051  2248  
2051  2052  2066  
2065  2051  2066  
2051  2065  2261  
2248  2052  2262  
2052  2248  2249  
2053  2052  2249  
2052  2053  2067  
2066  2052  2067  
2052  2066  2262  
2249  2053  2263  
2053  2249  2250  
2054  2053  2250  
2053  2054  2068  
2067  2053  2068  
2053  2067  2263  
2250  2054  2264  
2054  2250  2251  
2055  2054  2251  
2054  2055  2069  
2068  2054  2069  
2054  2068  2264  
2251  2055  2265  
2055  2251  2252  
2056  2055  2252  
2055  2056  2070  
2069  2055  2070  
2055  2069  2265  
2252  2056  2266  
2056  2252  2253  
2057  2056  2253  
2056  2057  2071  
2070  2056  2071  
2056  2070  2266  
2253  2057  2267  
2057  2253  2254  
2058  2057  2254  
2057  2058  2072  
2071  2057  2072  
2057  2071  2267  
2255  2059  2269  
2059  2255  2256  
2060  2059  2256  
2059  2060  2074  
2073  2059  2074  
2059  2073  2269  
2256  2060  2270  
2060  2256  2257  
2061  2060  2257  
2060  2061  2075  
2074  2060  2075  
2060  2074  2270  
2257  2061  2271  
2061  2257  2258  
2062  2061  2258  
2061  2062  2076  
2075  2061  2076  
2061  2075  2271  
2258  2062  2272  
2062  2258  2259  
2063  2062  2259  
2062  2063  2077  
2076  2062  2077  
2062  2076  2272  
2259  2063  2273  
2063  2259  2260  
2064  2063  2260  
2063  2064  2078  
2077  2063  2078  
2063  2077  2273  
2260  2064  2274  
2064  2260  2261  
2065  2064  2261  
2064  2065  2079  
2078  2064  2079  
2064  2078  2274  
2261  2065  2275  
2065  2261  2262  
2066  2065  2262  
2065  2066  2080  
2079  2065  2080  
2065  2079  2275  
2262  2066  2276  
2066  2262  2263  
2067  2066  2263  
2066  2067  2081  
2080  2066  2081  
2066  2080  2276  
2263  2067  2277  
2067  2263  2264  
2068  2067  2264  
2067  2068  2082  
2081  2067  2082  
2067  2081  2277  
2264  2068  2278  
2068  2264  2265  
2069  2068  2265  
2068  2069  2083  
2082  2068  2083  
2068  2082  2278  
2265  2069  2279  
2069  2265  2266  
2070  2069  2266  
2069  2070  2084  
2083  2069  2084  
2069  2083  2279  
2266  2070  2280  
2070  2266  2267  
2071  2070  2267  
2070  2071  2085  
2084  2070  2085  
2070  2084  2280  
2267  2071  2281  
2071  2267  2268  
2072  2071  2268  
2071  2072  2086  
2085  2071  2086  
2071  2085  2281  
2269  2073  2283  
2073  2269  2270  
2074  2073  2270  
2073  2074  2088  
2087  2073  2088  
2073  2087  2283  
2270  2074  2284  
2074  2270  2271  
2075  2074  2271  
2074  2075  2089  
2088  2074  2089  
2074  2088  2284  
2271  2075  2285  
2075  2271  2272  
2076  2075  2272  
2075  2076  2090  
2089  2075  2090  
2075  2089  2285  
2272  2076  2286  
2076  2272  2273  
2077  2076  2273  
2076  2077  2091  
2090  2076  2091  
2076  2090  2286  
2273  2077  2287  
2077  2273  2274  
2078  2077  2274  
2077  2078  2092  
2091  2077  2092  
2077  2091  2287  
2274  2078  2288  
2078  2274  2275  
2079  2078  2275  
2078  2079  2093  
2092  2078  2093  
2078  2092  2288  
2275  2079  2289  
2079  2275  2276  
2080  2079  2276  
2079  2080  2094  
2093  2079  2094  
2079  2093  2289  
2276  2080  2290  
2080  2276  2277  
2081  2080  2277  
2080  2081  2095  
2094  2080  2095  
2080  2094  2290  
2277  2081  2291  
2081  2277  2278  
2082  2081  2278  
2081  2082  2096  
2095  2081  2096  
2081  2095  2291  
2278  2082  2292  
2082  2278  2279  
2083  2082  2279  
2082  2083  2097  
2096  2082  2097  
2082  2096  2292  
2279  2083  2293  
2083  2279  2280  
2084  2083  2280  
2083  2084  2098  
2097  2083  2098  
2083  2097  2293  
2280  2084  2294  
2084  2280  2281  
2085  2084  2281  
2084  2085  2099  
2098  2084  2099  
2084  2098  2294  
2281  2085  2295  
2085  2281  2282  
2086  2085  2282  
2085  2086  2100  
2099  2085  2100  
2085  2099  2295  
2283  2087  2297  
2087  2283  2284  
2088  2087  2284  
2087  2088  2102  
2101  2087  2102  
2087  2101  2297  
2284  2088  2298  
2088  2284  2285  
2089  2088  2285  
2088  2089  2103  
2102  2088  2103  
2088  2102  2298  
2285  2089  2299  
2089  2285  2286  
2090  2089  2286  
2089  2090  2104  
2103  2089  2104  
2089  2103  2299  
2286  2090  2300  
2090  2286  2287  
2091  2090  2287  
2090  2091  2105  
2104  2090  2105  
2090  2104  2300  
2287  2091  2301  
2091  2287  2288  
2092  2091  2288  
2091  2092  2106  
2105  2091  2106  
2091  2105  2301  
2288  2092  2302  
2092  2288  2289  
2093  2092  2289  
2092  2093  2107  
2106  2092  2107  
2092  2106  2302  
2289  2093  2303  
2093  2289  2290  
2094  2093  2290  
2093  2094  2108  
2107  2093  2108  
2093  2107  2303  
2290  2094  2304  
2094  2290  2291  
2095  2094  2291  
2094  2095  2109  
2108  2094  2109  
2094  2108  2304  
2291  2095  2305  
2095  2291  2292  
2096  2095  2292  
2095  2096  2110  
2109  2095  2110  
2095  2109  2305  
2292  2096  2306  
2096  2292  2293  
2097  2096  2293  
2096  2097  2111  
2110  2096  2111  
2096  2110  2306  
2293  2097  2307  
2097  2293  2294  
2098  2097  2294  
2097  2098  2112  
2111  2097  2112  
2097  2111  2307  
2294  2098  2308  
2098  2294  2295  
2099  2098  2295  
2098  2099  2113  
2112  2098  2113  
2098  2112  2308  
2295  2099  2309  
2099  2295  2296  
2100  2099  2296  
2099  2100  2114  
2113  2099  2114  
2099  2113  2309  
2297  2101  2311  
2101  2297  2298  
2102  2101  2298  
2101  2102  2116  
2115  2101  2116  
2101  2115  2311  
2298  2102  2312  
2102  2298  2299  
2103  2102  2299  
2102  2103  2117  
2116  2102  2117  
2102  2116  2312  
2299  2103  2313  
2103  2299  2300  
2104  2103  2300  
2103  2104  2118  
2117  2103  2118  
2103  2117  2313  
2300  2104  2314  
2104  2300  2301  
2105  2104  2301  
2104  2105  2119  
2118  2104  2119  
2104  2118  2314  
2301  2105  2315  
2105  2301  2302  
2106  2105  2302  
2105  2106  2120  
2119  2105  2120  
2105  2119  2315  
2302  2106  2316  
2106  2302  2303  
2107  2106  2303  
2106  2107  2121  
2120  2106  2121  
2106  2120  2316  
2303  2107  2317  
2107  2303  2304  
2108  2107  2304  
2107  2108  2122  
2121  2107  2122  
2107  2121  2317  
2304  2108  2318  
2108  2304  2305  
2109  2108  2305  
2108  2109  2123  
2122  2108  2123  
2108  2122  2318  
2305  2109  2319  
2109  2305  2306  
2110  2109  2306  
2109  2110  2124  
2123  2109  2124  
2109  2123  2319  
2306  2110  2320  
2110  2306  2307  
2111  2110  2307  
2110  2111  2125  
2124  2110  2125  
2110  2124  2320  
2307  2111  2321  
2111  2307  2308  
2112  2111  2308  
2111  2112  2126  
2125  2111  2126  
2111  2125  2321  
2308  2112  2322  
2112  2308  2309  
2113  2112  2309  
2112  2113  2127  
2126  2112  2127  
2112  2126  2322  
2309  2113  2323  
2113  2309  2310  
2114  2113  2310  
2113  2114  2128  
2127  2113  2128  
2113  2127  2323  
2311  2115  2325  
2115  2311  2312  
2116  2115  2312  
2115  2116  2130  
2129  2115  2130  
2115  2129  2325  
2312  2116  2326  
2116  2312  2313  
2117  2116  2313  
2116  2117  2131  
2130  2116  2131  
2116  2130  2326  
2313  2117  2327  
2117  2313  2314  
2118  2117  2314  
2117  2118  2132  
2131  2117  2132  
2117  2131  2327  
2314  2118  2328  
2118  2314  2315  
2119  2118  2315  
2118  2119  2133  
2132  2118  2133  
2118  2132  2328  
2315  2119  2329  
2119  2315  2316  
2120  2119  2316  
2119  2120  2134  
2133  2119  2134  
2119  2133  2329  
2316  2120  2330  
2120  2316  2317  
2121  2120  2317  
2120  2121  2135  
2134  2120  2135  
2120  2134  2330  
2317  2121  2331  
2121  2317  2318  
2122  2121  2318  
2121  2122  2136  
2135  2121  2136  
2121  2135  2331  
2318  2122  2332  
2122  2318  2319  
2123  2122  2319  
2122  2123  2137  
2136  2122  2137  
2122  2136  2332  
2319  2123  2333  
2123  2319  2320  
2124  2123  2320  
2123  2124  2138  
2137  2123  2138  
2123  2137  2333  
2320  2124  2334  
2124  2320  2321  
2125  2124  2321  
2124  2125  2139  
2138  2124  2139  
2124  2138  2334  
2321  2125  2335  
2125  2321  2322  
2126  2125  2322  
2125  2126  2140  
2139  2125  2140  
2125  2139  2335  
2322  2126  2336  
2126  2322  2323  
2127  2126  2323  
2126  2127  2141  
2140  2126  2141  
2126  2140  2336  
2323  2127  2337  
2127  2323  2324  
2128  2127  2324  
2127  2128  2142  
2141  2127  2142  
2127  2141  2337  
2325  2129  2339  
2129  2325  2326  
2130  2129  2326  
2129  2130  2144  
2143  2129  2144  
2129  2143  2339  
2326  2130  2340  
2130  2326  2327  
2131  2130  2327  
2130  2131  2145  
2144  2130  2145  
2130  2144  2340  
2327  2131  2341  
2131  2327  2328  
2132  2131  2328  
2131  2132  2146  
2145  2131  2146  
2131  2145  2341  
2328  2132  2342  
2132  2328  2329  
2133  2132  2329  
2132  2133  2147  
2146  2132  2147  
2132  2146  2342  
2329  2133  2343  
2133  2329  2330  
2134  2133  2330  
2133  2134  2148  
2147  2133  2148  
2133  2147  2343  
2330  2134  2344  
2134  2330  2331  
2135  2134  2331  
2134  2135  2149  
2148  2134  2149  
2134  2148  2344  
2331  2135  2345  
2135  2331  2332  
2136  2135  2332  
2135  2136  2150  
2149  2135  2150  
2135  2149  2345  
2332  2136  2346  
2136  2332  2333  
2137  2136  2333  
2136  2137  2151  
2150  2136  2151  
2136  2150  2346  
2333  2137  2347  
2137  2333  2334  
2138  2137  2334  
2137  2138  2152  
2151  2137  2152  
2137  2151  2347  
2334  2138  2348  
2138  2334  2335  
2139  2138  2335  
2138  2139  2153  
2152  2138  2153  
2138  2152  2348  
2335  2139  2349  
2139  2335  2336  
2140  2139  2336  
2139  2140  2154  
2153  2139  2154  
2139  2153  2349  
2336  2140  2350  
2140  2336  2337  
2141  2140  2337  
2140  2141  2155  
2154  2140  2155  
2140  2154  2350  
2337  2141  2351  
2141  2337  2338  
2142  2141  2338  
2141  2142  2156  
2155  2141  2156  
2141  2155  2351  
2353  2157  2367  
2157  2353  2354  
2158  2157  2354  
2157  2158  2172  
2171  2157  2172  
2157  2171  2367  
2354  2158  2368  
2158  2354  2355  
2159  2158  2355  
2158  2159  2173  
2172  2158  2173  
2158  2172  2368  
2355  2159  2369  
2159  2355  2356  
2160  2159  2356  
2159  2160  2174  
2173  2159  2174  
2159  2173  2369  
2356  2160  2370  
2160  2356  2357  
2161  2160  2357  
2160  2161  2175  
2174  2160  2175  
2160  2174  2370  
2357  2161  2371  
2161  2357  2358  
2162  2161  2358  
2161  2162  2176  
2175  2161  2176  
2161  2175  2371  
2358  2162  2372  
2162  2358  2359  
2163  2162  2359  
2162  2163  2177  
2176  2162  2177  
2162  2176  2372  
2359  2163  2373  
2163  2359  2360  
2164  2163  2360  
2163  2164  2178  
2177  2163  2178  
2163  2177  2373  
2360  2164  2374  
2164  2360  2361  
2165  2164  2361  
2164  2165  2179  
2178  2164  2179  
2164  2178  2374  
2361  2165  2375  
2165  2361  2362  
2166  2165  2362  
2165  2166  2180  
2179  2165  2180  
2165  2179  2375  
2362  2166  2376  
2166  2362  2363  
2167  2166  2363  
2166  2167  2181  
2180  2166  2181  
2166  2180  2376  
2363  2167  2377  
2167  2363  2364  
2168  2167  2364  
2167  2168  2182  
2181  2167  2182  
2167  2181  2377  
2364  2168  2378  
2168  2364  2365  
2169  2168  2365  
2168  2169  2183  
2182  2168  2183  
2168  2182  2378  
2365  2169  2379  
2169  2365  2366  
2170  2169  2366  
2169  2170  2184  
2183  2169  2184  
2169  2183  2379  
2367  2171  2381  
2171  2367  2368  
2172  2171  2368  
2171  2172  2186  
2185  2171  2186  
2171  2185  2381  
2368  2172  2382  
2172  2368  2369  
2173  2172  2369  
2172  2173  2187  
2186  2172  2187  
2172  2186  2382  
2369  2173  2383  
2173  2369  2370  
2174  2173  2370  
2173  2174  2188  
2187  2173  2188  
2173  2187  2383  
2370  2174  2384  
2174  2370  2371  
2175  2174  2371  
2174  2175  2189  
2188  2174  2189  
2174  2188  2384  
2371  2175  2385  
2175  2371  2372  
2176  2175  2372  
2175  2176  2190  
2189  2175  2190  
2175  2189  2385  
2372  2176  2386  
2176  2372  2373  
2177  2176  2373  
2176  2177  2191  
2190  2176  2191  
2176  2190  2386  
2373  2177  2387  
2177  2373  2374  
2178  2177  2374  
2177  2178  2192  
2191  2177  2192  
2177  2191  2387  
2374  2178  2388  
2178  2374  2375  
2179  2178  2375  
2178  2179  2193  
2192  2178  2193  
2178  2192  2388  
2375  2179  2389  
2179  2375  2376  
2180  2179  2376  
2179  2180  2194  
2193  2179  2194  
2179  2193  2389  
2376  2180  2390  
2180  2376  2377  
2181  2180  2377  
2180  2181  2195  
2194  2180  2195  
2180  2194  2390  
2377  2181  2391  
2181  2377  2378  
2182  2181  2378  
2181  2182  2196  
2195  2181  2196  
2181  2195  2391  
2378  2182  2392  
2182  2378  2379  
2183  2182  2379  
2182  2183  2197  
2196  2182  2197  
2182  2196  2392  
2379  2183  2393  
2183  2379  2380  
2184  2183  2380  
2183  2184  2198  
2197  2183  2198  
2183  2197  2393  
2381  2185  2395  
2185  2381  2382  
2186  2185  2382  
2185  2186  2200  
2199  2185  2200  
2185  2199  2395  
2382  2186  2396  
2186  2382  2383  
2187  2186  2383  
2186  2187  2201  
2200  2186  2201  
2186  2200  2396  
2383  2187  2397  
2187  2383  2384  
2188  2187  2384  
2187  2188  2202  
2201  2187  2202  
2187  2201  2397  
2384  2188  2398  
2188  2384  2385  
2189  2188  2385  
2188  2189  2203  
2202  2188  2203  
2188  2202  2398  
2385  2189  2399  
2189  2385  2386  
2190  2189  2386  
2189  2190  2204  
2203  2189  2204  
2189  2203  2399  
2386  2190  2400  
2190  2386  2387  
2191  2190  2387  
2190  2191  2205  
2204  2190  2205  
2190  2204  2400  
2387  2191  2401  
2191  2387  2388  
2192  2191  2388  
2191  2192  2206  
2205  2191  2206  
2191  2205  2401  
2388  2192  2402  
2192  2388  2389  
2193  2192  2389  
2192  2193  2207  
2206  2192  2207  
2192  2206  2402  
2389  2193  2403  
2193  2389  2390  
2194  2193  2390  
2193  2194  2208  
2207  2193  2208  
2193  2207  2403  
2390  2194  2404  
2194  2390  2391  
2195  2194  2391  
2194  2195  2209  
2208  2194  2209  
2194  2208  2404  
2391  2195  2405  
2195  2391  2392  
2196  2195  2392  
2195  2196  2210  
2209  2195  2210  
2195  2209  2405  
2392  2196  2406  
2196  2392  2393  
2197  2196  2393  
2196  2197  2211  
2210  2196  2211  
2196  2210  2406  
2393  2197  2407  
2197  2393  2394  
2198  2197  2394  
2197  2198  2212  
2211  2197  2212  
2197  2211  2407  
2395  2199  2409  
2199  2395  2396  
2200  2199  2396  
2199  2200  2214  
2213  2199  2214  
2199  2213  2409  
2396  2200  2410  
2200  2396  2397  
2201  2200  2397  
2200  2201  2215  
2214  2200  2215  
2200  2214  2410  
2397  2201  2411  
2201  2397  2398  
2202  2201  2398  
2201  2202  2216  
2215  2201  2216  
2201  2215  2411  
2398  2202  2412  
2202  2398  2399  
2203  2202  2399  
2202  2203  2217  
2216  2202  2217  
2202  2216  2412  
2399  2203  2413  
2203  2399  2400  
2204  2203  2400  
2203  2204  2218  
2217  2203  2218  
2203  2217  2413  
2400  2204  2414  
2204  2400  2401  
2205  2204  2401  
2204  2205  2219  
2218  2204  2219  
2204  2218  2414  
2401  2205  2415  
2205  2401  2402  
2206  2205  2402  
2205  2206  2220  
2219  2205  2220  
2205  2219  2415  
2402  2206  2416  
2206  2402  2403  
2207  2206  2403  
2206  2207  2221  
2220  2206  2221  
2206  2220  2416  
2403  2207  2417  
2207  2403  2404  
2208  2207  2404  
2207  2208  2222  
2221  2207  2222  
2207  2221  2417  
2404  2208  2418  
2208  2404  2405  
2209  2208  2405  
2208  2209  2223  
2222  2208  2223  
2208  2222  2418  
2405  2209  2419  
2209  2405  2406  
2210  2209  2406  
2209  2210  2224  
2223  2209  2224  
2209  2223  2419  
2406  2210  2420  
2210  2406  2407  
2211  2210  2407  
2210  2211  2225  
2224  2210  2225  
2210  2224  2420  
2407  2211  2421  
2211  2407  2408  
2212  2211  2408  
2211  2212  2226  
2225  2211  2226  
2211  2225  2421  
2409  2213  2423  
2213  2409  2410  
2214  2213  2410  
2213  2214  2228  
2227  2213  2228  
2213  2227  2423  
2410  2214  2424  
2214  2410  2411  
2215  2214  2411  
2214  2215  2229  
2228  2214  2229  
2214  2228  2424  
2411  2215  2425  
2215  2411  2412  
2216  2215  2412  
2215  2216  2230  
2229  2215  2230  
2215  2229  2425  
2412  2216  2426  
2216  2412  2413  
2217  2216  2413  
2216  2217  2231  
2230  2216  2231  
2216  2230  2426  
2413  2217  2427  
2217  2413  2414  
2218  2217  2414  
2217  2218  2232  
2231  2217  2232  
2217  2231  2427  
2414  2218  2428  
2218  2414  2415  
2219  2218  2415  
2218  2219  2233  
2232  2218  2233  
2218  2232  2428  
2415  2219  2429  
2219  2415  2416  
2220  2219  2416  
2219  2220  2234  
2233  2219  2234  
2219  2233  2429  
2416  2220  2430  
2220  2416  2417  
2221  2220  2417  
2220  2221  2235  
2234  2220  2235  
2220  2234  2430  
2417  2221  2431  
2221  2417  2418  
2222  2221  2418  
2221  2222  2236  
2235  2221  2236  
2221  2235  2431  
2418  2222  2432  
2222  2418  2419  
2223  2222  2419  
2222  2223  2237  
2236  2222  2237  
2222  2236  2432  
2419  2223  2433  
2223  2419  2420  
2224  2223  2420  
2223  2224  2238  
2237  2223  2238  
2223  2237  2433  
2420  2224  2434  
2224  2420  2421  
2225  2224  2421  
2224  2225  2239  
2238  2224  2239  
2224  2238  2434  
2421  2225  2435  
2225  2421  2422  
2226  2225  2422  
2225  2226  2240  
2239  2225  2240  
2225  2239  2435  
2423  2227  2437  
2227  2423  2424  
2228  2227  2424  
2227  2228  2242  
2241  2227  2242  
2227  2241  2437  
2424  2228  2438  
2228  2424  2425  
2229  2228  2425  
2228  2229  2243  
2242  2228  2243  
2228  2242  2438  
2425  2229  2439  
2229  2425  2426  
2230  2229  2426  
2229  2230  2244  
2243  2229  2244  
2229  2243  2439  
2426  2230  2440  
2230  2426  2427  
2231  2230  2427  
2230  2231  2245  
2244  2230  2245  
2230  2244  2440  
2427  2231  2441  
2231  2427  2428  
2232  2231  2428  
2231  2232  2246  
2245  2231  2246  
2231  2245  2441  
2428  2232  2442  
2232  2428  2429  
2233  2232  2429  
2232  2233  2247  
2246  2232  2247  
2232  2246  2442  
2429  2233  2443  
2233  2429  2430  
2234  2233  2430  
2233  2234  2248  
2247  2233  2248  
2233  2247  2443  
2430  2234  2444  
2234  2430  2431  
2235  2234  2431  
2234  2235  2249  
2248  2234  2249  
2234  2248  2444  
2431  2235  2445  
2235  2431  2432  
2236  2235  2432  
2235  2236  2250  
2249  2235  2250  
2235  2249  2445  
2432  2236  2446  
2236  2432  2433  
2237  2236  2433  
2236  2237  2251  
2250  2236  2251  
2236  2250  2446  
2433  2237  2447  
2237  2433  2434  
2238  2237  2434  
2237  2238  2252  
2251  2237  2252  
2237  2251  2447  
2434  2238  2448  
2238  2434  2435  
2239  2238  2435  
2238  2239  2253  
2252  2238  2253  
2238  2252  2448  
2435  2239  2449  
2239  2435  2436  
2240  2239  2436  
2239  2240  2254  
2253  2239  2254  
2239  2253  2449  
2437  2241  2451  
2241  2437  2438  
2242  2241  2438  
2241  2242  2256  
2255  2241  2256  
2241  2255  2451  
2438  2242  2452  
2242  2438  2439  
2243  2242  2439  
2242  2243  2257  
2256  2242  2257  
2242  2256  2452  
2439  2243  2453  
2243  2439  2440  
2244  2243  2440  
2243  2244  2258  
2257  2243  2258  
2243  2257  2453  
2440  2244  2454  
2244  2440  2441  
2245  2244  2441  
2244  2245  2259  
2258  2244  2259  
2244  2258  2454  
2441  2245  2455  
2245  2441  2442  
2246  2245  2442  
2245  2246  2260  
2259  2245  2260  
2245  2259  2455  
2442  2246  2456  
2246  2442  2443  
2247  2246  2443  
2246  2247  2261  
2260  2246  2261  
2246  2260  2456  
2443  2247  2457  
2247  2443  2444  
2248  2247  2444  
2247  2248  2262  
2261  2247  2262  
2247  2261  2457  
2444  2248  2458  
2248  2444  2445  
2249  2248  2445  
2248  2249  2263  
2262  2248  2263  
2248  2262  2458  
2445  2249  2459  
2249  2445  2446  
2250  2249  2446  
2249  2250  2264  
2263  2249  2264  
2249  2263  2459  
2446  2250  2460  
2250  2446  2447  
2251  2250  2447  
2250  2251  2265  
2264  2250  2265  
2250  2264  2460  
2447  2251  2461  
2251  2447  2448  
2252  2251  2448  
2251  2252  2266  
2265  2251  2266  
2251  2265  2461  
2448  2252  2462  
2252  2448  2449  
2253  2252  2449  
2252  2253  2267  
2266  2252  2267  
2252  2266  2462  
2449  2253  2463  
2253  2449  2450  
2254  2253  2450  
2253  2254  2268  
2267  2253  2268  
2253  2267  2463  
2451  2255  2465  
2255  2451  2452  
2256  2255  2452  
2255  2256  2270  
2269  2255  2270  
2255  2269  2465  
2452  2256  2466  
2256  2452  2453  
2257  2256  2453  
2256  2257  2271  
2270  2256  2271  
2256  2270  2466  
2453  2257  2467  
2257  2453  2454  
2258  2257  2454  
2257  2258  2272  
2271  2257  2272  
2257  2271  2467  
2454  2258  2468  
2258  2454  2455  
2259  2258  2455  
2258  2259  2273  
2272  2258  2273  
2258  2272  2468  
2455  2259  2469  
2259  2455  2456  
2260  2259  2456  
2259  2260  2274  
2273  2259  2274  
2259  2273  2469  
2456  2260  2470  
2260  2456  2457  
2261  2260  2457  
2260  2261  2275  
2274  2260  2275  
2260  2274  2470  
2457  2261  2471  
2261  2457  2458  
2262  2261  2458  
2261  2262  2276  
2275  2261  2276  
2261  2275  2471  
2458  2262  2472  
2262  2458  2459  
2263  2262  2459  
2262  2263  2277  
2276  2262  2277  
2262  2276  2472  
2459  2263  2473  
2263  2459  2460  
2264  2263  2460  
2263  2264  2278  
2277  2263  2278  
2263  2277  2473  
2460  2264  2474  
2264  2460  2461  
2265  2264  2461  
2264  2265  2279  
2278  2264  2279  
2264  2278  2474  
2461  2265  2475  
2265  2461  2462  
2266  2265  2462  
2265  2266  2280  
2279  2265  2280  
2265  2279  2475  
2462  2266  2476  
2266  2462  2463  
2267  2266  2463  
2266  2267  2281  
2280  2266  2281  
2266  2280  2476  
2463  2267  2477  
2267  2463  2464  
2268  2267  2464  
2267  2268  2282  
2281  2267  2282  
2267  2281  2477  
2465  2269  2479  
2269  2465  2466  
2270  2269  2466  
2269  2270  2284  
2283  2269  2284  
2269  2283  2479  
2466  2270  2480  
2270  2466  2467  
2271  2270  2467  
2270  2271  2285  
2284  2270  2285  
2270  2284  2480  
2467  2271  2481  
2271  2467  2468  
2272  2271  2468  
2271  2272  2286  
2285  2271  2286  
2271  2285  2481  
2468  2272  2482  
2272  2468  2469  
2273  2272  2469  
2272  2273  2287  
2286  2272  2287  
2272  2286  2482  
2469  2273  2483  
2273  2469  2470  
2274  2273  2470  
2273  2274  2288  
2287  2273  2288  
2273  2287  2483  
2470  2274  2484  
2274  2470  2471  
2275  2274  2471  
2274  2275  2289  
2288  2274  2289  
2274  2288  2484  
2471  2275  2485  
2275  2471  2472  
2276  2275  2472  
2275  2276  2290  
2289  2275  2290  
2275  2289  2485  
2472  2276  2486  
2276  2472  2473  
2277  2276  2473  
2276  2277  2291  
2290  2276  2291  
2276  2290  2486  
2473  2277  2487  
2277  2473  2474  
2278  2277  2474  
2277  2278  2292  
2291  2277  2292  
2277  2291  2487  
2474  2278  2488  
2278  2474  2475  
2279  2278  2475  
2278  2279  2293  
2292  2278  2293  
2278  2292  2488  
2475  2279  2489  
2279  2475  2476  
2280  2279  2476  
2279  2280  2294  
2293  2279  2294  
2279  2293  2489  
2476  2280  2490  
2280  2476  2477  
2281  2280  2477  
2280  2281  2295  
2294  2280  2295  
2280  2294  2490  
2477  2281  2491  
2281  2477  2478  
2282  2281  2478  
2281  2282  2296  
2295  2281  2296  
2281  2295  2491  
2479  2283  2493  
2283  2479  2480  
2284  2283  2480  
2283  2284  2298  
2297  2283  2298  
2283  2297  2493  
2480  2284  2494  
2284  2480  2481  
2285  2284  2481  
2284  2285  2299  
2298  2284  2299  
2284  2298  2494  
2481  2285  2495  
2285  2481  2482  
2286  2285  2482  
2285  2286  2300  
2299  2285  2300  
2285  2299  2495  
2482  2286  2496  
2286  2482  2483  
2287  2286  2483  
2286  2287  2301  
2300  2286  2301  
2286  2300  2496  
2483  2287  2497  
2287  2483  2484  
2288  2287  2484  
2287  2288  2302  
2301  2287  2302  
2287  2301  2497  
2484  2288  2498  
2288  2484  2485  
2289  2288  2485  
2288  2289  2303  
2302  2288  2303  
2288  2302  2498  
2485  2289  2499  
2289  2485  2486  
2290  2289  2486  
2289  2290  2304  
2303  2289  2304  
2289  2303  2499  
2486  2290  2500  
2290  2486  2487  
2291  2290  2487  
2290  2291  2305  
2304  2290  2305  
2290  2304  2500  
2487  2291  2501  
2291  2487  2488  
2292  2291  2488  
2291  2292  2306  
2305  2291  2306  
2291  2305  2501  
2488  2292  2502  
2292  2488  2489  
2293  2292  2489  
2292  2293  2307  
2306  2292  2307  
2292  2306  2502  
2489  2293  2503  
2293  2489  2490  
2294  2293  2490  
2293  2294  2308  
2307  2293  2308  
2293  2307  2503  
2490  2294  2504  
2294  2490  2491  
2295  2294  2491  
2294  2295  2309  
2308  2294  2309  
2294  2308  2504  
2491  2295  2505  
2295  2491  2492  
2296  2295  2492  
2295  2296  2310  
2309  2295  2310  
2295  2309  2505  
2493  2297  2507  
2297  2493  2494  
2298  2297  2494  
2297  2298  2312  
2311  2297  2312  
2297  2311  2507  
2494  2298  2508  
2298  2494  2495  
2299  2298  2495  
2298  2299  2313  
2312  2298  2313  
2298  2312  2508  
2495  2299  2509  
2299  2495  2496  
2300  2299  2496  
2299  2300  2314  
2313  2299  2314  
2299  2313  2509  
2496  2300  2510  
2300  2496  2497  
2301  2300  2497  
2300  2301  2315  
2314  2300  2315  
2300  2314  2510  
2497  2301  2511  
2301  2497  2498  
2302  2301  2498  
2301  2302  2316  
2315  2301  2316  
2301  2315  2511  
2498  2302  2512  
2302  2498  2499  
2303  2302  2499  
2302  2303  2317  
2316  2302  2317  
2302  2316  2512  
2499  2303  2513  
2303  2499  2500  
2304  2303  2500  
2303  2304  2318  
2317  2303  2318  
2303  2317  2513  
2500  2304  2514  
2304  2500  2501  
2305  2304  2501  
2304  2305  2319  
2318  2304  2319  
2304  2318  2514  
2501  2305  2515  
2305  2501  2502  
2306  2305  2502  
2305  2306  2320  
2319  2305  2320  
2305  2319  2515  
2502  2306  2516  
2306  2502  2503  
2307  2306  2503  
2306  2307  2321  
2320  2306  2321  
2306  2320  2516  
2503  2307  2517  
2307  2503  2504  
2308  2307  2504  
2307  2308  2322  
2321  2307  2322  
2307  2321  2517  
2504  2308  2518  
2308  2504  2505  
2309  2308  2505  
2308  2309  2323  
2322  2308  2323  
2308  2322  2518  
2505  2309  2519  
2309  2505  2506  
2310  2309  2506  
2309  2310  2324  
2323  2309  2324  
2309  2323  2519  
2507  2311  2521  
2311  2507  2508  
2312  2311  2508  
2311  2312  2326  
2325  2311  2326  
2311  2325  2521  
2508  2312  2522  
2312  2508  2509  
2313  2312  2509  
2312  2313  2327  
2326  2312  2327  
2312  2326  2522  
2509  2313  2523  
2313  2509  2510  
2314  2313  2510  
2313  2314  2328  
2327  2313  2328  
2313  2327  2523  
2510  2314  2524  
2314  2510  2511  
2315  2314  2511  
2314  2315  2329  
2328  2314  2329  
2314  2328  2524  
2511  2315  2525  
2315  2511  2512  
2316  2315  2512  
2315  2316  2330  
2329  2315  2330  
2315  2329  2525  
2512  2316  2526  
2316  2512  2513  
2317  2316  2513  
2316  2317  2331  
2330  2316  2331  
2316  2330  2526  
2513  2317  2527  
2317  2513  2514  
2318  2317  2514  
2317  2318  2332  
2331  2317  2332  
2317  2331  2527  
2514  2318  2528  
2318  2514  2515  
2319  2318  2515  
2318  2319  2333  
2332  2318  2333  
2318  2332  2528  
2515  2319  2529  
2319  2515  2516  
2320  2319  2516  
2319  2320  2334  
2333  2319  2334  
2319  2333  2529  
2516  2320  2530  
2320  2516  2517  
2321  2320  2517  
2320  2321  2335  
2334  2320  2335  
2320  2334  2530  
2517  2321  2531  
2321  2517  2518  
2322  2321  2518  
2321  2322  2336  
2335  2321  2336  
2321  2335  2531  
2518  2322  2532  
2322  2518  2519  
2323  2322  2519  
2322  2323  2337  
2336  2322  2337  
2322  2336  2532  
2519  2323  2533  
2323  2519  2520  
2324  2323  2520  
2323  2324  2338  
2337  2323  2338  
2323  2337  2533  
2521  2325  2535  
2325  2521  2522  
2326  2325  2522  
2325  2326  2340  
2339  2325  2340  
2325  2339  2535  
2522  2326  2536  
2326  2522  2523  
2327  2326  2523  
2326  2327  2341  
2340  2326  2341  
2326  2340  2536  
2523  2327  2537  
2327  2523  2524  
2328  2327  2524  
2327  2328  2342  
2341  2327  2342  
2327  2341  2537  
2524  2328  2538  
2328  2524  2525  
2329  2328  2525  
2328  2329  2343  
2342  2328  2343  
2328  2342  2538  
2525  2329  2539  
2329  2525  2526  
2330  2329  2526  
2329  2330  2344  
2343  2329  2344  
2329  2343  2539  
2526  2330  2540  
2330  2526  2527  
2331  2330  2527  
2330  2331  2345  
2344  2330  2345  
2330  2344  2540  
2527  2331  2541  
2331  2527  2528  
2332  2331  2528  
2331  2332  2346  
2345  2331  2346  
2331  2345  2541  
2528  2332  2542  
2332  2528  2529  
2333  2332  2529  
2332  2333  2347  
2346  2332  2347  
2332  2346  2542  
2529  2333  2543  
2333  2529  2530  
2334  2333  2530  
2333  2334  2348  
2347  2333  2348  
2333  2347  2543  
2530  2334  2544  
2334  2530  2531  
2335  2334  2531  
2334  2335  2349  
2348  2334  2349  
2334  2348  2544  
2531  2335  2545  
2335  2531  2532  
2336  2335  2532  
2335  2336  2350  
2349  2335  2350  
2335  2349  2545  
2532  2336  2546  
2336  2532  2533  
2337  2336  2533  
2336  2337  2351  
2350  2336  2351  
2336  2350  2546  
2533  2337  2547  
2337  2533  2534  
2338  2337  2534  
2337  2338  2352  
2351  2337  2352  
2337  2351  2547  
2549  2353  2563  
2353  2549  2550  
2354  2353  2550  
2353  2354  2368  
2367  2353  2368  
2353  2367  2563  
2550  2354  2564  
2354  2550  2551  
2355  2354  2551  
2354  2355  2369  
2368  2354  2369  
2354  2368  2564  
2551  2355  2565  
2355  2551  2552  
2356  2355  2552  
2355  2356  2370  
2369  2355  2370  
2355  2369  2565  
2552  2356  2566  
2356  2552  2553  
2357  2356  2553  
2356  2357  2371  
2370  2356  2371  
2356  2370  2566  
2553  2357  2567  
2357  2553  2554  
2358  2357  2554  
2357  2358  2372  
2371  2357  2372  
2357  2371  2567  
2554  2358  2568  
2358  2554  2555  
2359  2358  2555  
2358  2359  2373  
2372  2358  2373  
2358  2372  2568  
2555  2359  2569  
2359  2555  2556  
2360  2359  2556  
2359  2360  2374  
2373  2359  2374  
2359  2373  2569  
2556  2360  2570  
2360  2556  2557  
2361  2360  2557  
2360  2361  2375  
2374  2360  2375  
2360  2374  2570  
2557  2361  2571  
2361  2557  2558  
2362  2361  2558  
2361  2362  2376  
2375  2361  2376  
2361  2375  2571  
2558  2362  2572  
2362  2558  2559  
2363  2362  2559  
2362  2363  2377  
2376  2362  2377  
2362  2376  2572  
2559  2363  2573  
2363  2559  2560  
2364  2363  2560  
2363  2364  2378  
2377  2363  2378  
2363  2377  2573  
2560  2364  2574  
2364  2560  2561  
2365  2364  2561  
2364  2365  2379  
2378  2364  2379  
2364  2378  2574  
2561  2365  2575  
2365  2561  2562  
2366  2365  2562  
2365  2366  2380  
2379  2365  2380  
2365  2379  2575  
2563  2367  2577  
2367  2563  2564  
2368  2367  2564  
2367  2368  2382  
2381  2367  2382  
2367  2381  2577  
2564  2368  2578  
2368  2564  2565  
2369  2368  2565  
2368  2369  2383  
2382  2368  2383  
2368  2382  2578  
2565  2369  2579  
2369  2565  2566  
2370  2369  2566  
2369  2370  2384  
2383  2369  2384  
2369  2383  2579  
2566  2370  2580  
2370  2566  2567  
2371  2370  2567  
2370  2371  2385  
2384  2370  2385  
2370  2384  2580  
2567  2371  2581  
2371  2567  2568  
2372  2371  2568  
2371  2372  2386  
2385  2371  2386  
2371  2385  2581  
2568  2372  2582  
2372  2568  2569  
2373  2372  2569  
2372  2373  2387  
2386  2372  2387  
2372  2386  2582  
2569  2373  2583  
2373  2569  2570  
2374  2373  2570  
2373  2374  2388  
2387  2373  2388  
2373  2387  2583  
2570  2374  2584  
2374  2570  2571  
2375  2374  2571  
2374  2375  2389  
2388  2374  2389  
2374  2388  2584  
2571  2375  2585  
2375  2571  2572  
2376  2375  2572  
2375  2376  2390  
2389  2375  2390  
2375  2389  2585  
2572  2376  2586  
2376  2572  2573  
2377  2376  2573  
2376  2377  2391  
2390  2376  2391  
2376  2390  2586  
2573  2377  2587  
2377  2573  2574  
2378  2377  2574  
2377  2378  2392  
2391  2377  2392  
2377  2391  2587  
2574  2378  2588  
2378  2574  2575  
2379  2378  2575  
2378  2379  2393  
2392  2378  2393  
2378  2392  2588  
2575  2379  2589  
2379  2575  2576  
2380  2379  2576  
2379  2380  2394  
2393  2379  2394  
2379  2393  2589  
2577  2381  2591  
2381  2577  2578  
2382  2381  2578  
2381  2382  2396  
2395  2381  2396  
2381  2395  2591  
2578  2382  2592  
2382  2578  2579  
2383  2382  2579  
2382  2383  2397  
2396  2382  2397  
2382  2396  2592  
2579  2383  2593  
2383  2579  2580  
2384  2383  2580  
2383  2384  2398  
2397  2383  2398  
2383  2397  2593  
2580  2384  2594  
2384  2580  2581  
2385  2384  2581  
2384  2385  2399  
2398  2384  2399  
2384  2398  2594  
2581  2385  2595  
2385  2581  2582  
2386  2385  2582  
2385  2386  2400  
2399  2385  2400  
2385  2399  2595  
2582  2386  2596  
2386  2582  2583  
2387  2386  2583  
2386  2387  2401  
2400  2386  2401  
2386  2400  2596  
2583  2387  2597  
2387  2583  2584  
2388  2387  2584  
2387  2388  2402  
2401  2387  2402  
2387  2401  2597  
2584  2388  2598  
2388  2584  2585  
2389  2388  2585  
2388  2389  2403  
2402  2388  2403  
2388  2402  2598  
2585  2389  2599  
2389  2585  2586  
2390  2389  2586  
2389  2390  2404  
2403  2389  2404  
2389  2403  2599  
2586  2390  2600  
2390  2586  2587  
2391  2390  2587  
2390  2391  2405  
2404  2390  2405  
2390  2404  2600  
2587  2391  2601  
2391  2587  2588  
2392  2391  2588  
2391  2392  2406  
2405  2391  2406  
2391  2405  2601  
2588  2392  2602  
2392  2588  2589  
2393  2392  2589  
2392  2393  2407  
2406  2392  2407  
2392  2406  2602  
2589  2393  2603  
2393  2589  2590  
2394  2393  2590  
2393  2394  2408  
2407  2393  2408  
2393  2407  2603  
2591  2395  2605  
2395  2591  2592  
2396  2395  2592  
2395  2396  2410  
2409  2395  2410  
2395  2409  2605  
2592  2396  2606  
2396  2592  2593  
2397  2396  2593  
2396  2397  2411  
2410  2396  2411  
2396  2410  2606  
2593  2397  2607  
2397  2593  2594  
2398  2397  2594  
2397  2398  2412  
2411  2397  2412  
2397  2411  2607  
2594  2398  2608  
2398  2594  2595  
2399  2398  2595  
2398  2399  2413  
2412  2398  2413  
2398  2412  2608  
2595  2399  2609  
2399  2595  2596  
2400  2399  2596  
2399  2400  2414  
2413  2399  2414  
2399  2413  2609  
2596  2400  2610  
2400  2596  2597  
2401  2400  2597  
2400  2401  2415  
2414  2400  2415  
2400  2414  2610  
2597  2401  2611  
2401  2597  2598  
2402  2401  2598  
2401  2402  2416  
2415  2401  2416  
2401  2415  2611  
2598  2402  2612  
2402  2598  2599  
2403  2402  2599  
2402  2403  2417  
2416  2402  2417  
2402  2416  2612  
2599  2403  2613  
2403  2599  2600  
2404  2403  2600  
2403  2404  2418  
2417  2403  2418  
2403  2417  2613  
2600  2404  2614  
2404  2600  2601  
2405  2404  2601  
2404  2405  2419  
2418  2404  2419  
2404  2418  2614  
2601  2405  2615  
2405  2601  2602  
2406  2405  2602  
2405  2406  2420  
2419  2405  2420  
2405  2419  2615  
2602  2406  2616  
2406  2602  2603  
2407  2406  2603  
2406  2407  2421  
2420  2406  2421  
2406  2420  2616  
2603  2407  2617  
2407  2603  2604  
2408  2407  2604  
2407  2408  2422  
2421  2407  2422  
2407  2421  2617  
2605  2409  2619  
2409  2605  2606  
2410  2409  2606  
2409  2410  2424  
2423  2409  2424  
2409  2423  2619  
2606  2410  2620  
2410  2606  2607  
2411  2410  2607  
2410  2411  2425  
2424  2410  2425  
2410  2424  2620  
2607  2411  2621  
2411  2607  2608  
2412  2411  2608  
2411  2412  2426  
2425  2411  2426  
2411  2425  2621  
2608  2412  2622  
2412  2608  2609  
2413  2412  2609  
2412  2413  2427  
2426  2412  2427  
2412  2426  2622  
2609  2413  2623  
2413  2609  2610  
2414  2413  2610  
2413  2414  2428  
2427  2413  2428  
2413  2427  2623  
2610  2414  2624  
2414  2610  2611  
2415  2414  2611  
2414  2415  2429  
2428  2414  2429  
2414  2428  2624  
2611  2415  2625  
2415  2611  2612  
2416  2415  2612  
2415  2416  2430  
2429  2415  2430  
2415  2429  2625  
2612  2416  2626  
2416  2612  2613  
2417  2416  2613  
2416  2417  2431  
2430  2416  2431  
2416  2430  2626  
2613  2417  2627  
2417  2613  2614  
2418  2417  2614  
2417  2418  2432  
2431  2417  2432  
2417  2431  2627  
2614  2418  2628  
2418  2614  2615  
2419  2418  2615  
2418  2419  2433  
2432  2418  2433  
2418  2432  2628  
2615  2419  2629  
2419  2615  2616  
2420  2419  2616  
2419  2420  2434  
2433  2419  2434  
2419  2433  2629  
2616  2420  2630  
2420  2616  2617  
2421  2420  2617  
2420  2421  2435  
2434  2420  2435  
2420  2434  2630  
2617  2421  2631  
2421  2617  2618  
2422  2421  2618  
2421  2422  2436  
2435  2421  2436  
2421  2435  2631  
2619  2423  2633  
2423  2619  2620  
2424  2423  2620  
2423  2424  2438  
2437  2423  2438  
2423  2437  2633  
2620  2424  2634  
2424  2620  2621  
2425  2424  2621  
2424  2425  2439  
2438  2424  2439  
2424  2438  2634  
2621  2425  2635  
2425  2621  2622  
2426  2425  2622  
2425  2426  2440  
2439  2425  2440  
2425  2439  2635  
2622  2426  2636  
2426  2622  2623  
2427  2426  2623  
2426  2427  2441  
2440  2426  2441  
2426  2440  2636  
2623  2427  2637  
2427  2623  2624  
2428  2427  2624  
2427  2428  2442  
2441  2427  2442  
2427  2441  2637  
2624  2428  2638  
2428  2624  2625  
2429  2428  2625  
2428  2429  2443  
2442  2428  2443  
2428  2442  2638  
2625  2429  2639  
2429  2625  2626  
2430  2429  2626  
2429  2430  2444  
2443  2429  2444  
2429  2443  2639  
2626  2430  2640  
2430  2626  2627  
2431  2430  2627  
2430  2431  2445  
2444  2430  2445  
2430  2444  2640  
2627  2431  2641  
2431  2627  2628  
2432  2431  2628  
2431  2432  2446  
2445  2431  2446  
2431  2445  2641  
2628  2432  2642  
2432  2628  2629  
2433  2432  2629  
2432  2433  2447  
2446  2432  2447  
2432  2446  2642  
2629  2433  2643  
2433  2629  2630  
2434  2433  2630  
2433  2434  2448  
2447  2433  2448  
2433  2447  2643  
2630  2434  2644  
2434  2630  2631  
2435  2434  2631  
2434  2435  2449  
2448  2434  2449  
2434  2448  2644  
2631  2435  2645  
2435  2631  2632  
2436  2435  2632  
2435  2436  2450  
2449  2435  2450  
2435  2449  2645  
2633  2437  2647  
2437  2633  2634  
2438  2437  2634  
2437  2438  2452  
2451  2437  2452  
2437  2451  2647  
2634  2438  2648  
2438  2634  2635  
2439  2438  2635  
2438  2439  2453  
2452  2438  2453  
2438  2452  2648  
2635  2439  2649  
2439  2635  2636  
2440  2439  2636  
2439  2440  2454  
2453  2439  2454  
2439  2453  2649  
2636  2440  2650  
2440  2636  2637  
2441  2440  2637  
2440  2441  2455  
2454  2440  2455  
2440  2454  2650  
2637  2441  2651  
2441  2637  2638  
2442  2441  2638  
2441  2442  2456  
2455  2441  2456  
2441  2455  2651  
2638  2442  2652  
2442  2638  2639  
2443  2442  2639  
2442  2443  2457  
2456  2442  2457  
2442  2456  2652  
2639  2443  2653  
2443  2639  2640  
2444  2443  2640  
2443  2444  2458  
2457  2443  2458  
2443  2457  2653  
2640  2444  2654  
2444  2640  2641  
2445  2444  2641  
2444  2445  2459  
2458  2444  2459  
2444  2458  2654  
2641  2445  2655  
2445  2641  2642  
2446  2445  2642  
2445  2446  2460  
2459  2445  2460  
2445  2459  2655  
2642  2446  2656  
2446  2642  2643  
2447  2446  2643  
2446  2447  2461  
2460  2446  2461  
2446  2460  2656  
2643  2447  2657  
2447  2643  2644  
2448  2447  2644  
2447  2448  2462  
2461  2447  2462  
2447  2461  2657  
2644  2448  2658  
2448  2644  2645  
2449  2448  2645  
2448  2449  2463  
2462  2448  2463  
2448  2462  2658  
2645  2449  2659  
2449  2645  2646  
2450  2449  2646  
2449  2450  2464  
2463  2449  2464  
2449  2463  2659  
2647  2451  2661  
2451  2647  2648  
2452  2451  2648  
2451  2452  2466  
2465  2451  2466  
2451  2465  2661  
2648  2452  2662  
2452  2648  2649  
2453  2452  2649  
2452  2453  2467  
2466  2452  2467  
2452  2466  2662  
2649  2453  2663  
2453  2649  2650  
2454  2453  2650  
2453  2454  2468  
2467  2453  2468  
2453  2467  2663  
2650  2454  2664  
2454  2650  2651  
2455  2454  2651  
2454  2455  2469  
2468  2454  2469  
2454  2468  2664  
2651  2455  2665  
2455  2651  2652  
2456  2455  2652  
2455  2456  2470  
2469  2455  2470  
2455  2469  2665  
2652  2456  2666  
2456  2652  2653  
2457  2456  2653  
2456  2457  2471  
2470  2456  2471  
2456  2470  2666  
2653  2457  2667  
2457  2653  2654  
2458  2457  2654  
2457  2458  2472  
2471  2457  2472  
2457  2471  2667  
2654  2458  2668  
2458  2654  2655  
2459  2458  2655  
2458  2459  2473  
2472  2458  2473  
2458  2472  2668  
2655  2459  2669  
2459  2655  2656  
2460  2459  2656  
2459  2460  2474  
2473  2459  2474  
2459  2473  2669  
2656  2460  2670  
2460  2656  2657  
2461  2460  2657  
2460  2461  2475  
2474  2460  2475  
2460  2474  2670  
2657  2461  2671  
2461  2657  2658  
2462  2461  2658  
2461  2462  2476  
2475  2461  2476  
2461  2475  2671  
2658  2462  2672  
2462  2658  2659  
2463  2462  2659  
2462  2463  2477  
2476  2462  2477  
2462  2476  2672  
2659  2463  2673  
2463  2659  2660  
2464  2463  2660  
2463  2464  2478  
2477  2463  2478  
2463  2477  2673  
2661  2465  2675  
2465  2661  2662  
2466  2465  2662  
2465  2466  2480  
2479  2465  2480  
2465  2479  2675  
2662  2466  2676  
2466  2662  2663  
2467  2466  2663  
2466  2467  2481  
2480  2466  2481  
2466  2480  2676  
2663  2467  2677  
2467  2663  2664  
2468  2467  2664  
2467  2468  2482  
2481  2467  2482  
2467  2481  2677  
2664  2468  2678  
2468  2664  2665  
2469  2468  2665  
2468  2469  2483  
2482  2468  2483  
2468  2482  2678  
2665  2469  2679  
2469  2665  2666  
2470  2469  2666  
2469  2470  2484  
2483  2469  2484  
2469  2483  2679  
2666  2470  2680  
2470  2666  2667  
2471  2470  2667  
2470  2471  2485  
2484  2470  2485  
2470  2484  2680  
2667  2471  2681  
2471  2667  2668  
2472  2471  2668  
2471  2472  2486  
2485  2471  2486  
2471  2485  2681  
2668  2472  2682  
2472  2668  2669  
2473  2472  2669  
2472  2473  2487  
2486  2472  2487  
2472  2486  2682  
2669  2473  2683  
2473  2669  2670  
2474  2473  2670  
2473  2474  2488  
2487  2473  2488  
2473  2487  2683  
2670  2474  2684  
2474  2670  2671  
2475  2474  2671  
2474  2475  2489  
2488  2474  2489  
2474  2488  2684  
2671  2475  2685  
2475  2671  2672  
2476  2475  2672  
2475  2476  2490  
2489  2475  2490  
2475  2489  2685  
2672  2476  2686  
2476  2672  2673  
2477  2476  2673  
2476  2477  2491  
2490  2476  2491  
2476  2490  2686  
2673  2477  2687  
2477  2673  2674  
2478  2477  2674  
2477  2478  2492  
2491  2477  2492  
2477  2491  2687  
2675  2479  2689  
2479  2675  2676  
2480  2479  2676  
2479  2480  2494  
2493  2479  2494  
2479  2493  2689  
2676  2480  2690  
2480  2676  2677  
2481  2480  2677  
2480  2481  2495  
2494  2480  2495  
2480  2494  2690  
2677  2481  2691  
2481  2677  2678  
2482  2481  2678  
2481  2482  2496  
2495  2481  2496  
2481  2495  2691  
2678  2482  2692  
2482  2678  2679  
2483  2482  2679  
2482  2483  2497  
2496  2482  2497  
2482  2496  2692  
2679  2483  2693  
2483  2679  2680  
2484  2483  2680  
2483  2484  2498  
2497  2483  2498  
2483  2497  2693  
2680  2484  2694  
2484  2680  2681  
2485  2484  2681  
2484  2485  2499  
2498  2484  2499  
2484  2498  2694  
2681  2485  2695  
2485  2681  2682  
2486  2485  2682  
2485  2486  2500  
2499  2485  2500  
2485  2499  2695  
2682  2486  2696  
2486  2682  2683  
2487  2486  2683  
2486  2487  2501  
2500  2486  2501  
2486  2500  2696  
2683  2487  2697  
2487  2683  2684  
2488  2487  2684  
2487  2488  2502  
2501  2487  2502  
2487  2501  2697  
2684  2488  2698  
2488  2684  2685  
2489  2488  2685  
2488  2489  2503  
2502  2488  2503  
2488  2502  2698  
2685  2489  2699  
2489  2685  2686  
2490  2489  2686  
2489  2490  2504  
2503  2489  2504  
2489  2503  2699  
2686  2490  2700  
2490  2686  2687  
2491  2490  2687  
2490  2491  2505  
2504  2490  2505  
2490  2504  2700  
2687  2491  2701  
2491  2687  2688  
2492  2491  2688  
2491  2492  2506  
2505  2491  2506  
2491  2505  2701  
2689  2493  2703  
2493  2689  2690  
2494  2493  2690  
2493  2494  2508  
2507  2493  2508  
2493  2507  2703  
2690  2494  2704  
2494  2690  2691  
2495  2494  2691  
2494  2495  2509  
2508  2494  2509  
2494  2508  2704  
2691  2495  2705  
2495  2691  2692  
2496  2495  2692  
2495  2496  2510  
2509  2495  2510  
2495  2509  2705  
2692  2496  2706  
2496  2692  2693  
2497  2496  2693  
2496  2497  2511  
2510  2496  2511  
2496  2510  2706  
2693  2497  2707  
2497  2693  2694  
2498  2497  2694  
2497  2498  2512  
2511  2497  2512  
2497  2511  2707  
2694  2498  2708  
2498  2694  2695  
2499  2498  2695  
2498  2499  2513  
2512  2498  2513  
2498  2512  2708  
2695  2499  2709  
2499  2695  2696  
2500  2499  2696  
2499  2500  2514  
2513  2499  2514  
2499  2513  2709  
2696  2500  2710  
2500  2696  2697  
2501  2500  2697  
2500  2501  2515  
2514  2500  2515  
2500  2514  2710  
2697  2501  2711  
2501  2697  2698  
2502  2501  2698  
2501  2502  2516  
2515  2501  2516  
2501  2515  2711  
2698  2502  2712  
2502  2698  2699  
2503  2502  2699  
2502  2503  2517  
2516  2502  2517  
2502  2516  2712  
2699  2503  2713  
2503  2699  2700  
2504  2503  2700  
2503  2504  2518  
2517  2503  2518  
2503  2517  2713  
2700  2504  2714  
2504  2700  2701  
2505  2504  2701  
2504  2505  2519  
2518  2504  2519  
2504  2518  2714  
2701  2505  2715  
2505  2701  2702  
2506  2505  2702  
2505  2506  2520  
2519  2505  2520  
2505  2519  2715  
2703  2507  2717  
2507  2703  2704  
2508  2507  2704  
2507  2508  2522  
2521  2507  2522  
2507  2521  2717  
2704  2508  2718  
2508  2704  2705  
2509  2508  2705  
2508  2509  2523  
2522  2508  2523  
2508  2522  2718  
2705  2509  2719  
2509  2705  2706  
2510  2509  2706  
2509  2510  2524  
2523  2509  2524  
2509  2523  2719  
2706  2510  2720  
2510  2706  2707  
2511  2510  2707  
2510  2511  2525  
2524  2510  2525  
2510  2524  2720  
2707  2511  2721  
2511  2707  2708  
2512  2511  2708  
2511  2512  2526  
2525  2511  2526  
2511  2525  2721  
2708  2512  2722  
2512  2708  2709  
2513  2512  2709  
2512  2513  2527  
2526  2512  2527  
2512  2526  2722  
2709  2513  2723  
2513  2709  2710  
2514  2513  2710  
2513  2514  2528  
2527  2513  2528  
2513  2527  2723  
2710  2514  2724  
2514  2710  2711  
2515  2514  2711  
2514  2515  2529  
2528  2514  2529  
2514  2528  2724  
2711  2515  2725  
2515  2711  2712  
2516  2515  2712  
2515  2516  2530  
2529  2515  2530  
2515  2529  2725  
2712  2516  2726  
2516  2712  2713  
2517  2516  2713  
2516  2517  2531  
2530  2516  2531  
2516  2530  2726  
2713  2517  2727  
2517  2713  2714  
2518  2517  2714  
2517  2518  2532  
2531  2517  2532  
2517  2531  2727  
2714  2518  2728  
2518  2714  2715  
2519  2518  2715  
2518  2519  2533  
2532  2518  2533  
2518  2532  2728  
2715  2519  2729  
2519  2715  2716  
2520  2519  2716  
2519  2520  2534  
2533  2519  2534  
2519  2533  2729  
2717  2521  2731  
2521  2717  2718  
2522  2521  2718  
2521  2522  2536  
2535  2521  2536  
2521  2535  2731  
2718  2522  2732  
2522  2718  2719  
2523  2522  2719  
2522  2523  2537  
2536  2522  2537  
2522  2536  2732  
2719  2523  2733  
2523  2719  2720  
2524  2523  2720  
2523  2524  2538  
2537  2523  2538  
2523  2537  2733  
2720  2524  2734  
2524  2720  2721  
2525  2524  2721  
2524  2525  2539  
2538  2524  2539  
2524  2538  2734  
2721  2525  2735  
2525  2721  2722  
2526  2525  2722  
2525  2526  2540  
2539  2525  2540  
2525  2539  2735  
2722  2526  2736  
2526  2722  2723  
2527  2526  2723  
2526  2527  2541  
2540  2526  2541  
2526  2540  2736  
2723  2527  2737  
2527  2723  2724  
2528  2527  2724  
2527  2528  2542  
2541  2527  2542  
2527  2541  2737  
2724  2528  2738  
2528  2724  2725  
2529  2528  2725  
2528  2529  2543  
2542  2528  2543  
2528  2542  2738  
2725  2529  2739  
2529  2725  2726  
2530  2529  2726  
2529  2530  2544  
2543  2529  2544  
2529  2543  2739  
2726  2530  2740  
2530  2726  2727  
2531  2530  2727  
2530  2531  2545  
2544  2530  2545  
2530  2544  2740  
2727  2531  2741  
2531  2727  2728  
2532  2531  2728  
2531  2532  2546  
2545  2531  2546  
2531  2545  2741  
2728  2532  2742  
2532  2728  2729  
2533  2532  2729  
2532  2533  2547  
2546  2532  2547  
2532  2546  2742  
2729  2533  2743  
2533  2729  2730  
2534  2533  2730  
2533  2534  2548  
2547  2533  2548  
2533  2547  2743  
